split,view,image,nonblack_coverage,sharpness,contrast,brightness,quality_proxy
train,full,5_449_2020-08-30_2_R.png,0.7450408935546875,0.015504417940974236,0.08698252588510513,0.12727898359298706,0.42559364209882916
train,full,5_449_2020-08-30_1_L.png,0.72796630859375,0.012801151722669601,0.08772043883800507,0.1324196457862854,0.41156172204593366
train,full,5_628_2018-11-27_2_R.png,0.6598014831542969,0.02364545315504074,0.11735282838344574,0.1366041898727417,0.5197033555162224
train,full,5_628_2018-11-27_1_R.png,0.6591911315917969,0.019918760284781456,0.11833950877189636,0.1371888518333435,0.5003104269208216
train,full,1_126_2020-09-12_1_L.png,0.785736083984375,0.012921029701828957,0.08427631855010986,0.1450987011194229,0.4067567534025081
train,full,1_126_2020-09-12_2_R.png,0.7855186462402344,0.01414883229881525,0.0940011739730835,0.15156856179237366,0.42913450391074137
train,full,5_48_2019-08-30_1_R.png,0.6506385803222656,0.023159164935350418,0.13788671791553497,0.15257960557937622,0.5496355358087881
train,full,5_48_2019-09-10_1_R.png,0.6456527709960938,0.02846674621105194,0.14425554871559143,0.1616782248020172,0.5896229113028808
train,full,1_13_2019-05-21_1_L.png,0.6539955139160156,0.016108687967061996,0.10381440818309784,0.1359119713306427,0.45577065556056123
train,full,1_13_2019-05-21_2_R.png,0.6529121398925781,0.016711490228772163,0.1075231283903122,0.1358909159898758,0.46506165497597646
train,full,5_232_2019-10-09_2_L.png,0.6581001281738281,0.019307376816868782,0.11105338484048843,0.13202710449695587,0.4852798341138458
train,full,5_232_2019-10-09_1_L.png,0.6493721008300781,0.019440017640590668,0.11400745809078217,0.13038545846939087,0.490725600736385
train,full,2_113_2019-05-13_1_L.png,0.6545829772949219,0.01509308535605669,0.11037282645702362,0.13710586726665497,0.46049173812762917
train,full,2_113_2019-05-13_2_R.png,0.6595802307128906,0.015085960738360882,0.1108221635222435,0.13544827699661255,0.461166516575031
train,full,4_33_2021-04-21_2_R.png,0.9464874267578125,0.03257392719388008,0.11467724293470383,0.19276994466781616,0.5656694087707861
train,full,4_33_2020-09-02_2_L.png,0.7858543395996094,0.013141073286533356,0.07992568612098694,0.14122340083122253,0.4010730378837748
train,full,1_138_2019-12-10_2_R.png,0.6524734497070312,0.017697809264063835,0.11309199780225754,0.13910621404647827,0.4794692645230415
train,full,1_138_2019-12-10_1_L.png,0.6539421081542969,0.016970982775092125,0.11572439968585968,0.1419050693511963,0.4795687776101245
train,full,1_145_2020-11-07_1_L.png,0.7856941223144531,0.012023316696286201,0.07811437547206879,0.13622920215129852,0.39190402648581024
train,full,1_145_2020-11-07_2_R.png,0.9574203491210938,0.018246356397867203,0.06309932470321655,0.16602584719657898,0.4030210440385748
train,full,5_61_2020-09-12_1_L.png,0.7858047485351562,0.021615229547023773,0.09801874309778214,0.14526942372322083,0.47752457567575307
train,full,5_61_2020-09-12_2_R.png,0.7706260681152344,0.01536478940397501,0.08458977192640305,0.13426044583320618,0.4210015775530006
train,full,1_62_2021-01-08_2_R.png,0.7855033874511719,0.015139342285692692,0.09391778707504272,0.14841803908348083,0.4345734616127712
train,full,1_62_2021-01-08_1_L.png,0.9594573974609375,0.026845058426260948,0.08796261250972748,0.175120010972023,0.49094397354955704
train,full,1_176_2019-05-13_1_L.png,0.6403274536132812,0.02117408998310566,0.12262910604476929,0.14553239941596985,0.5141960157716476
train,full,1_176_2019-05-13_2_R.png,0.6357231140136719,0.020976029336452484,0.13223834335803986,0.14745935797691345,0.5283693476326086
train,full,5_73_2022-01-03_2_L.png,0.714569091796875,0.021604664623737335,0.10839587450027466,0.1452758014202118,0.49397422066805036
train,full,5_73_2022-01-03_1_R.png,0.9509239196777344,0.0203709676861763,0.0749436616897583,0.1674744188785553,0.43381524592299353
train,full,5_17_2019-01-25_1_R.png,0.656005859375,0.02444121427834034,0.12138067185878754,0.14509454369544983,0.5305874446364627
train,full,5_17_2019-01-25_2_R.png,0.6604881286621094,0.02742430381476879,0.1533890962600708,0.17250466346740723,0.5982898166445507
train,full,5_440_2022-06-30_1_L.png,0.9663047790527344,0.025844397023320198,0.06771768629550934,0.16704612970352173,0.45310741599903187
train,full,5_440_2022-06-30_2_R.png,0.7615013122558594,0.028185583651065826,0.10633837431669235,0.13538412749767303,0.527718594450165
train,full,3_41_2021-04-21_1_L.png,0.9562149047851562,0.016403943300247192,0.06212056800723076,0.1632777452468872,0.3911003574390303
train,full,3_41_2020-09-02_1_R.png,0.753570556640625,0.01842479780316353,0.09254392236471176,0.13160330057144165,0.45086845504119993
train,full,4_91_2020-04-11_2_R.png,0.54986572265625,0.01583710126578808,0.1184888705611229,0.12176140397787094,0.4775398878422989
train,full,4_91_2020-04-11_1_L.png,0.6597175598144531,0.017388248816132545,0.10725874453783035,0.13798797130584717,0.4684478113554757
train,full,1_93_2019-10-30_1_L.png,0.6587677001953125,0.017374388873577118,0.11173354834318161,0.13685119152069092,0.4754888552325693
train,full,1_93_2019-10-30_2_R.png,0.6571273803710938,0.021929636597633362,0.11741067469120026,0.1435767114162445,0.5101439155976881
train,full,2_160_2022-05-18_2_R.png,0.7851982116699219,0.014094949699938297,0.083220474421978,0.14492666721343994,0.4116803013698452
train,full,2_160_2021-09-10_1_R.png,0.9651069641113281,0.02021460421383381,0.07111688703298569,0.16537895798683167,0.42684765080074694
train,full,2_171_2021-03-10_1_R.png,0.9582061767578125,0.016198087483644485,0.0582420639693737,0.16507673263549805,0.3837720711376857
train,full,2_171_2021-03-10_2_L.png,0.9667549133300781,0.017822980880737305,0.060157712548971176,0.16529694199562073,0.3959597192366015
train,full,5_715_2021-08-06_2_R.png,0.7842826843261719,0.014811079017817974,0.10306062549352646,0.14392681419849396,0.44727240548765457
train,full,5_715_2021-08-06_1_R.png,0.7853279113769531,0.017901912331581116,0.10354016721248627,0.14334022998809814,0.46542125015773556
train,full,5_545_2022-04-26_1_R.png,0.6355781555175781,0.017823942005634308,0.11457394808530807,0.12491894513368607,0.4825364093719558
train,full,5_545_2022-04-26_2_R.png,0.6509475708007812,0.016637207940220833,0.10911070555448532,0.12217308580875397,0.4671695080458779
train,full,1_63_2019-07-12_1_R.png,0.6580848693847656,0.017750093713402748,0.11015627533197403,0.13922208547592163,0.4750928969842128
train,full,1_63_2019-07-12_2_L.png,0.6599349975585938,0.01964244805276394,0.11888798326253891,0.14187730848789215,0.49962874366901816
train,full,5_427_2020-05-29_2_R.png,0.7854881286621094,0.020229358226060867,0.09826990962028503,0.15145304799079895,0.47012863259931853
train,full,5_427_2020-05-29_1_L.png,0.7856178283691406,0.01566794142127037,0.09630999714136124,0.15767528116703033,0.441352620492266
train,full,5_418_2020-10-19_2_R.png,0.7563591003417969,0.016996370628476143,0.0906197652220726,0.12889094650745392,0.4397723930930211
train,full,5_418_2020-10-19_1_L.png,0.7590522766113281,0.026351897045969963,0.1034783199429512,0.13723640143871307,0.5128540207928216
train,full,1_121_2022-06-07_2_R.png,0.9667892456054688,0.022607555612921715,0.0708574652671814,0.17332422733306885,0.4398952859750187
train,full,1_121_2022-06-07_1_L.png,0.7586555480957031,0.013532871380448341,0.08775164186954498,0.1398262083530426,0.41572728630747985
train,full,1_101_2019-10-30_1_L.png,0.6554527282714844,0.020488711073994637,0.11698098480701447,0.14336448907852173,0.5013551119841975
train,full,1_101_2019-10-30_2_R.png,0.660430908203125,0.028284605592489243,0.12478435784578323,0.14155784249305725,0.5576214757578617
train,full,1_152_2020-10-21_1_L.png,0.7847862243652344,0.013475269079208374,0.08360271900892258,0.14024235308170319,0.4088027142665603
train,full,1_152_2020-10-21_2_R.png,0.7856521606445312,0.015558774583041668,0.08863001316785812,0.14545069634914398,0.4285204007057473
train,full,1_157_2020-07-15_1_L.png,0.7855758666992188,0.013936743140220642,0.08719102293252945,0.14804530143737793,0.41710717119276525
train,full,1_157_2020-07-15_2_R.png,0.7301979064941406,0.012777687981724739,0.08822458982467651,0.1259101927280426,0.4122317968910052
train,full,5_658_2022-05-16_2_R.png,0.7847366333007812,0.02393152564764023,0.11609918624162674,0.16453993320465088,0.5193180826069279
train,full,5_658_2022-05-16_1_L.png,0.7856369018554688,0.022576840594410896,0.10168636590242386,0.1524139642715454,0.48876849227923563
train,full,1_154_2020-12-09_2_R.png,0.7856903076171875,0.018542449921369553,0.10673601925373077,0.17327409982681274,0.4741085841659118
train,full,1_154_2020-12-09_1_L.png,0.9632148742675781,0.01953013427555561,0.06554140150547028,0.16286253929138184,0.41412741678597575
train,full,1_27_2019-12-04_2_R.png,0.6518898010253906,0.019260697066783905,0.11112731695175171,0.13878709077835083,0.48513487978753717
train,full,1_27_2019-12-04_1_L.png,0.6559600830078125,0.022692430764436722,0.1143256276845932,0.1413775384426117,0.5095266034572639
train,full,5_421_2019-02-11_1_R.png,0.6681900024414062,0.019090009853243828,0.12633691728115082,0.15315085649490356,0.5083718556445092
train,full,5_421_2019-02-11_2_L.png,0.6599540710449219,0.019187945872545242,0.12460241466760635,0.15257960557937622,0.5061633097769862
train,full,2_139_2019-04-20_1_L.png,0.6517105102539062,0.02931979112327099,0.1429785043001175,0.148003488779068,0.5923896273640408
train,full,2_139_2019-04-20_2_R.png,0.6522026062011719,0.02579890750348568,0.13444828987121582,0.14037640392780304,0.5590138613204048
train,full,4_22_2020-07-13_2_L.png,0.9667778015136719,0.01997199095785618,0.07146408408880234,0.1685824692249298,0.42603531018830837
train,full,4_22_2020-07-13_1_L.png,0.9515380859375,0.019265897572040558,0.06482034921646118,0.16390997171401978,0.4114939566870982
train,full,5_148_2021-03-12_1_R.png,0.7556877136230469,0.021665561944246292,0.10426021367311478,0.1340271532535553,0.48773730768906803
train,full,5_148_2021-03-12_2_R.png,0.9600715637207031,0.020895574241876602,0.08140134811401367,0.16947954893112183,0.4470397498373958
train,full,1_182_2021-10-09_1_R.png,0.9655342102050781,0.028088269755244255,0.08965511620044708,0.18180498480796814,0.500629656783051
train,full,1_182_2021-09-02_1_L.png,0.9652366638183594,0.019801713526248932,0.070747509598732,0.16615255177021027,0.42393749476495113
train,full,5_157_2020-10-09_1_R.png,0.7856636047363281,0.018673770129680634,0.08423241227865219,0.128133624792099,0.43904606742276386
train,full,5_157_2020-10-09_2_R.png,0.7858314514160156,0.01758446916937828,0.08682011812925339,0.13739213347434998,0.43703555428338325
train,full,1_120_2019-06-14_2_R.png,0.6596260070800781,0.020568521693348885,0.1150892972946167,0.13776011765003204,0.4987945438574322
train,full,1_120_2019-06-14_1_L.png,0.6536598205566406,0.02096986025571823,0.11669343709945679,0.1341487467288971,0.503604113869369
train,full,5_608_2022-01-28_2_R.png,0.9620170593261719,0.020128091797232628,0.06543417274951935,0.16716963052749634,0.41732033664275975
train,full,5_608_2022-01-28_1_L.png,0.9652175903320312,0.019389107823371887,0.06697022169828415,0.16301319003105164,0.41560726602646436
train,full,1_185_2021-08-20_2_R.png,0.9666061401367188,0.025379078462719917,0.07584326714277267,0.16229991614818573,0.46341705953448337
train,full,1_185_2021-08-20_1_R.png,0.966796875,0.020760303363204002,0.061843812465667725,0.16396772861480713,0.41516458988613025
train,full,1_48_2019-06-25_1_R.png,0.6725578308105469,0.016175415366888046,0.1128234937787056,0.1428031325340271,0.47047863335941326
train,full,1_48_2019-06-25_2_L.png,0.6597518920898438,0.016745910048484802,0.1072838082909584,0.13629111647605896,0.4648745299401608
train,full,2_179_2021-07-29_1_R.png,0.9662322998046875,0.017638467252254486,0.06032982096076012,0.17028731107711792,0.3951956389133226
train,full,2_179_2021-07-29_3_R.png,0.9664268493652344,0.017570355907082558,0.060218434780836105,0.16822151839733124,0.39463530731048774
train,full,5_524_2020-01-02_2_R.png,0.6600379943847656,0.030295033007860184,0.14593914151191711,0.16672763228416443,0.6025854676199907
train,full,5_524_2020-01-02_1_R.png,0.6570663452148438,0.03535926342010498,0.1568959355354309,0.17544616758823395,0.6485030269080942
train,full,1_21_2021-07-26_2_R.png,0.7809257507324219,0.013094937428832054,0.08752971142530441,0.14516890048980713,0.4129108366683464
train,full,1_21_2021-07-26_1_L.png,0.9627952575683594,0.016912225633859634,0.06172501668334007,0.16322286427021027,0.39333015936850146
train,full,5_230_2021-04-19_1_L.png,0.777252197265625,0.02822241559624672,0.12112189084291458,0.1610623002052307,0.5514450049789792
train,full,5_230_2021-04-19_2_L.png,0.7773284912109375,0.024756310507655144,0.10670561343431473,0.16168716549873352,0.5090131770692428
train,full,1_95_2019-03-01_2_R.png,0.78564453125,0.01373746246099472,0.0826052576303482,0.14156007766723633,0.4086906816641038
train,full,1_95_2019-03-01_1_L.png,0.7855491638183594,0.012807014398276806,0.08028542250394821,0.14316216111183167,0.3997662645193155
train,full,1_117_2019-03-21_2_R.png,0.7852897644042969,0.012621043249964714,0.0816735252737999,0.12723907828330994,0.40092852212573316
train,full,1_117_2019-03-21_1_L.png,0.7856254577636719,0.01879173330962658,0.09625939279794693,0.1375989317893982,0.45884344295429236
train,full,1_52_2020-11-11_1_L.png,0.7855377197265625,0.013567714020609856,0.08694398403167725,0.14986851811408997,0.4146383659617806
train,full,1_52_2020-11-11_2_R.png,0.965576171875,0.017609911039471626,0.06316912919282913,0.16285330057144165,0.3995520914947106
train,full,1_65_2022-04-10_2_R.png,0.77935791015625,0.015681762248277664,0.11660609394311905,0.16474898159503937,0.47371960755606946
train,full,1_65_2022-04-10_1_L.png,0.7853584289550781,0.015009216032922268,0.09774386137723923,0.1591726839542389,0.4399284378307956
train,full,4_47_2020-05-28_1_R.png,0.7581748962402344,0.018850667402148247,0.0932956114411354,0.12933294475078583,0.45445984052070837
train,full,4_47_2020-05-28_2_R.png,0.7519073486328125,0.020806360989809036,0.09914842993021011,0.1289464682340622,0.47477191909301014
train,full,1_133_2019-01-03_2_L.png,0.65045166015625,0.01767777092754841,0.11591704934835434,0.14364373683929443,0.4838509490671144
train,full,1_133_2019-01-03_1_R.png,0.6509017944335938,0.02047540806233883,0.11735795438289642,0.14538592100143433,0.5018800068689002
train,full,2_22_2022-03-13_2_L.png,0.9601097106933594,0.018646160140633583,0.06577591598033905,0.16581714153289795,0.40952815348705784
train,full,2_22_2022-03-13_1_L.png,0.9631309509277344,0.01876845210790634,0.06332163512706757,0.1661835014820099,0.4063115080818534
train,full,1_86_2022-04-03_2_L.png,0.9635200500488281,0.016363289207220078,0.061848193407058716,0.16259384155273438,0.39043835493820633
train,full,1_86_2022-04-03_1_R.png,0.9474830627441406,0.019452879205346107,0.07757414132356644,0.16387933492660522,0.4328358521812003
train,full,1_114_2019-12-15_1_L.png,0.6535263061523438,0.014871323481202126,0.10783274471759796,0.13510136306285858,0.45520328845066776
train,full,1_114_2019-12-15_2_R.png,0.7050857543945312,0.015763504430651665,0.11141049861907959,0.15477749705314636,0.46591368749822404
train,full,1_61_2019-07-30_2_R.png,0.6597709655761719,0.017064962536096573,0.10931669175624847,0.13158893585205078,0.46990333296866577
train,full,1_61_2019-07-30_1_L.png,0.6438636779785156,0.018296774476766586,0.11318812519311905,0.13991078734397888,0.48299137378450147
train,full,1_76_2021-11-21_1_L.png,0.9530982971191406,0.024401364848017693,0.0870509147644043,0.16696539521217346,0.4757477689407427
train,full,1_76_2021-11-21_2_R.png,0.9645919799804688,0.018976863473653793,0.07692955434322357,0.16332019865512848,0.4291327844035219
train,full,1_85_2022-01-23_1_R.png,0.9584999084472656,0.017756536602973938,0.06820688396692276,0.16407814621925354,0.40839147015728733
train,full,1_85_2022-01-23_2_L.png,0.9562759399414062,0.016391852870583534,0.06315640360116959,0.16509205102920532,0.3926802690352567
train,full,1_179_2021-12-16_2_R.png,0.9638595581054688,0.024693191051483154,0.07789983600378036,0.1697278618812561,0.46283075694333425
train,full,1_179_2021-12-16_1_R.png,0.9662055969238281,0.020060941576957703,0.06989281624555588,0.16695326566696167,0.42403591312468053
train,full,5_210_2021-11-04_1_R.png,0.9595413208007812,0.02180003561079502,0.07692624628543854,0.1685473620891571,0.44500786485573784
train,full,5_210_2021-11-04_2_L.png,0.9549446105957031,0.025332476943731308,0.08420440554618835,0.17145279049873352,0.47645673708651554
train,full,1_174_2020-10-07_2_R.png,0.7856063842773438,0.015118259005248547,0.10058867931365967,0.15484483540058136,0.44506765126716347
train,full,1_174_2020-10-07_1_L.png,0.7858123779296875,0.013662049546837807,0.09392355382442474,0.15428221225738525,0.4262728643307293
train,full,5_57_2021-09-03_5_R.png,0.9599266052246094,0.019767828285694122,0.07227154076099396,0.165489062666893,0.42617148531770166
train,full,5_57_2021-09-03_1_L.png,0.7853851318359375,0.024445975199341774,0.11607202142477036,0.16415250301361084,0.5221686445811593
train,full,3_82_2018-12-13_1_L.png,0.6568756103515625,0.019031303003430367,0.11553352326154709,0.14245367050170898,0.490854411855848
train,full,3_82_2018-12-13_2_R.png,0.6588401794433594,0.01697365939617157,0.10977374017238617,0.1357038915157318,0.47011687528680673
train,full,3_137_2019-02-26_1_L.png,0.7833023071289062,0.01440904475748539,0.09494628757238388,0.1509864628314972,0.4321017888078297
train,full,3_137_2019-02-26_2_R.png,0.7855796813964844,0.013861631043255329,0.0868569165468216,0.14461518824100494,0.416153132760982
train,full,4_23_2020-12-30_1_L.png,0.9666709899902344,0.019056223332881927,0.064204141497612,0.16224342584609985,0.4093342086300254
train,full,4_23_2020-12-30_2_R.png,0.9657859802246094,0.02095913700759411,0.06462891399860382,0.1628919243812561,0.4207138724836775
train,full,4_9_2022-02-27_3_L.png,0.7799148559570312,0.014150445349514484,0.08264220505952835,0.1368563026189804,0.4110724904129959
train,full,4_9_2021-02-06_3_L.png,0.7572860717773438,0.019175289198756218,0.0929265022277832,0.13295197486877441,0.45569861892356794
train,full,1_158_2022-06-14_1_L.png,0.7828445434570312,0.015344434417784214,0.08904320001602173,0.14452391862869263,0.42797207998916165
train,full,1_158_2022-06-14_2_R.png,0.7855987548828125,0.01455773413181305,0.08772753924131393,0.1497836410999298,0.4214537941935388
train,full,1_57_2020-08-01_2_R.png,0.7069778442382812,0.019833562895655632,0.1041673943400383,0.12462438642978668,0.4772846459199421
train,full,1_57_2020-08-01_1_L.png,0.7856254577636719,0.01353791169822216,0.09437283873558044,0.1518704891204834,0.4262893603818322
train,full,1_113_2019-06-08_1_R.png,0.6514816284179688,0.022252118214964867,0.1240837424993515,0.1447964608669281,0.5225741189354184
train,full,1_113_2019-06-08_2_L.png,0.6552314758300781,0.022191045805811882,0.11787478625774384,0.14234483242034912,0.5123527017041025
train,full,1_78_2021-09-06_2_R.png,0.9619331359863281,0.016851257532835007,0.06522053480148315,0.16236820816993713,0.3985482653518292
train,full,1_78_2021-09-06_1_L.png,0.9587936401367188,0.021369662135839462,0.0649324581027031,0.16471579670906067,0.423505987404761
train,full,3_50_2019-09-19_1_L.png,0.6573753356933594,0.014206808060407639,0.10245758295059204,0.13248252868652344,0.4429139954884621
train,full,3_50_2019-09-19_2_R.png,0.6600303649902344,0.016214832663536072,0.10374774783849716,0.13525646924972534,0.45626166892999953
train,full,1_36_2021-07-14_2_L.png,0.964874267578125,0.019055740907788277,0.06844428926706314,0.161606103181839,0.4160771846220913
train,full,1_36_2021-07-14_1_L.png,0.7526588439941406,0.019753042608499527,0.09371642023324966,0.1269049346446991,0.4602051695893434
train,full,1_147_2018-12-25_1_R.png,0.6584739685058594,0.026109280064702034,0.12139957398176193,0.13434693217277527,0.5400003862440248
train,full,1_147_2018-12-25_2_L.png,0.6598587036132812,0.017851265147328377,0.11317844688892365,0.13929706811904907,0.48046998650428246
train,full,2_137_2019-09-19_1_R.png,0.6678733825683594,0.019051913172006607,0.10820315033197403,0.1385956108570099,0.47930838712067764
train,full,2_137_2019-09-19_3_R.png,0.7034111022949219,0.016708076000213623,0.10598763823509216,0.1490534394979477,0.4625996246933937
train,full,5_302_2021-09-30_1_L.png,0.9667472839355469,0.022620398551225662,0.06732571870088577,0.16971029341220856,0.43434883978387173
train,full,5_302_2021-09-30_2_L.png,0.9653396606445312,0.028758589178323746,0.07832379639148712,0.17427077889442444,0.4863731038418006
train,full,1_80_2019-06-25_2_R.png,0.6595878601074219,0.02488323301076889,0.12444047629833221,0.13757021725177765,0.537941670705649
train,full,1_80_2019-06-25_1_L.png,0.6558418273925781,0.02166399359703064,0.11413853615522385,0.14202570915222168,0.5034439987756989
train,full,1_73_2019-12-13_1_L.png,0.6401138305664062,0.017230220139026642,0.12587836384773254,0.1449713557958603,0.4971810216761448
train,full,1_73_2019-12-13_2_R.png,0.6601142883300781,0.018162213265895844,0.1184748113155365,0.14613556861877441,0.49064510398629035
train,full,5_166_2022-06-06_1_R.png,0.7537307739257812,0.015951771289110184,0.09096278995275497,0.1338663101196289,0.4344422429715368
train,full,5_166_2022-06-06_2_L.png,0.7840728759765625,0.019805416464805603,0.09194664657115936,0.14391149580478668,0.4576842235231941
train,full,5_475_2021-01-29_2_L.png,0.9667243957519531,0.022591812536120415,0.08426985144615173,0.16649338603019714,0.46114461827091874
train,full,5_475_2021-04-27_1_R.png,0.9665069580078125,0.02934437245130539,0.09192164987325668,0.17183545231819153,0.5113010834733194
train,full,5_551_2019-03-23_1_L.png,0.7856369018554688,0.016831370070576668,0.08559459447860718,0.14115573465824127,0.430849675135687
train,full,5_551_2019-03-23_2_R.png,0.7715950012207031,0.022501084953546524,0.1152840405702591,0.14743445813655853,0.5099750310436568
train,full,1_107_2019-07-30_1_L.png,0.6618995666503906,0.018138740211725235,0.10528844594955444,0.13786286115646362,0.46953475951979107
train,full,1_107_2019-07-30_2_R.png,0.6602554321289062,0.016489071771502495,0.10726980119943619,0.1347787231206894,0.46340753062289547
train,full,1_9_2019-03-10_1_L.png,0.7121391296386719,0.014927776530385017,0.0954761877655983,0.13583378493785858,0.4358626780650494
train,full,1_9_2019-03-10_2_R.png,0.6569366455078125,0.028714776039123535,0.1435135006904602,0.1416797637939453,0.5898375481367111
train,full,1_12_2019-04-10_2_R.png,0.6539993286132812,0.01774998940527439,0.11376038193702698,0.14135199785232544,0.480826116213575
train,full,1_12_2019-04-10_1_L.png,0.6533966064453125,0.018992872908711433,0.11686881631612778,0.14128625392913818,0.4927625724326142
train,full,1_164_2019-09-01_2_L.png,0.6595649719238281,0.01621680147945881,0.11143762618303299,0.13739053905010223,0.4685066408858719
train,full,1_164_2019-09-01_1_R.png,0.6574134826660156,0.014856462366878986,0.11199454218149185,0.13868719339370728,0.4617407361024313
train,full,1_150_2020-08-26_2_R.png,0.9642181396484375,0.017984282225370407,0.06284859031438828,0.16413144767284393,0.40114798119968986
train,full,1_150_2020-08-26_1_L.png,0.785491943359375,0.01353048998862505,0.08701817691326141,0.14611035585403442,0.4145470149116591
train,full,1_77_2019-07-05_1_L.png,0.6266212463378906,0.01832236722111702,0.11957594007253647,0.14108231663703918,0.49329776573418216
train,full,1_77_2019-07-05_2_R.png,0.6432075500488281,0.020155100151896477,0.12290754914283752,0.14480507373809814,0.5089071756271137
train,full,3_111_2021-04-01_5_R.png,0.9655647277832031,0.016871225088834763,0.06002721190452576,0.17026719450950623,0.390398478245532
train,full,3_111_2021-03-18_3_R.png,0.7790184020996094,0.014235327951610088,0.08528286218643188,0.13702863454818726,0.4157510004789484
train,full,2_39_2019-06-19_2_R.png,0.6417961120605469,0.019692162051796913,0.1269887089729309,0.150283083319664,0.5127959030892022
train,full,2_39_2019-06-05_1_R.png,0.6421775817871094,0.024451719596982002,0.12995563447475433,0.1528269201517105,0.5442885230337693
train,full,1_196_2021-08-23_2_R.png,0.9481964111328125,0.016369855031371117,0.06537295132875443,0.1601300835609436,0.39608285711993546
train,full,1_196_2021-08-23_1_L.png,0.9643402099609375,0.014782097190618515,0.057545289397239685,0.1622801274061203,0.3746986207382923
train,full,4_67_2021-10-25_1_L.png,0.9628524780273438,0.022774655371904373,0.08041082322597504,0.1617867350578308,0.4560337461446497
train,full,4_67_2021-10-25_2_R.png,0.966278076171875,0.027601446956396103,0.0809221938252449,0.16463792324066162,0.48399799294261775
train,full,1_47_2019-07-16_2_R.png,0.659881591796875,0.024215038865804672,0.11267366260290146,0.1363581269979477,0.5154631477611309
train,full,1_47_2019-07-16_1_L.png,0.6602783203125,0.019547583535313606,0.10370705276727676,0.13371184468269348,0.47494365042498843
train,full,4_74_2020-08-06_2_R.png,0.7856025695800781,0.013009407557547092,0.08463852852582932,0.14599068462848663,0.40783012198411267
train,full,4_74_2020-08-06_1_L.png,0.7857818603515625,0.016444649547338486,0.08802125602960587,0.14642789959907532,0.4325349701145156
train,full,1_206_2020-01-15_1_L.png,0.6599311828613281,0.01834416389465332,0.11676709353923798,0.14227047562599182,0.48895175253803075
train,full,1_206_2020-01-15_2_R.png,0.6608963012695312,0.022493228316307068,0.11884692311286926,0.15015223622322083,0.5155990596860647
train,full,1_140_2019-09-27_1_L.png,0.6597099304199219,0.020290594547986984,0.11279551684856415,0.14006780087947845,0.49358200750059705
train,full,1_140_2019-09-27_2_R.png,0.6591835021972656,0.021053338423371315,0.11248522996902466,0.14036938548088074,0.4973788035821847
train,full,5_593_2021-02-20_1_L.png,0.7857894897460938,0.0160902701318264,0.08845338970422745,0.14725318551063538,0.4312290712937035
train,full,5_593_2022-06-16_2_R.png,0.9664497375488281,0.019123749807476997,0.06791642308235168,0.1690305471420288,0.41561994757079945
train,full,5_363_2021-02-04_1_R.png,0.78594970703125,0.01976274698972702,0.08404643088579178,0.14445339143276215,0.4448756827718832
train,full,5_363_2021-02-04_2_L.png,0.7512397766113281,0.017237041145563126,0.09464164078235626,0.13892081379890442,0.4475246031429957
train,full,5_589_2021-11-07_2_R.png,0.7444801330566406,0.023107318207621574,0.10007783025503159,0.137236088514328,0.48919339486905794
train,full,5_589_2021-11-07_1_L.png,0.785675048828125,0.016536202281713486,0.09057433158159256,0.14939524233341217,0.43711166535080836
train,full,2_41_2020-12-23_1_R.png,0.7742080688476562,0.014884479343891144,0.08624046295881271,0.1418919861316681,0.42092593283477153
train,full,2_41_2020-12-23_2_L.png,0.9667739868164062,0.016458503901958466,0.05872325226664543,0.16766142845153809,0.3860024403272705
train,full,1_24_2020-05-22_2_L.png,0.7853240966796875,0.012732727453112602,0.08045689761638641,0.14346405863761902,0.3996212017680095
train,full,1_24_2020-05-22_1_R.png,0.7841873168945312,0.013805050402879715,0.09237994253635406,0.14717182517051697,0.4246214989149435
train,full,3_140_2022-06-17_1_L.png,0.7536087036132812,0.014030078426003456,0.08455470204353333,0.13220039010047913,0.4134380353064361
train,full,3_140_2022-06-17_2_R.png,0.9660682678222656,0.0147292735055089,0.0557091161608696,0.16696634888648987,0.37148030281532557
train,full,5_205_2021-06-01_2_L.png,0.7844085693359375,0.017379315569996834,0.09219622611999512,0.14273898303508759,0.44443446436304257
train,full,5_205_2021-06-01_1_R.png,0.9623336791992188,0.033714089542627335,0.10947981476783752,0.17703165113925934,0.5638141862624748
train,full,3_168_2019-08-27_1_L.png,0.6598701477050781,0.024188648909330368,0.1382586807012558,0.16482174396514893,0.5560181421397083
train,full,3_168_2019-08-27_2_R.png,0.6475181579589844,0.021157795563340187,0.12711210548877716,0.15041010081768036,0.5212364042304796
train,full,1_177_2020-12-08_1_L.png,0.7813606262207031,0.01834416389465332,0.08901287615299225,0.1383422315120697,0.4447973157871853
train,full,1_177_2020-12-08_2_R.png,0.966796875,0.024107560515403748,0.10328079760074615,0.15984956920146942,0.49991538771851496
train,full,5_651_2019-05-10_3_R.png,0.6697273254394531,0.024929996579885483,0.13172154128551483,0.1605510413646698,0.5497882282615385
train,full,5_651_2019-05-10_2_L.png,0.6598014831542969,0.017375431954860687,0.11114058643579483,0.135171577334404,0.474551374075765
train,full,4_64_2022-06-05_1_R.png,0.6982345581054688,0.019522730261087418,0.09888926148414612,0.12589231133460999,0.467139182807031
train,full,4_64_2022-06-05_2_L.png,0.780059814453125,0.014258179813623428,0.09343528747558594,0.15016531944274902,0.42884930970824575
train,full,5_64_2019-04-19_1_L.png,0.6593894958496094,0.023927971720695496,0.13013437390327454,0.13668715953826904,0.5416267994113944
train,full,5_64_2019-03-07_1_L.png,0.7080497741699219,0.01678643748164177,0.09908221662044525,0.13493987917900085,0.45205451000312513
train,full,5_134_2021-03-15_1_L.png,0.9667510986328125,0.01807543821632862,0.06633786857128143,0.16456323862075806,0.4072118581484326
train,full,5_134_2021-03-15_2_L.png,0.7045974731445312,0.019611455500125885,0.11268189549446106,0.13199232518672943,0.4895810891112143
train,full,3_144_2021-05-18_1_R.png,0.9666290283203125,0.0170533936470747,0.062001850455999374,0.16172291338443756,0.39456464680843056
train,full,3_144_2021-05-18_2_R.png,0.9667778015136719,0.01736021600663662,0.06320012360811234,0.16389304399490356,0.39819686623205514
train,full,3_93_2019-09-21_2_R.png,0.659820556640625,0.018122710287570953,0.11684933304786682,0.1454956978559494,0.487836911580102
train,full,3_93_2019-09-21_1_L.png,0.6559677124023438,0.020042143762111664,0.12065276503562927,0.14434614777565002,0.5046846394003792
train,full,3_58_2019-12-23_4_R.png,0.6598854064941406,0.016522293910384178,0.10987742245197296,0.13706916570663452,0.4677428935104135
train,full,3_58_2019-12-23_3_L.png,0.69183349609375,0.016768306493759155,0.10706470906734467,0.1458272784948349,0.46465194299817086
train,full,5_532_2019-08-21_2_R.png,0.6635360717773438,0.019504984840750694,0.12304897606372833,0.1473243534564972,0.5054752743760631
train,full,5_532_2019-08-21_1_L.png,0.6597824096679688,0.01806127466261387,0.11658415198326111,0.14064288139343262,0.48706945722330025
train,full,5_718_2021-09-05_3_R.png,0.96368408203125,0.027499202638864517,0.0803767740726471,0.1738482415676117,0.48255515541373334
train,full,5_718_2021-09-05_2_L.png,0.9665641784667969,0.03140392526984215,0.09407602995634079,0.17996007204055786,0.5263134909370406
train,full,5_175_2021-11-16_2_R.png,0.7032546997070312,0.012114625424146652,0.08015621453523636,0.10352074354887009,0.39566601840779186
train,full,5_175_2021-11-16_1_L.png,0.6811561584472656,0.014704876579344273,0.10190899670124054,0.12557604908943176,0.4448428800562397
train,full,1_5_2020-12-18_1_R.png,0.7853202819824219,0.015120072290301323,0.10487977415323257,0.15358202159404755,0.4519045927858149
train,full,1_5_2020-12-18_2_L.png,0.9650039672851562,0.025540564209222794,0.08053427189588547,0.1683756560087204,0.4717883789657869
train,full,1_100_2019-02-15_2_R.png,0.65972900390625,0.016130512580275536,0.1077609658241272,0.13749362528324127,0.4621720334387977
train,full,1_100_2019-02-15_1_L.png,0.6591682434082031,0.01864917017519474,0.10757336765527725,0.13517923653125763,0.47604103077795695
train,full,2_78_2021-05-19_1_L.png,0.7840042114257812,0.019647972658276558,0.10934446007013321,0.15900768339633942,0.4844769417689267
train,full,2_78_2021-05-19_2_L.png,0.7821731567382812,0.018975216895341873,0.11157075315713882,0.16681347787380219,0.48423452051356436
train,full,1_162_2021-09-27_1_L.png,0.9659500122070312,0.017092419788241386,0.06658947467803955,0.16243234276771545,0.4020826619330116
train,full,1_162_2021-09-27_2_L.png,0.9474830627441406,0.02417336218059063,0.09020256996154785,0.17314869165420532,0.47947925084101206
train,full,1_115_2021-08-12_1_L.png,0.7858009338378906,0.02194206416606903,0.09366026520729065,0.13538634777069092,0.4724290783093734
train,full,1_115_2021-08-12_2_R.png,0.9547271728515625,0.0312805213034153,0.08524172753095627,0.16640529036521912,0.5115647715855052
train,full,5_237_2022-03-09_1_R.png,0.9534225463867188,0.016815917566418648,0.06675469875335693,0.16388602554798126,0.4007901934187182
train,full,5_237_2022-02-23_2_R.png,0.9531745910644531,0.018770677968859673,0.0696755051612854,0.17030420899391174,0.4164324581496079
train,full,3_113_2022-01-20_1_L.png,0.9620361328125,0.025143414735794067,0.0883568525314331,0.16937679052352905,0.4819994278252125
train,full,3_113_2022-01-20_2_R.png,0.966278076171875,0.022574618458747864,0.08457226306200027,0.1661592572927475,0.46152901097454807
train,full,1_134_2021-10-14_1_L.png,0.9631500244140625,0.016157764941453934,0.05805783346295357,0.16406729817390442,0.3832521628503772
train,full,1_134_2021-10-14_2_R.png,0.9657669067382812,0.016243966296315193,0.059983063489198685,0.16271990537643433,0.38679991142231634
train,full,3_16_2020-08-10_1_L.png,0.7320671081542969,0.013755274005234241,0.09443444758653641,0.1408359557390213,0.42761003743984144
train,full,3_16_2020-08-10_2_R.png,0.7855377197265625,0.014020541682839394,0.08950823545455933,0.14790967106819153,0.42126501246186143
train,full,1_180_2019-03-05_1_L.png,0.6584205627441406,0.016430240124464035,0.11557638645172119,0.14530420303344727,0.4762916246005757
train,full,1_180_2019-03-05_2_R.png,0.6499214172363281,0.017962539568543434,0.11482060700654984,0.13920389115810394,0.483708432583477
train,full,5_447_2020-03-07_2_R.png,0.6602516174316406,0.025675352662801743,0.1302822083234787,0.15359318256378174,0.551691008333794
train,full,5_447_2020-03-07_1_L.png,0.6598777770996094,0.023917142301797867,0.1278541386127472,0.14603281021118164,0.5379382368769836
train,full,1_168_2021-04-22_1_L.png,0.9645004272460938,0.014433320611715317,0.05725397542119026,0.16304445266723633,0.3722732984291559
train,full,1_168_2021-04-22_2_L.png,0.9619483947753906,0.014421227388083935,0.06071149930357933,0.16899511218070984,0.3777058802227574
train,full,5_623_2019-12-23_2_R.png,0.6439704895019531,0.01906796358525753,0.11420872807502747,0.14028766751289368,0.48895299892279914
train,full,5_623_2019-12-23_1_L.png,0.6551704406738281,0.017650026828050613,0.11784405261278152,0.1482415497303009,0.486760575519028
train,full,3_167_2021-08-26_1_R.png,0.9666213989257812,0.01769823394715786,0.05783763900399208,0.1632758378982544,0.39156699164093217
train,full,3_167_2021-08-26_2_L.png,0.9638595581054688,0.02078300528228283,0.06182435527443886,0.16803738474845886,0.4152613335585391
train,full,2_33_2021-11-22_1_R.png,0.6184844970703125,0.01616048440337181,0.10257382690906525,0.11327806115150452,0.4540883584879339
train,full,2_33_2021-11-22_2_L.png,0.7213668823242188,0.012772370129823685,0.08461251854896545,0.12139566242694855,0.4064554069445214
train,full,1_199_2021-04-06_1_R.png,0.9623222351074219,0.025909315794706345,0.0819552019238472,0.16573351621627808,0.47612317713316193
train,full,1_199_2019-03-20_1_R.png,0.7716445922851562,0.02157180942595005,0.12114505469799042,0.14444796741008759,0.514072196858681
train,full,1_79_2021-04-10_2_R.png,0.7696876525878906,0.015840215608477592,0.09185487776994705,0.14581003785133362,0.43523397288623855
train,full,1_79_2021-04-10_1_L.png,0.7496910095214844,0.01709669828414917,0.09084462374448776,0.13033759593963623,0.44069446562366055
train,full,2_118_2022-01-25_2_L.png,0.9621810913085938,0.018966592848300934,0.06428971141576767,0.16398368775844574,0.4089661711149595
train,full,2_118_2022-01-25_1_R.png,0.9652214050292969,0.01723690889775753,0.060395874083042145,0.16349157691001892,0.3930419576819986
train,full,4_5_2021-06-19_1_L.png,0.96551513671875,0.020658139139413834,0.0651838555932045,0.16614744067192078,0.4199036211029372
train,full,4_5_2021-06-19_2_R.png,0.9644584655761719,0.022064531221985817,0.07111895829439163,0.16611775755882263,0.43725678541020235
train,full,1_142_2019-03-20_1_R.png,0.7854843139648438,0.017108093947172165,0.10206243395805359,0.15511035919189453,0.4586050824770196
train,full,1_142_2019-03-20_2_L.png,0.7855186462402344,0.01388525776565075,0.08891880512237549,0.1429789662361145,0.4195663103537465
train,full,4_89_2020-08-17_2_L.png,0.9667930603027344,0.022875208407640457,0.09820684790611267,0.16142867505550385,0.4849112144163386
train,full,4_89_2020-08-17_1_L.png,0.7856521606445312,0.018561841920018196,0.09210701286792755,0.13732320070266724,0.4509442449081689
train,full,1_23_2019-06-02_2_L.png,0.6591224670410156,0.01722431555390358,0.10703884065151215,0.1392303705215454,0.46717583966356785
train,full,1_23_2019-06-02_1_R.png,0.6522369384765625,0.021341491490602493,0.11976464092731476,0.14288482069969177,0.510580545655367
train,full,1_10_2019-02-12_1_L.png,0.6590309143066406,0.01617860235273838,0.11360162496566772,0.14256888628005981,0.4717344961340793
train,full,1_10_2019-02-12_2_R.png,0.6621551513671875,0.017544420436024666,0.11763063818216324,0.14574813842773438,0.48582701660608024
train,full,4_98_2020-01-08_1_R.png,0.6539421081542969,0.022294247522950172,0.11765868961811066,0.137724369764328,0.512589421254498
train,full,4_98_2020-01-08_2_L.png,0.6582145690917969,0.025195259600877762,0.1193724274635315,0.1425430327653885,0.5316340153105557
train,full,5_26_2022-04-01_1_L.png,0.9664459228515625,0.024286210536956787,0.07689642161130905,0.16846278309822083,0.45894515047019174
train,full,5_26_2022-04-01_2_R.png,0.7529106140136719,0.017264652997255325,0.09686093777418137,0.1401577889919281,0.4512106195684861
train,full,1_119_2021-12-07_1_L.png,0.9585723876953125,0.024351274594664574,0.08079434186220169,0.16978785395622253,0.4655123725575819
train,full,1_119_2021-12-07_2_R.png,0.9662399291992188,0.025335825979709625,0.07587242871522903,0.1737336814403534,0.46322015772827646
train,full,5_171_2021-10-09_1_L.png,0.9615478515625,0.019739752635359764,0.06904467940330505,0.16380241513252258,0.42087991671552033
train,full,5_171_2021-10-09_3_R.png,0.9654502868652344,0.01529680471867323,0.057054292410612106,0.16746804118156433,0.3768127190139653
train,full,3_80_2020-07-12_2_R.png,0.7103347778320312,0.014302627183496952,0.0888369083404541,0.1220100000500679,0.4217837229942564
train,full,3_80_2020-07-12_1_L.png,0.9651756286621094,0.01756749115884304,0.06464563310146332,0.16902831196784973,0.40166246315718374
train,full,1_66_2019-08-21_2_R.png,0.6559104919433594,0.018114052712917328,0.11688598245382309,0.1397157907485962,0.4878465185957876
train,full,1_66_2019-08-21_1_L.png,0.657012939453125,0.01933283917605877,0.11696434766054153,0.13676343858242035,0.4948268643707376
train,full,4_100_2019-09-02_1_R.png,0.651885986328125,0.019312385469675064,0.11968224495649338,0.13963919878005981,0.49903573978861626
train,full,4_100_2019-07-01_2_R.png,0.6563873291015625,0.022683247923851013,0.12253975123167038,0.14445243775844574,0.5225428738038649
train,full,3_99_2022-06-17_1_L.png,0.7537498474121094,0.014878248795866966,0.08525947481393814,0.12976984679698944,0.41933022304438056
train,full,3_99_2022-06-17_2_R.png,0.7244453430175781,0.01639963872730732,0.09399682283401489,0.12817639112472534,0.4417883678043092
train,full,5_648_2021-10-26_1_R.png,0.966796875,0.028416452929377556,0.09629640728235245,0.1769234538078308,0.5130413774951277
train,full,5_648_2021-10-26_2_L.png,0.9655799865722656,0.01836879923939705,0.06394384801387787,0.16462674736976624,0.40505334483459593
train,full,5_268_2019-10-29_1_L.png,0.659820556640625,0.016920482739806175,0.10897105187177658,0.13870954513549805,0.4685407524801452
train,full,5_268_2019-11-20_1_L.png,0.6739768981933594,0.01822560280561447,0.10860569775104523,0.1410127580165863,0.4753008076582443
train,full,5_689_2020-10-20_1_L.png,0.7561836242675781,0.014806365594267845,0.08720629662275314,0.12883733212947845,0.4220230965494094
train,full,5_689_2020-04-10_1_L.png,0.6595954895019531,0.015178844332695007,0.10595200210809708,0.13566337525844574,0.4539410027252002
train,full,5_411_2020-03-28_2_R.png,0.6601486206054688,0.01830609329044819,0.10827641934156418,0.14071181416511536,0.4752297146203504
train,full,5_411_2020-03-28_1_L.png,0.6559066772460938,0.019076934084296227,0.1167808547616005,0.14075617492198944,0.4930954777085307
train,full,1_108_2019-11-18_1_R.png,0.6601066589355469,0.02303801290690899,0.10890840739011765,0.13194508850574493,0.502852197994732
train,full,1_108_2019-11-18_2_R.png,0.6603813171386719,0.02186739072203636,0.11393561959266663,0.13604186475276947,0.5042652857997878
train,full,1_31_2021-04-04_2_R.png,0.9666404724121094,0.018791764974594116,0.06206527724862099,0.1616300344467163,0.4044438917867162
train,full,1_31_2021-04-04_1_L.png,0.7593650817871094,0.01575418747961521,0.08586973696947098,0.13227348029613495,0.4252282497515394
train,full,2_7_2021-10-20_2_L.png,0.9638099670410156,0.01964694820344448,0.06957955658435822,0.16454313695430756,0.4212088327558542
train,full,2_7_2021-10-20_1_L.png,0.9626579284667969,0.01714349165558815,0.06471829861402512,0.16225619614124298,0.39939307017590514
train,full,5_178_2021-09-09_2_R.png,0.9647903442382812,0.02047104388475418,0.06899268180131912,0.16798089444637299,0.42491070653565904
train,full,5_178_2021-09-09_1_L.png,0.9563179016113281,0.021452223882079124,0.06596700102090836,0.1700897514820099,0.42561626096086747
train,full,5_455_2021-03-22_1_L.png,0.7854995727539062,0.016750633716583252,0.10022246092557907,0.15618425607681274,0.4536671388555657
train,full,5_455_2021-06-07_2_L.png,0.9660186767578125,0.024084636941552162,0.08755280077457428,0.16822406649589539,0.4747646294830536
train,full,5_1_2021-03-19_1_R.png,0.7858734130859375,0.0193452350795269,0.09601197391748428,0.14999426901340485,0.46156326946379106
train,full,5_1_2021-03-19_2_L.png,0.9534530639648438,0.01672813482582569,0.06857703626155853,0.16433602571487427,0.40319558881138534
train,full,5_264_2021-06-01_2_R.png,0.9646987915039062,0.021415850147604942,0.07524792850017548,0.1666044443845749,0.44017677060328425
train,full,5_264_2021-06-01_1_R.png,0.9643363952636719,0.02107960730791092,0.08009513467550278,0.16792631149291992,0.44599686899984425
train,full,1_16_2019-05-28_1_L.png,0.6576881408691406,0.020709453150629997,0.11862190067768097,0.14549249410629272,0.5052073341413317
train,full,1_16_2019-05-28_2_R.png,0.6553802490234375,0.0222921185195446,0.12856698036193848,0.14713159203529358,0.5299315445209769
train,full,5_249_2020-05-27_2_R.png,0.7855453491210938,0.02225538343191147,0.10668087750673294,0.16549256443977356,0.49490610965612264
train,full,5_249_2020-05-27_1_L.png,0.7854804992675781,0.013199537061154842,0.08140573650598526,0.14373213052749634,0.403756522228518
train,full,1_44_2021-04-20_1_L.png,0.9565048217773438,0.023227591067552567,0.08145635575056076,0.16961902379989624,0.4602448566308753
train,full,1_44_2021-04-20_2_R.png,0.7582855224609375,0.0170839112251997,0.09259526431560516,0.1302242875099182,0.4434076484165747
train,full,5_688_2022-05-18_2_R.png,0.9658203125,0.026642724871635437,0.07937560230493546,0.1754959523677826,0.4761446947062557
train,full,5_688_2022-05-18_1_L.png,0.9591407775878906,0.020341763272881508,0.06839852780103683,0.16943106055259705,0.4232382580934262
train,full,1_92_2018-12-18_2_R.png,0.6734237670898438,0.016252674162387848,0.11224924772977829,0.14424243569374084,0.4699996408244425
train,full,1_92_2018-12-18_1_L.png,0.656982421875,0.015388906002044678,0.11604931205511093,0.13527849316596985,0.47118650180372323
train,full,5_208_2022-06-12_1_L.png,0.7355690002441406,0.015580839477479458,0.08494175970554352,0.1266646385192871,0.4227768397741867
train,full,5_208_2022-06-12_2_R.png,0.9623184204101562,0.015314093790948391,0.056789204478263855,0.16512875258922577,0.37648823924404995
train,full,1_207_2019-10-15_2_R.png,0.660003662109375,0.018113257363438606,0.11036413908004761,0.13852667808532715,0.47746638484214515
train,full,1_207_2019-10-15_1_L.png,0.6600151062011719,0.018839430063962936,0.11469828337430954,0.14345607161521912,0.4884463358416476
train,full,1_15_2019-09-10_2_R.png,0.6597099304199219,0.015058415941894054,0.10275595635175705,0.1339639574289322,0.4481789747782221
train,full,1_15_2019-09-10_1_L.png,0.6584968566894531,0.017007499933242798,0.10791425406932831,0.13768541812896729,0.46734895496205847
train,full,2_178_2020-01-16_2_R.png,0.5831336975097656,0.018740708008408546,0.1269254833459854,0.13438042998313904,0.5073433878704567
train,full,2_178_2020-01-16_1_L.png,0.642303466796875,0.01805451512336731,0.11880816519260406,0.14491072297096252,0.490569637648084
train,full,3_97_2019-06-04_1_L.png,0.65625,0.01650879718363285,0.10614671558141708,0.13550156354904175,0.4617317589465529
train,full,3_97_2019-06-04_2_R.png,0.6671791076660156,0.017017656937241554,0.10928351432085037,0.1384669840335846,0.46958445669151844
train,full,1_204_2019-11-12_1_L.png,0.6650047302246094,0.015386760234832764,0.11209085583686829,0.13669289648532867,0.4648768878795884
train,full,1_204_2019-11-12_2_R.png,0.6601066589355469,0.016724055632948875,0.11366624385118484,0.14068341255187988,0.47490547360767693
train,full,4_101_2019-11-17_1_L.png,0.6993446350097656,0.021524323150515556,0.11812862008810043,0.16531160473823547,0.5090062133163553
train,full,4_101_2019-11-17_2_R.png,0.65625,0.019166136160492897,0.11476808786392212,0.1418153941631317,0.49039511023173954
train,full,2_31_2020-05-13_1_L.png,0.6602973937988281,0.017369842156767845,0.10460416227579117,0.1352427452802658,0.46412107484330506
train,full,2_31_2020-05-13_2_R.png,0.6563034057617188,0.016587279736995697,0.10271147638559341,0.13512882590293884,0.4567080700431358
train,full,1_135_2019-03-26_1_L.png,0.656219482421875,0.017282210290431976,0.11283932626247406,0.1386345475912094,0.47672954284670677
train,full,1_135_2019-03-26_2_R.png,0.6558952331542969,0.01696411333978176,0.1124303862452507,0.13901974260807037,0.47428966110826215
train,full,1_32_2019-03-16_1_L.png,0.6543235778808594,0.026580095291137695,0.13662278652191162,0.14534282684326172,0.5668674691156907
train,full,1_32_2019-03-16_2_R.png,0.6638374328613281,0.02495892159640789,0.12447931617498398,0.1492513120174408,0.5384292097127235
train,full,5_331_2022-02-18_2_L.png,0.9542808532714844,0.028271710500121117,0.0746338963508606,0.17202851176261902,0.4777641157577322
train,full,5_331_2022-02-18_1_L.png,0.9572715759277344,0.023218808695673943,0.07356655597686768,0.16918052732944489,0.44764350160363725
train,full,5_125_2022-02-18_2_L.png,0.6486930847167969,0.021513883024454117,0.10462980717420578,0.11405262351036072,0.48747210342606356
train,full,5_125_2022-02-18_1_R.png,0.7078781127929688,0.01683809794485569,0.10249363631010056,0.13369810581207275,0.45777235870588234
train,full,5_646_2018-12-25_1_R.png,0.6602935791015625,0.018929442390799522,0.10628043860197067,0.13382162153720856,0.47556062940592797
train,full,5_646_2018-12-25_2_L.png,0.6599578857421875,0.021242544054985046,0.1196916326880455,0.1377112865447998,0.5099078168584541
train,full,5_128_2022-05-07_1_L.png,0.9666328430175781,0.020464695990085602,0.06877624988555908,0.16377656161785126,0.42453067612580275
train,full,5_128_2022-05-07_2_R.png,0.9659652709960938,0.023218274116516113,0.06716971099376678,0.16470366716384888,0.43746369575912303
train,full,1_69_2021-12-13_2_R.png,0.7049331665039062,0.023670382797718048,0.13912923634052277,0.1527806520462036,0.5544878701425411
train,full,1_69_2021-12-13_1_L.png,0.7047080993652344,0.021325774490833282,0.10904331505298615,0.12603241205215454,0.493435482731597
train,full,3_129_2018-12-14_3_L.png,0.6622581481933594,0.016536829993128777,0.1153465211391449,0.1402452290058136,0.4765254977963526
train,full,3_129_2018-12-14_4_R.png,0.6466217041015625,0.01765689253807068,0.11683611571788788,0.13934685289859772,0.4851956591687419
train,full,1_137_2019-08-03_1_R.png,0.6499519348144531,0.016702357679605484,0.11052919179201126,0.1386134922504425,0.46979265798052605
train,full,1_137_2019-08-03_2_L.png,0.6578788757324219,0.017167039215564728,0.1096169576048851,0.13765446841716766,0.47095520995895973
train,full,5_320_2021-11-19_4_R.png,0.9662284851074219,0.020475896075367928,0.07407670468091965,0.1693401038646698,0.43302621832540766
train,full,5_320_2021-11-19_3_L.png,0.9667816162109375,0.03609775751829147,0.10442838072776794,0.18595698475837708,0.5691859462891113
train,full,1_186_2020-08-23_2_R.png,0.6809921264648438,0.0160750150680542,0.0882585346698761,0.11609988659620285,0.430833264914426
train,full,1_186_2020-08-23_1_L.png,0.7595634460449219,0.01730230450630188,0.0883767157793045,0.12926751375198364,0.43792478340593255
train,full,5_637_2021-01-12_2_R.png,0.7820396423339844,0.026881573721766472,0.12728087604045868,0.1712310016155243,0.5537011549765751
train,full,5_637_2021-01-12_1_R.png,0.9294281005859375,0.030248824506998062,0.10782506316900253,0.18020452558994293,0.5416895110752773
train,full,1_14_2019-07-30_2_R.png,0.6857566833496094,0.014999750070273876,0.10990314185619354,0.14507794380187988,0.4592195016437803
train,full,1_14_2019-07-30_1_L.png,0.6551094055175781,0.014870766550302505,0.11354542523622513,0.1436711847782135,0.46428851108490066
train,full,5_570_2019-11-19_1_R.png,0.6482467651367188,0.018794963136315346,0.12043796479701996,0.14479582011699677,0.49732752072794195
train,full,5_570_2019-11-19_2_L.png,0.6637001037597656,0.017416909337043762,0.11605685204267502,0.14630790054798126,0.48260601599785413
train,full,5_136_2019-01-08_3_L.png,0.6547966003417969,0.0275520421564579,0.13702107965946198,0.15715795755386353,0.5729683184064924
train,full,5_136_2019-01-08_2_L.png,0.6549949645996094,0.02373071201145649,0.12890887260437012,0.1455237865447998,0.538567552389577
train,full,3_123_2020-05-01_3_R.png,0.6598052978515625,0.019427794963121414,0.11422047764062881,0.13891570270061493,0.4909957429140129
train,full,3_123_2020-05-01_4_L.png,0.6546249389648438,0.02062031254172325,0.12096401304006577,0.14175060391426086,0.5084320060654797
train,full,1_184_2019-05-15_2_R.png,0.6570854187011719,0.018830249086022377,0.11035669595003128,0.13695460557937622,0.4814876219384711
train,full,1_184_2019-05-15_1_L.png,0.6516914367675781,0.02031587064266205,0.11353268474340439,0.13757756352424622,0.49489695263857186
train,full,4_78_2021-09-22_1_R.png,0.9667778015136719,0.022232666611671448,0.07210339605808258,0.16178768873214722,0.43976869796487417
train,full,4_78_2021-09-22_2_L.png,0.9611663818359375,0.02923651970922947,0.08097241073846817,0.1700284779071808,0.49327516772106966
train,full,4_73_2019-02-08_2_R.png,0.660003662109375,0.018226535990834236,0.11322052776813507,0.13563017547130585,0.4826478318522938
train,full,4_73_2019-02-08_1_L.png,0.6565589904785156,0.01996743492782116,0.11574770510196686,0.1333649456501007,0.4964608977675777
train,full,3_130_2022-04-26_2_L.png,0.9631538391113281,0.017301136627793312,0.061956215649843216,0.16405388712882996,0.39588560024699704
train,full,3_130_2022-04-26_1_L.png,0.9602813720703125,0.01902816817164421,0.061606936156749725,0.16638073325157166,0.4050444807603278
train,full,5_33_2020-11-11_1_L.png,0.7835578918457031,0.012950336560606956,0.08537057042121887,0.13676472008228302,0.40866245973262594
train,full,5_33_2020-08-16_2_L.png,0.7825660705566406,0.015015963464975357,0.09420031309127808,0.1473636031150818,0.4343289289538833
train,full,1_129_2019-07-29_2_R.png,0.6601943969726562,0.02255755290389061,0.11512569338083267,0.13415543735027313,0.5100407472811639
train,full,1_129_2019-07-29_1_L.png,0.6550445556640625,0.027256496250629425,0.11847717314958572,0.1406310796737671,0.541804203238677
train,full,2_52_2021-01-22_1_L.png,0.9610023498535156,0.016225140541791916,0.05936465412378311,0.16733942925930023,0.38571018347177993
train,full,2_52_2021-01-22_2_R.png,0.966033935546875,0.01629650592803955,0.059540122747421265,0.1687895953655243,0.3863907683979381
train,full,2_55_2019-05-28_2_R.png,0.6495323181152344,0.014727061614394188,0.10824380069971085,0.1368655562400818,0.4550457681486891
train,full,2_55_2019-05-28_1_L.png,0.6483154296875,0.014739438891410828,0.10834494978189468,0.1364484429359436,0.4552763093262911
train,full,5_126_2021-07-05_1_R.png,0.9554939270019531,0.03525684401392937,0.09740535169839859,0.18260923027992249,0.5532828070985323
train,full,5_126_2021-06-29_2_R.png,0.7543716430664062,0.03383907303214073,0.12930512428283691,0.14534570276737213,0.5960574835284866
train,full,3_108_2020-03-12_1_L.png,0.6540679931640625,0.014269143342971802,0.10468451678752899,0.131974458694458,0.4468074807389216
train,full,3_108_2020-03-12_2_R.png,0.6542739868164062,0.015227196738123894,0.10713108628988266,0.1350860446691513,0.4560888007494875
train,full,1_161_2018-12-04_1_L.png,0.6573638916015625,0.019839895889163017,0.11331827193498611,0.13751788437366486,0.4918784833640199
train,full,1_161_2018-12-04_2_R.png,0.6479835510253906,0.019033560529351234,0.12022193521261215,0.13988174498081207,0.4983259476340291
train,full,5_271_2022-05-09_1_R.png,0.9642143249511719,0.025093231350183487,0.0847102478146553,0.16593584418296814,0.4759157296862792
train,full,5_271_2022-05-09_2_R.png,0.9490928649902344,0.026885390281677246,0.08822611719369888,0.16850236058235168,0.4915900522335009
train,full,5_122_2020-05-08_1_L.png,0.6473579406738281,0.020112624391913414,0.13085447251796722,0.15369051694869995,0.5213110821194609
train,full,5_122_2020-05-08_2_R.png,0.6541404724121094,0.02016008272767067,0.1337268352508545,0.15305095911026,0.5261477032422341
train,full,1_7_2019-08-07_1_L.png,0.6598014831542969,0.015986502170562744,0.1093311607837677,0.14096011221408844,0.46386001231995494
train,full,1_7_2019-08-07_2_R.png,0.659759521484375,0.016286680474877357,0.10691287368535995,0.13730692863464355,0.4617012403524396
train,full,5_98_2020-09-16_1_L.png,0.7856864929199219,0.019579457119107246,0.0985681489109993,0.1441575586795807,0.466947410471568
train,full,5_98_2020-05-18_2_R.png,0.6602973937988281,0.021575624123215675,0.1145387813448906,0.1418275237083435,0.5035836741963231
train,full,5_81_2021-03-03_2_L.png,0.7525138854980469,0.015107662416994572,0.08464595675468445,0.1292579472064972,0.4196446232053197
train,full,5_81_2021-03-03_3_L.png,0.7583694458007812,0.014817277900874615,0.08404702693223953,0.1294960379600525,0.4170583674028008
train,full,2_2_2021-08-05_3_L.png,0.95654296875,0.021886181086301804,0.07777751982212067,0.1644984483718872,0.4468467319638214
train,full,2_2_2021-08-05_2_R.png,0.7855911254882812,0.01571379229426384,0.08978325128555298,0.15014298260211945,0.4312270723367957
train,full,1_58_2019-07-02_2_R.png,0.6574630737304688,0.018761198967695236,0.1162174642086029,0.13409225642681122,0.49042316452515394
train,full,1_58_2019-07-02_1_L.png,0.6515655517578125,0.016850313171744347,0.1104273870587349,0.1356917768716812,0.4704629455481402
train,full,1_56_2020-01-06_2_R.png,0.6536827087402344,0.025753548368811607,0.12469664961099625,0.14873525500297546,0.5432447430466047
train,full,1_56_2020-01-06_1_L.png,0.7181739807128906,0.020202452316880226,0.10720410197973251,0.1516435742378235,0.48419077470475297
train,full,1_102_2020-05-20_2_L.png,0.7797355651855469,0.01932246796786785,0.08349701017141342,0.13150691986083984,0.4415250348646871
train,full,1_102_2020-05-20_1_R.png,0.7809944152832031,0.01590554416179657,0.08334874361753464,0.13545113801956177,0.42206895984709264
train,full,1_11_2019-08-05_2_L.png,0.6548957824707031,0.01564067043364048,0.10897974669933319,0.13700757920742035,0.4613556409381669
train,full,1_11_2019-08-05_1_R.png,0.6431770324707031,0.015162479132413864,0.10648009926080704,0.132258802652359,0.45468910303474824
train,full,1_192_2019-09-17_2_R.png,0.6397285461425781,0.022323034703731537,0.13806919753551483,0.1558159738779068,0.5452226117422634
train,full,1_192_2019-09-17_1_L.png,0.6457252502441406,0.02298893965780735,0.11293265223503113,0.1432562917470932,0.5089783686763523
train,full,3_57_2019-11-04_2_R.png,0.7088241577148438,0.021390188485383987,0.13960671424865723,0.16778334975242615,0.5424214010804214
train,full,3_57_2019-11-04_1_L.png,0.6649818420410156,0.02650471217930317,0.12200786918401718,0.1458965390920639,0.5431924342558804
train,full,1_51_2019-01-03_2_L.png,0.657440185546875,0.022693267092108727,0.11684161424636841,0.13818009197711945,0.5135340136941522
train,full,1_51_2019-01-03_1_R.png,0.6260719299316406,0.025460777804255486,0.15251560509204865,0.1340252310037613,0.5858553377953781
train,full,3_89_2019-05-29_2_R.png,0.6592178344726562,0.020529380068182945,0.11654885858297348,0.14435988664627075,0.5008964015382595
train,full,3_89_2019-05-29_1_L.png,0.6454048156738281,0.02050156146287918,0.11201326549053192,0.1393079161643982,0.49352420559999616
train,full,5_272_2019-12-09_1_L.png,0.6531524658203125,0.028972402215003967,0.13511446118354797,0.15812495350837708,0.5779245870695873
train,full,5_272_2019-12-02_1_L.png,0.6690750122070312,0.026600956916809082,0.12222994118928909,0.15319010615348816,0.5440871072763747
train,full,1_166_2021-08-10_1_L.png,0.9632072448730469,0.01540900394320488,0.05662226676940918,0.16261553764343262,0.3767565261318602
train,full,1_166_2021-08-10_2_R.png,0.9648017883300781,0.016029929742217064,0.0606059804558754,0.16254213452339172,0.38658696007068183
train,full,2_97_2019-06-10_2_R.png,0.6651573181152344,0.01722879149019718,0.113414466381073,0.14156773686408997,0.47734405773861166
train,full,2_97_2019-06-10_1_L.png,0.6620025634765625,0.01721428520977497,0.11285869777202606,0.14294037222862244,0.47637828257866205
train,full,5_335_2021-01-04_2_R.png,0.7856636047363281,0.015200714580714703,0.09188110381364822,0.15041393041610718,0.43167850285641507
train,full,5_335_2021-01-04_1_L.png,0.7857551574707031,0.016026649624109268,0.09060776233673096,0.14800477027893066,0.43429861694405025
train,full,5_38_2021-03-18_2_R.png,0.7516899108886719,0.02810303494334221,0.10641220957040787,0.13701683282852173,0.5273717231455852
train,full,5_38_2021-03-18_1_L.png,0.9667816162109375,0.02603118307888508,0.09102744609117508,0.1652963012456894,0.4912417963274162
train,full,1_124_2019-11-26_2_R.png,0.66326904296875,0.017365837469697,0.11805166304111481,0.14592045545578003,0.4854922996960919
train,full,1_124_2019-11-26_1_L.png,0.6570549011230469,0.018145296722650528,0.11904261261224747,0.14332938194274902,0.49145326867530287
train,full,1_17_2021-07-23_2_R.png,0.9667472839355469,0.022168787196278572,0.07121703773736954,0.16769813001155853,0.43799926074306395
train,full,1_17_2021-07-23_1_R.png,0.966796875,0.018068093806505203,0.06442234665155411,0.16457250714302063,0.40412312460724603
train,full,5_587_2021-12-17_6_L.png,0.7071609497070312,0.018256427720189095,0.0905127003788948,0.10995711386203766,0.44668988380157815
train,full,5_587_2021-12-17_8_L.png,0.6478080749511719,0.016579940915107727,0.08506730943918228,0.0866418406367302,0.4285965235734528
train,full,5_423_2020-03-12_2_R.png,0.6490974426269531,0.015562275424599648,0.11462680995464325,0.14048489928245544,0.4698986332821236
train,full,5_423_2020-03-12_1_L.png,0.663177490234375,0.015605412423610687,0.1149178147315979,0.14268793165683746,0.4706042410467159
train,full,5_578_2019-12-11_1_L.png,0.6476669311523438,0.01498370710760355,0.1093796044588089,0.13632717728614807,0.4582963595738296
train,full,5_578_2019-12-11_2_R.png,0.6535911560058594,0.014976772479712963,0.111038438975811,0.13921886682510376,0.46089640720535746
train,full,3_101_2021-06-11_2_L.png,0.9544181823730469,0.02858978882431984,0.08316024392843246,0.16539236903190613,0.49311795020475985
train,full,3_101_2021-06-11_1_R.png,0.9655265808105469,0.029563674703240395,0.08226107060909271,0.16493599116802216,0.4971655552656475
train,full,5_735_2018-12-04_1_R.png,0.6633224487304688,0.022060440853238106,0.12573085725307465,0.15194961428642273,0.524116343611174
train,full,5_735_2019-12-11_1_L.png,0.6484718322753906,0.018176250159740448,0.11862998455762863,0.14279897511005402,0.4909709280356765
train,full,1_178_2020-10-28_1_L.png,0.7127037048339844,0.01786450855433941,0.09244287014007568,0.12396503984928131,0.44755606311373414
train,full,1_178_2020-10-28_2_R.png,0.756622314453125,0.02355366200208664,0.09752053022384644,0.13098065555095673,0.48763564684512944
train,full,5_220_2020-08-10_2_L.png,0.7855262756347656,0.015381591394543648,0.08336235582828522,0.1387219876050949,0.4191433813211254
train,full,5_220_2020-08-10_1_L.png,0.7854652404785156,0.015773160383105278,0.09300930798053741,0.15391328930854797,0.4366933807603676
train,full,1_60_2021-11-23_2_L.png,0.9666023254394531,0.03691143915057182,0.1096077486872673,0.18585389852523804,0.582002809042619
train,full,1_60_2021-11-23_1_L.png,0.966796875,0.020637644454836845,0.06379318237304688,0.1649535447359085,0.4175759038337591
train,full,2_144_2020-10-20_1_R.png,0.78564453125,0.013548899441957474,0.08259314298629761,0.14691394567489624,0.4076107413846661
train,full,2_144_2019-05-21_1_R.png,0.6520004272460938,0.016852127388119698,0.10725252330303192,0.1361341029405594,0.46542223090390594
train,full,5_4_2019-09-29_2_R.png,0.659820556640625,0.02316855452954769,0.1221347376704216,0.14537888765335083,0.5246283837043765
train,full,5_4_2019-09-29_1_L.png,0.6598052978515625,0.02264673449099064,0.1203065738081932,0.1465466171503067,0.5187847034794024
train,full,1_35_2019-06-04_2_R.png,0.6583824157714844,0.019297553226351738,0.10921168327331543,0.13548529148101807,0.48229459665123037
train,full,1_35_2019-06-04_1_L.png,0.6597480773925781,0.021412640810012817,0.11639989912509918,0.14075520634651184,0.5056277622553436
train,full,2_188_2019-08-01_1_R.png,0.6598892211914062,0.01976928859949112,0.10994824767112732,0.13864189386367798,0.48611991512165825
train,full,2_188_2019-08-01_2_L.png,0.6536903381347656,0.01923353597521782,0.10998471826314926,0.13843891024589539,0.4831643280065195
train,full,3_158_2020-11-06_4_L.png,0.9584922790527344,0.017942452803254128,0.06812600791454315,0.16736719012260437,0.4093085823368958
train,full,3_158_2020-11-06_3_L.png,0.9666252136230469,0.02061373181641102,0.08838000148534775,0.16748717427253723,0.45655678928491067
train,full,5_656_2020-10-21_1_L.png,0.75054931640625,0.026898467913269997,0.11139241605997086,0.14163190126419067,0.5285190893802791
train,full,5_656_2020-10-21_2_L.png,0.7856826782226562,0.019400516524910927,0.10087600350379944,0.15066158771514893,0.46961245648139577
train,full,5_289_2020-10-15_1_L.png,0.6864891052246094,0.019505927339196205,0.09687066823244095,0.12258923053741455,0.4638332680164074
train,full,5_289_2020-10-15_2_L.png,0.7676963806152344,0.02118844911456108,0.10212904214859009,0.15204153954982758,0.48166304786943576
train,full,5_641_2019-08-18_1_L.png,0.6509208679199219,0.02248041331768036,0.1207030639052391,0.14041852951049805,0.5184799265793778
train,full,5_641_2019-08-18_2_R.png,0.6590080261230469,0.023128598928451538,0.13889265060424805,0.1604728400707245,0.5510639494792982
train,full,1_43_2021-11-14_1_L.png,0.9640541076660156,0.018261611461639404,0.06709682196378708,0.16710197925567627,0.40946650850501926
train,full,1_43_2021-11-14_2_R.png,0.9636764526367188,0.017927324399352074,0.07099194824695587,0.1648482382297516,0.4137829355937852
train,full,5_80_2020-11-24_2_R.png,0.7826690673828125,0.016679110005497932,0.09813166409730911,0.1490001380443573,0.4499385502993722
train,full,5_80_2020-11-24_1_L.png,0.7855339050292969,0.015978308394551277,0.08792302012443542,0.1435125768184662,0.42975551673549817
train,full,5_119_2021-08-31_1_L.png,0.9577827453613281,0.026604335755109787,0.08393045514822006,0.17237254977226257,0.48317511272193353
train,full,5_119_2021-08-31_2_L.png,0.7664451599121094,0.03310803323984146,0.12003199011087418,0.14703872799873352,0.5771926712414079
train,full,5_132_2019-11-11_2_R.png,0.6537857055664062,0.020129280164837837,0.11198440939188004,0.14033427834510803,0.4913842158688402
train,full,5_132_2019-11-14_1_R.png,0.668304443359375,0.021093547344207764,0.11472493410110474,0.14416998624801636,0.5011681444265625
train,full,4_70_2019-12-24_2_R.png,0.6597175598144531,0.016366345807909966,0.11002372950315475,0.13679951429367065,0.4670984466517852
train,full,4_70_2019-12-24_1_L.png,0.6521797180175781,0.01841563545167446,0.11153925210237503,0.1368764042854309,0.4810367595785382
train,full,1_118_2019-05-29_2_R.png,0.659820556640625,0.019590701907873154,0.12316368520259857,0.14281301200389862,0.5061399246904661
train,full,1_118_2019-05-29_1_L.png,0.6645736694335938,0.018871380016207695,0.11381892114877701,0.14449135959148407,0.48722706896422263
train,full,5_527_2022-06-30_2_R.png,0.966796875,0.02256808429956436,0.08634994179010391,0.16661784052848816,0.46432038157839667
train,full,5_527_2022-06-30_1_L.png,0.9621925354003906,0.02012302167713642,0.0673215389251709,0.16920062899589539,0.420294445223937
train,full,1_191_2019-06-10_2_R.png,0.6593551635742188,0.022519370540976524,0.11583586782217026,0.13260570168495178,0.5109557944646275
train,full,1_191_2019-06-10_1_L.png,0.6469879150390625,0.019045982509851456,0.1152554526925087,0.14110371470451355,0.4904945990832692
train,full,4_26_2019-05-13_4_L.png,0.6419944763183594,0.022520655766129494,0.12514036893844604,0.14416775107383728,0.5257656392683698
train,full,4_26_2019-05-13_6_L.png,0.6400985717773438,0.015487918630242348,0.12207075208425522,0.14534857869148254,0.4813230115200647
train,full,1_171_2021-07-16_1_R.png,0.9658584594726562,0.020896777510643005,0.06351566314697266,0.16676528751850128,0.4185920194130052
train,full,1_171_2021-07-30_1_R.png,0.7514724731445312,0.025192145258188248,0.09285268932580948,0.13107448816299438,0.4894260046410967
train,full,1_88_2019-03-19_2_L.png,0.7592735290527344,0.030521556735038757,0.11554066091775894,0.1311367154121399,0.5554984444583004
train,full,1_88_2019-03-19_1_R.png,0.785369873046875,0.017287053167819977,0.09115070104598999,0.13691024482250214,0.4422521530057896
train,full,2_202_2019-06-28_2_R.png,0.658447265625,0.016558295115828514,0.10991509258747101,0.14107435941696167,0.4680053300520574
train,full,2_202_2019-06-28_1_L.png,0.6594924926757812,0.01726774126291275,0.10916338860988617,0.13977737724781036,0.470800071937794
train,full,1_130_2020-05-27_1_L.png,0.7854728698730469,0.012489905580878258,0.08767158538103104,0.14796550571918488,0.409733241089535
train,full,1_130_2020-05-27_2_R.png,0.78533935546875,0.012257707305252552,0.0888218879699707,0.14952385425567627,0.4102571526351808
train,full,1_1_2020-04-15_1_L.png,0.6597938537597656,0.021823203191161156,0.11752568185329437,0.14425775408744812,0.509728193625977
train,full,1_1_2020-04-15_2_R.png,0.6600570678710938,0.01766517013311386,0.11156218498945236,0.14235442876815796,0.47685187630016695
train,full,1_72_2019-06-01_2_R.png,0.6465873718261719,0.021025650203227997,0.12110316008329391,0.14576441049575806,0.5109334007074886
train,full,1_72_2019-06-01_1_L.png,0.6468238830566406,0.018688993528485298,0.11420938372612,0.14083817601203918,0.4868223354347389
train,full,1_42_2020-08-05_1_L.png,0.964385986328125,0.017818620428442955,0.060537081211805344,0.16557395458221436,0.39653873274695467
train,full,1_42_2020-08-05_2_R.png,0.7855911254882812,0.013669420965015888,0.0859127789735794,0.1442880779504776,0.4135699140225453
train,full,5_41_2021-08-08_1_L.png,0.9642982482910156,0.02103177085518837,0.07109273225069046,0.1704723984003067,0.43140578509562394
train,full,5_41_2021-08-08_2_R.png,0.9659194946289062,0.02553172968327999,0.08558021485805511,0.17045548558235168,0.4797663212880831
train,full,2_87_2020-03-22_2_R.png,0.6596488952636719,0.020213160663843155,0.11880505084991455,0.14589333534240723,0.5027070641771636
train,full,2_87_2020-03-22_1_L.png,0.6598472595214844,0.020019270479679108,0.11605744063854218,0.14135584235191345,0.49724523382769387
train,full,4_3_2019-02-11_2_R.png,0.6456108093261719,0.020215488970279694,0.11961545795202255,0.141655832529068,0.5040094449269501
train,full,4_3_2019-02-11_1_L.png,0.6559333801269531,0.019354579970240593,0.11464674770832062,0.1399758756160736,0.4912620655049316
train,full,1_131_2019-09-06_2_R.png,0.6593360900878906,0.0183736402541399,0.11186859756708145,0.13887295126914978,0.4813244952862574
train,full,1_131_2019-09-06_1_L.png,0.6501312255859375,0.02364794909954071,0.12268638610839844,0.1420678347349167,0.5282026006755504
train,full,5_728_2021-03-30_1_R.png,0.6849594116210938,0.014370957389473915,0.09352204948663712,0.12265019118785858,0.42962171404453164
train,full,5_728_2021-03-30_2_R.png,0.7588691711425781,0.024711770936846733,0.12748906016349792,0.1712530106306076,0.5418272163253277
train,full,1_34_2019-06-25_2_R.png,0.6584510803222656,0.018263788893818855,0.11103532463312149,0.13897761702537537,0.47938091989860615
train,full,1_34_2019-06-25_1_L.png,0.6516876220703125,0.021034492179751396,0.11642120033502579,0.13092193007469177,0.5035345644986426
train,full,5_278_2020-10-21_2_R.png,0.6999664306640625,0.018839752301573753,0.1023423820734024,0.12853318452835083,0.46879103272221984
train,full,5_278_2020-10-21_1_L.png,0.78289794921875,0.018540991470217705,0.10349984467029572,0.15212643146514893,0.46895192081362685
train,full,3_64_2021-09-06_2_R.png,0.9619407653808594,0.016858017072081566,0.06523021310567856,0.16237810254096985,0.39860168506222016
train,full,3_64_2021-09-06_1_L.png,0.9588050842285156,0.021360278129577637,0.06493204832077026,0.16472281515598297,0.423452550443736
train,full,1_194_2019-09-29_2_R.png,0.6401252746582031,0.019841108471155167,0.12404942512512207,0.14258483052253723,0.508957593303851
train,full,1_194_2019-09-29_1_L.png,0.6463203430175781,0.01987931877374649,0.1221083328127861,0.14331120252609253,0.5060844248499383
train,full,3_71_2020-12-08_1_L.png,0.7749671936035156,0.022028779610991478,0.10105486214160919,0.13879188895225525,0.48468098417347805
train,full,3_71_2020-12-08_2_L.png,0.7511863708496094,0.013994485139846802,0.0883849561214447,0.13654737174510956,0.41933140910484573
train,full,1_22_2021-04-04_1_L.png,0.7522048950195312,0.022906867787241936,0.09706169366836548,0.132936030626297,0.4832674621392719
train,full,1_22_2021-04-04_2_R.png,0.9662971496582031,0.019326480105519295,0.06665841490030289,0.16665679216384888,0.4147589288440279
train,full,2_156_2019-05-25_2_R.png,0.6498374938964844,0.019576026126742363,0.11188721656799316,0.13686110079288483,0.48811753695746035
train,full,2_156_2019-05-25_1_L.png,0.6572074890136719,0.020399659872055054,0.11534328013658524,0.13781118392944336,0.4982487597248771
train,full,5_49_2019-05-30_2_R.png,0.6599082946777344,0.019810087978839874,0.11255249381065369,0.14418308436870575,0.4904925304888324
train,full,5_49_2019-05-30_1_L.png,0.662078857421875,0.025176815688610077,0.14805284142494202,0.1621607542037964,0.577158199606294
train,full,2_88_2020-08-04_1_R.png,0.785491943359375,0.012767923064529896,0.08813800662755966,0.14328151941299438,0.41203912323637104
train,full,2_88_2020-08-04_2_L.png,0.7854576110839844,0.01180819608271122,0.08439994603395462,0.1399225890636444,0.4006937443829057
train,full,1_30_2019-10-06_2_L.png,0.6602058410644531,0.01838858425617218,0.1113719716668129,0.13906505703926086,0.48061846863817087
train,full,1_30_2019-10-06_1_R.png,0.6578292846679688,0.015375425107777119,0.10938115417957306,0.13489234447479248,0.46050223878965796
train,full,5_493_2020-05-08_1_R.png,0.6602973937988281,0.02269696816802025,0.1227874830365181,0.1468258500099182,0.5230141689577563
train,full,5_493_2019-12-22_2_R.png,0.6657562255859375,0.020652253180742264,0.12762995064258575,0.1554141789674759,0.5192165728912435
train,full,1_163_2021-01-07_2_R.png,0.7855377197265625,0.014592125080525875,0.09412836283445358,0.15247684717178345,0.43183037172367966
train,full,1_163_2021-01-07_1_L.png,0.754364013671875,0.015982698649168015,0.094353087246418,0.13988365232944489,0.4400098641572351
train,full,1_110_2020-09-17_1_L.png,0.7851486206054688,0.01570638082921505,0.09102308750152588,0.1511721909046173,0.43315784955312586
train,full,1_110_2020-09-17_2_R.png,0.7578582763671875,0.020318996161222458,0.09645859897136688,0.13205231726169586,0.46775121540677816
train,full,1_71_2020-10-14_1_L.png,0.7855720520019531,0.012975364923477173,0.08783428370952606,0.15098518133163452,0.4127227881415324
train,full,1_71_2020-10-14_2_R.png,0.7856483459472656,0.01276233047246933,0.08269625902175903,0.1381794512271881,0.40335033916952934
train,full,4_36_2019-06-16_2_R.png,0.6558914184570312,0.020956985652446747,0.12235889583826065,0.14594918489456177,0.5125449240377002
train,full,4_36_2019-06-16_1_L.png,0.6533317565917969,0.017547646537423134,0.11254582554101944,0.13537997007369995,0.4777556887700815
train,full,2_102_2020-10-23_2_L.png,0.7462043762207031,0.02305085025727749,0.09728632122278214,0.13125447928905487,0.484434725551612
train,full,2_102_2020-10-23_1_R.png,0.785675048828125,0.013158343732357025,0.08204695582389832,0.13987663388252258,0.40454493139616465
train,full,1_173_2020-10-26_2_R.png,0.7225341796875,0.014300281181931496,0.08409131318330765,0.12336985766887665,0.41422071625817225
train,full,1_173_2020-10-26_1_L.png,0.7460517883300781,0.01589467190206051,0.08537090569734573,0.13283708691596985,0.4252248794221404
train,full,5_713_2022-02-16_1_R.png,0.9653778076171875,0.02291867509484291,0.07376164197921753,0.16342902183532715,0.44626561419361016
train,full,5_713_2022-02-16_3_L.png,0.9621849060058594,0.019642548635601997,0.07984675467014313,0.1625443696975708,0.4375182639595798
train,full,4_102_2019-10-30_2_R.png,0.6498146057128906,0.017418643459677696,0.1057877168059349,0.1332787722349167,0.46627850983376534
train,full,4_102_2019-10-30_1_L.png,0.657958984375,0.018247373402118683,0.10851127654314041,0.1380961537361145,0.47527305170555006
train,full,1_167_2021-10-19_2_L.png,0.9647483825683594,0.02326619252562523,0.08891399204730988,0.16535213589668274,0.4723264112137258
train,full,1_167_2021-10-19_1_L.png,0.9655494689941406,0.021092679351568222,0.08532259613275528,0.16152313351631165,0.45438681520013646
train,full,5_108_2021-12-01_2_R.png,0.6921844482421875,0.0119102094322443,0.07203951478004456,0.09470104426145554,0.3816032470246269
train,full,5_203_2021-11-14_1_L.png,0.9664802551269531,0.030304092913866043,0.10065817087888718,0.17455512285232544,0.5305985217659988
train,full,5_245_2022-04-20_1_L.png,0.9568290710449219,0.02293400652706623,0.07164719700813293,0.16949808597564697,0.44298796377314087
train,full,4_49_2021-02-17_1_L.png,0.9550666809082031,0.018297117203474045,0.07587070018053055,0.16550692915916443,0.4236246709203856
train,full,5_599_2021-01-06_3_R.png,0.7831687927246094,0.01630353182554245,0.10724806040525436,0.15189218521118164,0.46232928079976277
train,full,2_161_2021-04-25_1_L.png,0.9655418395996094,0.01867421716451645,0.06033299118280411,0.16415315866470337,0.4010267757048661
train,full,5_704_2022-07-22_1_L.png,0.7157974243164062,0.019876612350344658,0.10973850637674332,0.1363118588924408,0.4863899318882349
train,full,5_10_2019-05-20_2_R.png,0.6602668762207031,0.01977687142789364,0.11302131414413452,0.1405937373638153,0.49105153792029754
train,full,5_478_2021-05-25_1_R.png,0.9609794616699219,0.02828613482415676,0.08737838268280029,0.17236456274986267,0.4981205717448823
train,full,5_21_2019-08-06_1_L.png,0.6596412658691406,0.020305389538407326,0.11488483101129532,0.14327386021614075,0.4969891382169656
train,full,1_33_2019-03-06_1_L.png,0.6593780517578125,0.015830148011446,0.10511010885238647,0.13443787395954132,0.4562652102840895
train,full,1_53_2020-03-31_1_R.png,0.7160186767578125,0.01750171184539795,0.11395645141601562,0.15891322493553162,0.47974148365584285
train,full,1_189_2021-11-22_1_R.png,0.6836585998535156,0.012104609049856663,0.08748111873865128,0.11205194145441055,0.40726293298966165
train,full,5_9_2020-04-09_2_R.png,0.6602783203125,0.01933307945728302,0.10903320461511612,0.13648131489753723,0.48221048838035624
train,full,5_731_2020-03-23_1_R.png,0.6795730590820312,0.03379363939166069,0.1400788277387619,0.16993561387062073,0.6129419020715763
train,full,5_636_2019-05-03_1_R.png,0.966796875,0.019368907436728477,0.057679302990436554,0.16412219405174255,0.4007126318163831
train,full,5_79_2020-01-14_2_R.png,0.6555900573730469,0.02494937926530838,0.12967467308044434,0.15056712925434113,0.5466408746317029
train,full,2_205_2022-01-12_1_R.png,0.6317825317382812,0.026663489639759064,0.13815739750862122,0.1407526582479477,0.5697779888964511
train,full,2_191_2021-05-21_1_L.png,0.7549552917480469,0.015782566741108894,0.09239578992128372,0.1293070912361145,0.4357702400662343
train,full,1_148_2020-09-22_1_R.png,0.7576942443847656,0.01770295575261116,0.08987980335950851,0.12939199805259705,0.4425697223622013
train,full,4_71_2021-05-06_1_R.png,0.9627647399902344,0.01811630092561245,0.06688493490219116,0.1655493676662445,0.4083120436873287
train,full,3_48_2021-03-27_1_R.png,0.9640464782714844,0.017512600868940353,0.06517946720123291,0.16736304759979248,0.40220298679884187
train,full,5_153_2020-03-11_1_R.png,0.6562767028808594,0.022451573982834816,0.11842848360538483,0.14534027874469757,0.5146990548438308
train,full,1_98_2019-10-10_1_R.png,0.6584587097167969,0.01961907371878624,0.12397784739732742,0.15086233615875244,0.5075947741639208
train,full,1_205_2019-11-05_1_R.png,0.6520919799804688,0.0199838075786829,0.12072696536779404,0.1475381851196289,0.5044745443515819
train,full,2_135_2019-05-31_1_L.png,0.6472015380859375,0.020453905686736107,0.12016429007053375,0.14084488153457642,0.5062236809637397
train,full,5_83_2020-05-24_2_R.png,0.7798233032226562,0.019170187413692474,0.08613277226686478,0.13803425431251526,0.44486171462657775
train,full,3_156_2019-05-28_1_L.png,0.6589241027832031,0.017936240881681442,0.11045057326555252,0.13953644037246704,0.4766081760637462
train,full,3_120_2019-10-21_1_R.png,0.6595191955566406,0.01932942122220993,0.11015923321247101,0.1350107192993164,0.48398131994022564
train,full,2_200_2021-10-07_1_L.png,0.9639244079589844,0.016189102083444595,0.05362362414598465,0.16216588020324707,0.37637401036071505
train,full,5_364_2020-09-09_1_L.png,0.7462348937988281,0.02049262821674347,0.0983106940984726,0.13915857672691345,0.47167441069402477
train,full,5_241_2019-05-08_2_L.png,0.78515625,0.025066567584872246,0.10036292672157288,0.15210440754890442,0.5006677351764997
train,full,3_3_2022-05-12_1_L.png,0.7163810729980469,0.014110410585999489,0.09124854952096939,0.12231925129890442,0.42453920651142574
train,full,5_708_2021-05-20_1_L.png,0.785675048828125,0.020727405324578285,0.09434275329113007,0.1398753523826599,0.4666823988230053
train,full,2_3_2020-11-18_1_R.png,0.7545356750488281,0.01957714930176735,0.08893237262964249,0.13212700188159943,0.45160478491505435
train,full,2_101_2021-04-29_2_R.png,0.7734260559082031,0.01831144280731678,0.10899125784635544,0.1584935486316681,0.47639704872854055
train,full,5_459_2020-07-12_1_L.png,0.7846488952636719,0.016539104282855988,0.09770166128873825,0.15159346163272858,0.4484669227322394
train,full,2_91_2020-03-25_1_R.png,0.6553764343261719,0.01784472167491913,0.11554929614067078,0.14008471369743347,0.48420498509975995
train,full,2_53_2020-03-18_1_R.png,0.7099952697753906,0.01820356212556362,0.12719428539276123,0.17479480803012848,0.5047495818993246
train,full,5_231_2021-03-24_2_L.png,0.9667396545410156,0.02152317389845848,0.0671563372015953,0.1696898639202118,0.4279074805450033
train,full,5_711_2019-05-24_1_L.png,0.6596145629882812,0.027176126837730408,0.1355763077735901,0.16334955394268036,0.5685552940111269
train,full,3_126_2021-07-25_1_L.png,0.9467353820800781,0.024159107357263565,0.08133678883314133,0.1699541211128235,0.4652944156646051
train,full,1_125_2018-11-26_1_R.png,0.6569404602050781,0.016773255541920662,0.11218945682048798,0.13543486595153809,0.47283278918317095
train,full,5_293_2021-10-09_2_L.png,0.9595832824707031,0.02035425417125225,0.06414920091629028,0.16880618035793304,0.4165482266255739
train,full,2_143_2019-02-13_1_R.png,0.6598892211914062,0.01385237742215395,0.10620270669460297,0.13621994853019714,0.4468784745592116
train,full,5_198_2021-11-30_1_R.png,0.9609222412109375,0.015196258202195168,0.05654001981019974,0.1601000875234604,0.37542898390357465
train,full,5_657_2019-08-25_1_L.png,0.6534461975097656,0.022170057520270348,0.12447188794612885,0.1464933156967163,0.5227300316476348
train,full,5_191_2021-05-05_1_L.png,0.9665565490722656,0.03146204352378845,0.08603641390800476,0.17081676423549652,0.5138501078567721
train,full,3_22_2019-05-12_3_L.png,0.6720619201660156,0.023823658004403114,0.12066207081079483,0.13975025713443756,0.5259704616555774
train,full,5_569_2020-05-09_2_R.png,0.6635894775390625,0.021988464519381523,0.13411061465740204,0.15862151980400085,0.5370429089673879
train,full,4_79_2021-11-10_1_R.png,0.9574127197265625,0.018184224143624306,0.06981629133224487,0.16492611169815063,0.41335763338191267
train,full,5_477_2021-01-22_1_R.png,0.7854537963867188,0.024120915681123734,0.11364675313234329,0.16677838563919067,0.5164818034168672
train,full,5_519_2019-07-28_1_R.png,0.6565589904785156,0.024569053202867508,0.12237030267715454,0.1421469748020172,0.5328809512525119
train,full,5_16_2021-04-13_1_L.png,0.7106742858886719,0.013507521711289883,0.09548746049404144,0.13006886839866638,0.4278916785937988
train,full,4_28_2019-06-28_2_L.png,0.6598663330078125,0.016905315220355988,0.10627099871635437,0.13823401927947998,0.46415989607233893
train,full,4_29_2020-12-16_1_L.png,0.7258720397949219,0.013397272676229477,0.08686508238315582,0.12892508506774902,0.41355410804972054
train,full,1_99_2018-12-16_1_L.png,0.6564140319824219,0.016778117045760155,0.11691347509622574,0.14098595082759857,0.48037561876275997
train,full,5_165_2019-04-12_1_L.png,0.6510581970214844,0.026199985295534134,0.13202594220638275,0.1495324671268463,0.5574161889793521
train,full,5_256_2019-09-29_1_L.png,0.6498680114746094,0.026550812646746635,0.13366647064685822,0.14506229758262634,0.5619995244397697
train,full,4_10_2019-12-16_1_L.png,0.6541862487792969,0.018736492842435837,0.11599666625261307,0.13519105315208435,0.4899329230951315
train,full,2_98_2020-08-04_1_L.png,0.9633674621582031,0.018402086570858955,0.06411822140216827,0.16582703590393066,0.40551799828271295
train,full,5_533_2019-03-13_2_L.png,0.6595344543457031,0.019581111147999763,0.11389689147472382,0.14351290464401245,0.4913433502809229
train,full,5_6_2021-11-30_1_L.png,0.9409408569335938,0.029916686937212944,0.09593124687671661,0.18183085322380066,0.5208992567802355
train,full,5_448_2019-07-26_1_R.png,0.6556396484375,0.016830094158649445,0.11340033262968063,0.13707873225212097,0.47507889973507683
train,full,5_592_2019-10-08_2_R.png,0.6491851806640625,0.01836545392870903,0.11751826852560043,0.14373819530010223,0.4902665600942617
train,full,5_190_2019-10-15_1_L.png,0.6502838134765625,0.01809864304959774,0.11135666817426682,0.13731394708156586,0.4789632028857754
train,full,2_182_2020-10-21_1_R.png,0.7850914001464844,0.017916779965162277,0.1016748696565628,0.15335063636302948,0.4625373617576604
train,full,5_82_2021-01-10_1_R.png,0.7549934387207031,0.025365177541971207,0.09964019060134888,0.12988249957561493,0.5011976087211885
train,full,1_132_2020-08-23_1_R.png,0.9663925170898438,0.017339443787932396,0.06842687726020813,0.1630186140537262,0.4063953124029054
train,full,5_307_2020-04-12_1_L.png,0.65576171875,0.025773264467716217,0.11505283415317535,0.13987185060977936,0.5280132124200463
train,full,5_273_2021-01-18_1_L.png,0.7856483459472656,0.01276555098593235,0.08304423838853836,0.14239686727523804,0.4039220580958168
train,full,5_461_2019-04-17_2_R.png,0.6554985046386719,0.019038040190935135,0.11263412237167358,0.137699156999588,0.4862796253016726
train,full,3_145_2019-12-04_1_R.png,0.6445388793945312,0.017274221405386925,0.11157602816820145,0.1380741447210312,0.4746748129456219
train,full,5_217_2020-12-24_1_R.png,0.7556228637695312,0.024555882439017296,0.10223428905010223,0.13347472250461578,0.5007722985719076
train,full,5_698_2020-08-21_1_L.png,0.7857170104980469,0.01480039395391941,0.07988951355218887,0.1331903636455536,0.410349169369279
train,full,5_547_2021-11-22_1_L.png,0.9660263061523438,0.017656171694397926,0.05221043899655342,0.16371911764144897,0.3823780278209597
train,full,5_670_2020-10-26_1_R.png,0.7580451965332031,0.02799195609986782,0.11340013146400452,0.13648387789726257,0.5378640531181273
train,full,4_104_2021-08-06_1_L.png,0.7836952209472656,0.018229028210043907,0.0926348939538002,0.13722267746925354,0.4499119786079973
train,full,3_171_2019-01-08_1_L.png,0.7116622924804688,0.01723533309996128,0.10135268419981003,0.14426061511039734,0.4581916553687982
train,full,3_21_2021-03-05_1_R.png,0.7858352661132812,0.021781926974654198,0.09671705961227417,0.14311620593070984,0.4763913886155933
train,full,3_146_2020-04-15_1_L.png,0.6595077514648438,0.020495498552918434,0.11059712618589401,0.13682439923286438,0.49123715283772484
train,full,4_80_2019-03-03_1_R.png,0.6702308654785156,0.018099095672369003,0.11741701513528824,0.1501375436782837,0.488607209963216
train,full,3_187_2021-10-29_1_R.png,0.9632110595703125,0.01888897456228733,0.07007260620594025,0.16792473196983337,0.41772962814958936
train,full,5_100_2021-05-30_1_L.png,0.9657859802246094,0.02967243269085884,0.08238369226455688,0.17080941796302795,0.49797239885242145
train,full,5_150_2019-01-16_1_L.png,0.6600494384765625,0.027116375043988228,0.13589666783809662,0.1635059267282486,0.5687288539103148
train,full,2_190_2021-12-17_1_R.png,0.960205078125,0.014657172374427319,0.059707481414079666,0.168501079082489,0.3774357695830986
train,full,4_75_2019-05-20_1_L.png,0.6496238708496094,0.0222310833632946,0.14062054455280304,0.15776367485523224,0.5487643466161733
train,full,1_84_2021-08-05_1_R.png,0.7855491638183594,0.013331453315913677,0.08613546937704086,0.1476559340953827,0.4120231261836703
train,full,2_12_2021-11-25_1_R.png,0.9660491943359375,0.020441416651010513,0.07022791355848312,0.16549798846244812,0.42670919477770275
train,full,2_64_2020-10-28_1_L.png,0.9659461975097656,0.023933960124850273,0.08361810445785522,0.17157885432243347,0.4676573282488707
train,full,5_505_2019-11-03_2_R.png,0.6599159240722656,0.019693829119205475,0.11007252335548401,0.13728299736976624,0.48589316686107353
train,full,2_93_2022-03-23_1_R.png,0.9659690856933594,0.015715114772319794,0.062208663672208786,0.16858629882335663,0.3873658491637219
train,full,3_65_2021-08-19_2_L.png,0.9624099731445312,0.0189518965780735,0.06925004720687866,0.16724878549575806,0.4167749478989704
train,full,3_135_2021-11-01_1_L.png,0.9646110534667969,0.026015693321824074,0.0789879709482193,0.16525065898895264,0.4720009559892457
train,full,1_112_2019-04-23_1_R.png,0.7018775939941406,0.019248027354478836,0.1100451871752739,0.14989691972732544,0.4833420425568792
train,full,5_58_2018-12-24_1_L.png,0.6449394226074219,0.015539978630840778,0.1153731644153595,0.14032596349716187,0.47096059591382405
train,full,4_15_2021-10-08_2_R.png,0.9614524841308594,0.019830960780382156,0.07366655021905899,0.1676241010427475,0.42874593882906165
train,full,5_42_2022-01-02_1_R.png,0.9659805297851562,0.02087964490056038,0.07334206998348236,0.16238927841186523,0.434128568448465
train,full,2_104_2021-11-21_1_R.png,0.9612350463867188,0.018295714631676674,0.06437257677316666,0.16181577742099762,0.4053243123968555
train,full,5_699_2020-07-22_1_L.png,0.7857551574707031,0.017087886109948158,0.08543641120195389,0.14394277334213257,0.4320409226442941
train,full,4_99_2019-08-16_1_L.png,0.6880416870117188,0.01768505573272705,0.11254634708166122,0.14842122793197632,0.4785294452174143
train,full,3_2_2021-11-30_1_R.png,0.9563522338867188,0.016485832631587982,0.06027103587985039,0.16363614797592163,0.3886185474524444
train,full,2_177_2022-01-05_1_L.png,0.9624900817871094,0.01849042810499668,0.07099063694477081,0.16735410690307617,0.416948307775469
train,full,4_8_2020-03-12_4_R.png,0.6590805053710938,0.02119232900440693,0.12161518633365631,0.1451379358768463,0.5126855561806059
train,full,1_38_2021-03-12_1_R.png,0.7640762329101562,0.014787173829972744,0.09243301302194595,0.1448778510093689,0.4302303735103289
train,full,4_77_2020-05-06_1_L.png,0.652862548828125,0.01737615093588829,0.11219574511051178,0.13959291577339172,0.476234079872004
train,full,1_94_2021-02-19_1_L.png,0.7856559753417969,0.013747630640864372,0.08777796477079391,0.1456032395362854,0.41697718449021604
train,full,5_173_2019-03-13_1_L.png,0.6590003967285156,0.020243342965841293,0.11562313884496689,0.1432652473449707,0.49781470689075913
train,full,5_62_2019-01-23_1_L.png,0.6718063354492188,0.027323728427290916,0.14444659650325775,0.17066994309425354,0.5834973759314215
train,full,5_621_2019-07-28_1_R.png,0.6528091430664062,0.021420776844024658,0.12426787614822388,0.1460273712873459,0.5181907636198131
train,full,5_583_2019-01-04_1_L.png,0.6521453857421875,0.020350411534309387,0.12243707478046417,0.14462348818778992,0.5092573202130469
train,full,5_177_2020-05-13_1_L.png,0.6578140258789062,0.029087701812386513,0.14089351892471313,0.14374235272407532,0.5877671028021723
train,full,1_151_2019-12-28_1_R.png,0.6630783081054688,0.017380399629473686,0.11872918903827667,0.14486634731292725,0.48665209411304783
train,full,2_131_2019-01-13_1_L.png,0.6602134704589844,0.017641259357333183,0.11322829127311707,0.13926962018013,0.47936800181950356
train,full,5_25_2022-04-14_1_L.png,0.7855911254882812,0.019335376098752022,0.09730487316846848,0.15708869695663452,0.46356469786895266
train,full,2_152_2022-05-30_1_R.png,0.7515182495117188,0.012784945778548717,0.08861922472715378,0.14084520936012268,0.4129004502520812
train,full,5_492_2021-09-15_1_L.png,0.9665565490722656,0.023629916831851006,0.07375697046518326,0.16938701272010803,0.45025891701013526
train,full,2_158_2020-09-09_1_R.png,0.7858505249023438,0.01563144288957119,0.08717890828847885,0.14779731631278992,0.42662058398550884
train,full,5_388_2021-09-02_1_L.png,0.7214012145996094,0.02277933806180954,0.09020763635635376,0.12466970086097717,0.4716459253464233
train,full,5_159_2021-07-30_1_R.png,0.9661903381347656,0.03170649707317352,0.09959717839956284,0.1923917680978775,0.5367991025813601
train,full,1_183_2020-10-10_1_L.png,0.7562141418457031,0.016326414421200752,0.08424593508243561,0.12967953085899353,0.42586370511403815
train,full,2_47_2021-05-25_1_R.png,0.9645004272460938,0.019236363470554352,0.06490624696016312,0.16540098190307617,0.4114644828675823
train,full,2_206_2020-09-09_1_R.png,0.7857017517089844,0.015399886295199394,0.09476698189973831,0.15596598386764526,0.43739001343280753
train,full,2_109_2022-06-28_1_L.png,0.7548866271972656,0.017571812495589256,0.08732983469963074,0.13186880946159363,0.4377752732189203
train,full,5_162_2019-06-13_1_L.png,0.6559257507324219,0.020373402163386345,0.13626572489738464,0.15891066193580627,0.5313867676876147
train,full,2_176_2020-08-05_1_L.png,0.785552978515625,0.012822228483855724,0.08724348247051239,0.15297341346740723,0.4109214846065945
train,full,3_131_2021-03-08_2_R.png,0.9654579162597656,0.014953171834349632,0.05683211609721184,0.16857481002807617,0.37452632172287187
train,full,3_103_2019-04-23_4_L.png,0.6622734069824219,0.017807528376579285,0.10885057598352432,0.13697820901870728,0.4733387180011381
train,full,2_108_2021-11-03_1_L.png,0.9663772583007812,0.017456788569688797,0.06063739210367203,0.16559693217277527,0.3946630140512504
train,full,5_500_2019-04-29_1_R.png,0.6684761047363281,0.017971638590097427,0.1163664162158966,0.14782635867595673,0.48621885650367896
train,full,3_169_2019-08-16_1_R.png,0.6552886962890625,0.01641976088285446,0.11127504706382751,0.13929548859596252,0.4693896389312365
train,full,4_103_2021-05-20_1_R.png,0.7189750671386719,0.015735607594251633,0.0966046079993248,0.12520617246627808,0.44220194180750033
train,full,2_17_2021-06-17_1_L.png,0.7540626525878906,0.012573943473398685,0.0912790521979332,0.13975566625595093,0.41594510598912493
train,full,5_137_2020-12-16_1_R.png,0.9646873474121094,0.02969425357878208,0.08172208815813065,0.17240925133228302,0.49704258935949347
train,full,3_30_2022-04-25_1_R.png,0.7253570556640625,0.017291832715272903,0.09056556969881058,0.12595871090888977,0.4413481471806087
train,full,4_65_2020-12-07_1_L.png,0.9580802917480469,0.020670058205723763,0.064315564930439,0.1663239300251007,0.4185892943419855
train,full,5_55_2020-12-07_1_L.png,0.7857704162597656,0.02106652781367302,0.09505879878997803,0.1520766317844391,0.4697291261177849
train,full,5_612_2019-11-09_1_R.png,0.66033935546875,0.020027294754981995,0.11872156709432602,0.1388365626335144,0.5015287533741106
train,full,1_67_2020-10-28_1_R.png,0.7558441162109375,0.015952197834849358,0.08855558931827545,0.12740281224250793,0.43061500491828403
train,full,3_114_2020-08-07_1_R.png,0.785552978515625,0.01501514483243227,0.09780677407979965,0.1552804708480835,0.44006187571847644
train,full,3_5_2022-06-01_1_L.png,0.7852096557617188,0.014496264047920704,0.09330248832702637,0.14718616008758545,0.42997726215345955
train,full,5_29_2020-08-24_2_L.png,0.7489814758300781,0.012750987894833088,0.08477403223514557,0.13458213210105896,0.40659208546434955
train,full,4_11_2021-06-17_1_R.png,0.7420234680175781,0.013689192943274975,0.09798852354288101,0.14020439982414246,0.4328925432150506
train,full,4_41_2021-11-04_1_R.png,0.9579544067382812,0.021495753899216652,0.08544508367776871,0.17096322774887085,0.4568489760795439
train,full,4_68_2021-07-19_1_L.png,0.7819862365722656,0.018915284425020218,0.09654245525598526,0.1510445475578308,0.45998874461616984
train,full,5_666_2021-11-24_1_R.png,0.9648895263671875,0.0187957976013422,0.06720618903636932,0.16658338904380798,0.41264529861086474
train,full,2_129_2021-01-22_1_L.png,0.7857093811035156,0.013499030843377113,0.08967732638120651,0.15243567526340485,0.41860052228227934
train,full,5_420_2018-11-29_1_R.png,0.6575279235839844,0.016669517382979393,0.11354047805070877,0.1345607489347458,0.47439861399629574
train,full,3_7_2022-04-14_1_R.png,0.9638252258300781,0.01738007925450802,0.06062248721718788,0.1663411557674408,0.394207811833952
train,full,2_61_2021-02-19_1_R.png,0.9612045288085938,0.01892424374818802,0.06333886831998825,0.16263693571090698,0.40721525250172075
train,full,2_45_2022-04-23_1_R.png,0.9633445739746094,0.023408174514770508,0.08615397661924362,0.16979774832725525,0.46873412626710803
train,full,4_69_2019-12-27_1_L.png,0.6594085693359375,0.01778484135866165,0.1105460524559021,0.14196284115314484,0.4759084524586797
train,full,4_61_2022-01-17_1_L.png,0.96484375,0.014286011457443237,0.056882504373788834,0.16870979964733124,0.370853707770055
train,full,5_382_2020-09-03_1_R.png,0.7743034362792969,0.018647100776433945,0.10288746654987335,0.15234598517417908,0.46857454774223944
train,full,2_166_2020-09-07_1_L.png,0.7857704162597656,0.013027791865170002,0.08265315741300583,0.14573824405670166,0.40477498876227236
train,full,1_104_2021-08-21_1_L.png,0.9628028869628906,0.016542918980121613,0.05567333102226257,0.16284212470054626,0.3816251277076927
train,full,5_514_2019-03-04_1_L.png,0.6578445434570312,0.017578205093741417,0.11720617115497589,0.14363639056682587,0.4853417668533935
train,full,5_87_2019-02-17_1_R.png,0.6597404479980469,0.019048580899834633,0.11212382465600967,0.1386929452419281,0.48552707951431245
train,full,4_57_2018-11-27_1_R.png,0.6570510864257812,0.014895714819431305,0.11213164031505585,0.1391742080450058,0.4621796418150717
train,full,3_56_2019-08-11_3_R.png,0.660064697265625,0.014627223834395409,0.1067725270986557,0.1367337703704834,0.4521435180890628
train,full,3_36_2019-01-16_1_R.png,0.6596145629882812,0.016987603157758713,0.10938609391450882,0.13495329022407532,0.46957859899002047
train,full,5_438_2020-05-04_1_R.png,0.6531944274902344,0.027470409870147705,0.1347770392894745,0.16086825728416443,0.5689390725710175
train,full,1_106_2021-07-26_1_L.png,0.9624900817871094,0.018697718158364296,0.06988930702209473,0.16320721805095673,0.4163621985395862
train,full,2_32_2020-10-08_1_L.png,0.7848396301269531,0.016394568607211113,0.09420078247785568,0.15247173607349396,0.44208432963033295
train,full,5_5_2021-03-12_2_R.png,0.7527236938476562,0.01778072863817215,0.09713119268417358,0.13279686868190765,0.4545434960418127
train,full,2_151_2021-03-22_2_L.png,0.9609832763671875,0.024584060534834862,0.0793408453464508,0.16739623248577118,0.464509412650527
train,full,3_63_2019-04-15_3_L.png,0.6600494384765625,0.020440125837922096,0.11402371525764465,0.13750575482845306,0.4963770730209283
train,full,5_15_2019-01-15_1_R.png,0.6561241149902344,0.020359542220830917,0.12130118906497955,0.14673936367034912,0.5075015894137322
train,full,5_114_2019-07-19_2_R.png,0.6547393798828125,0.02663438767194748,0.13759878277778625,0.16315647959709167,0.5687255850739099
train,full,5_685_2019-10-28_1_L.png,0.6554222106933594,0.01780896820127964,0.12037758529186249,0.14737191796302795,0.4916852409147065
train,full,4_107_2021-03-30_1_L.png,0.7492752075195312,0.01399298757314682,0.090190589427948,0.13612866401672363,0.42219558373432264
train,full,5_716_2020-11-04_1_L.png,0.9597434997558594,0.022286729887127876,0.07023591548204422,0.1690487265586853,0.437101812063801
train,full,2_43_2021-01-04_1_L.png,0.9633560180664062,0.020794671028852463,0.06608058512210846,0.16495482623577118,0.42209822814064946
train,full,3_66_2019-04-07_1_L.png,0.7856521606445312,0.013372419402003288,0.08281710743904114,0.14454114437103271,0.40697434824383394
train,full,2_185_2021-11-30_1_R.png,0.965972900390625,0.017504848539829254,0.060111723840236664,0.1619115173816681,0.3940970609641888
train,full,4_106_2019-12-20_1_R.png,0.6546363830566406,0.019485531374812126,0.1149812638759613,0.13984854519367218,0.49253085196780205
train,full,3_180_2019-09-29_1_R.png,0.6586723327636719,0.01609695702791214,0.10542313009500504,0.13505509495735168,0.4582639993422411
train,full,1_136_2020-09-18_1_R.png,0.7855262756347656,0.014866962097585201,0.10480525344610214,0.15780900418758392,0.450362292281352
train,full,4_81_2021-11-03_1_L.png,0.9654159545898438,0.015313204377889633,0.05376885458827019,0.1681848168373108,0.3716781341978772
train,full,2_81_2021-09-04_1_R.png,0.9652252197265625,0.020829182118177414,0.07495182752609253,0.17028698325157166,0.43640569320625877
train,full,4_12_2019-03-25_3_L.png,0.7714042663574219,0.02391984686255455,0.12165883183479309,0.1458502560853958,0.5280972801572219
train,full,4_25_2019-11-02_3_L.png,0.6478157043457031,0.016258303076028824,0.10849549621343613,0.13614845275878906,0.4640594260513105
train,full,5_2_2021-06-12_1_L.png,0.9655303955078125,0.0225293580442667,0.07108733057975769,0.1669982671737671,0.43982111946679653
train,full,5_491_2019-11-26_1_L.png,0.6568717956542969,0.019729357212781906,0.11633546650409698,0.14414477348327637,0.49605678557841615
train,full,1_141_2021-06-20_1_R.png,0.9642295837402344,0.025196116417646408,0.07555948942899704,0.1671699583530426,0.4619364334863018
train,full,5_544_2021-04-13_1_L.png,0.78485107421875,0.02112497389316559,0.09754743427038193,0.1499384194612503,0.47401707812466404
train,full,4_58_2021-07-28_1_L.png,0.9465255737304688,0.027183042839169502,0.10918151587247849,0.16813409328460693,0.5266024821310897
train,full,5_91_2021-07-13_1_R.png,0.9663581848144531,0.018870456144213676,0.06265737116336823,0.1639450639486313,0.40582849720746955
train,full,5_281_2022-06-19_1_R.png,0.9627571105957031,0.03115399181842804,0.08456683158874512,0.17685261368751526,0.5097793451425705
train,full,3_136_2018-12-09_1_R.png,0.6548500061035156,0.020021742209792137,0.1131843626499176,0.13618451356887817,0.49268833141858603
train,full,2_70_2019-08-18_1_R.png,0.6061630249023438,0.026159968227148056,0.13313154876232147,0.13661888241767883,0.558950012490492
train,full,2_72_2020-09-02_1_R.png,0.7856025695800781,0.013927238993346691,0.08573675900697708,0.1403968334197998,0.41474010866685684
train,full,5_672_2019-09-02_2_R.png,0.5494461059570312,0.023030295968055725,0.15304815769195557,0.14738626778125763,0.5728297042237087
train,full,5_63_2021-01-15_1_L.png,0.7858009338378906,0.02163410559296608,0.09916920959949493,0.15195345878601074,0.47946104105053977
train,full,3_176_2019-06-28_1_R.png,0.65972900390625,0.018185455352067947,0.10972385853528976,0.13917101919651031,0.47685387038879773
train,full,5_383_2019-11-22_1_R.png,0.6457595825195312,0.02856231853365898,0.1488068699836731,0.16644391417503357,0.5974012439985844
train,full,2_92_2021-11-05_1_L.png,0.9666519165039062,0.0182537492364645,0.0712774395942688,0.16273584961891174,0.4160732660823586
train,full,4_40_2021-09-28_1_R.png,0.9572029113769531,0.017904339358210564,0.06535167992115021,0.1644844114780426,0.4046804905826734
train,full,5_304_2022-03-09_3_R.png,0.9649238586425781,0.02201847918331623,0.0847659558057785,0.16640913486480713,0.458708875097165
train,full,1_203_2020-04-13_1_R.png,0.6599884033203125,0.0237567275762558,0.12576046586036682,0.14008790254592896,0.5337050610306588
train,full,5_228_2019-07-07_2_L.png,0.6455154418945312,0.01780189760029316,0.11998971551656723,0.14117521047592163,0.4910284032325514
train,full,5_428_2019-07-10_1_L.png,0.6553382873535156,0.02598443441092968,0.12115829437971115,0.140626922249794,0.5389142755292018
train,full,5_692_2021-10-13_2_L.png,0.7842369079589844,0.02526349015533924,0.1263640820980072,0.1471073478460312,0.5431408990978857
train,full,5_184_2020-11-25_1_R.png,0.7859001159667969,0.02151559852063656,0.10340623557567596,0.15878397226333618,0.4855351619126106
train,full,3_32_2021-11-14_1_L.png,0.9640159606933594,0.01858685351908207,0.06021397188305855,0.16544532775878906,0.4003460063133389
train,full,5_69_2019-05-12_1_L.png,0.6720619201660156,0.023823658004403114,0.12066207081079483,0.13975025713443756,0.5259704616555774
train,full,5_193_2021-09-22_1_L.png,0.966796875,0.01936931163072586,0.06293323636054993,0.16457441449165344,0.4090734357691624
train,full,5_640_2019-08-05_1_L.png,0.6600456237792969,0.02687128074467182,0.1182556226849556,0.14607492089271545,0.5392848993693902
train,full,5_538_2018-11-24_1_R.png,0.6599502563476562,0.026844292879104614,0.1240667924284935,0.13751277327537537,0.5483781353993848
train,full,3_125_2021-03-24_1_R.png,0.9664688110351562,0.017532868310809135,0.06915006041526794,0.1626710593700409,0.408633843999864
train,full,2_59_2020-08-26_1_L.png,0.7853889465332031,0.015208628959953785,0.08802064508199692,0.15016914904117584,0.4255813823483715
train,full,1_169_2021-12-28_1_R.png,0.6116561889648438,0.010454343631863594,0.08073051273822784,0.0936887338757515,0.3872405895582316
train,full,4_105_2021-09-18_1_L.png,0.9635047912597656,0.02842325158417225,0.08865434676408768,0.17695344984531403,0.5009217963765629
train,full,5_435_2020-11-02_2_L.png,0.9654960632324219,0.019990870729088783,0.06839746981859207,0.16580532491207123,0.4212628043807027
train,full,2_68_2019-06-20_3_L.png,0.6541099548339844,0.019048579037189484,0.1105995699763298,0.13874687254428864,0.4831021184101701
train,full,4_21_2020-09-08_3_R.png,0.784912109375,0.015130477026104927,0.09723516553640366,0.15426814556121826,0.43980124207975513
train,full,4_63_2020-09-14_1_L.png,0.7506179809570312,0.02260969765484333,0.09420354664325714,0.13131000101566315,0.4770488280591301
train,full,4_20_2021-04-13_3_R.png,0.9667816162109375,0.019471682608127594,0.07823273539543152,0.16736431419849396,0.43398938461799513
train,full,1_123_2019-12-19_1_L.png,0.6599197387695312,0.016135888174176216,0.10985329747200012,0.1387360394001007,0.4655309805942868
train,full,1_153_2021-07-14_1_L.png,0.9623603820800781,0.019545990973711014,0.06888104230165482,0.16724814474582672,0.41952967561612076
train,full,4_6_2019-06-08_3_R.png,0.6594429016113281,0.021030055359005928,0.10760419815778732,0.1322980523109436,0.4894825584636155
train,full,5_286_2020-10-19_1_L.png,0.7857780456542969,0.01769382879137993,0.09009634703397751,0.1471826583147049,0.4428628845055672
train,full,2_51_2019-01-21_1_R.png,0.6601486206054688,0.017823176458477974,0.12006285786628723,0.141694113612175,0.491264459638941
train,full,5_95_2019-01-03_2_L.png,0.6638145446777344,0.023750493302941322,0.11767721176147461,0.1420164555311203,0.5208102708132091
train,full,4_44_2019-08-11_3_R.png,0.660064697265625,0.014627223834395409,0.1067725270986557,0.1367337703704834,0.4521435180890628
train,full,1_116_2021-05-23_1_L.png,0.7548141479492188,0.021512843668460846,0.10133728384971619,0.12915870547294617,0.48222815175964073
train,full,5_474_2020-08-31_1_R.png,0.7859115600585938,0.016337880864739418,0.09032464772462845,0.1472780704498291,0.4355988830624318
train,full,5_97_2019-09-29_1_L.png,0.6616630554199219,0.017155345529317856,0.10508083552122116,0.13430511951446533,0.4636728751134466
train,full,5_368_2019-10-19_3_R.png,0.6503334045410156,0.023071587085723877,0.13142377138137817,0.1537744402885437,0.5388609500093893
train,full,5_415_2020-08-17_2_L.png,0.784637451171875,0.013626791536808014,0.08694736659526825,0.1404622495174408,0.41497605834156276
train,full,5_598_2021-05-29_1_R.png,0.9585800170898438,0.02090040221810341,0.07412637770175934,0.16220512986183167,0.43549309063872155
train,full,2_13_2021-03-17_1_R.png,0.9645500183105469,0.02052272856235504,0.06716275215148926,0.16476047039031982,0.4222901811315255
train,full,5_552_2022-04-18_2_L.png,0.9642791748046875,0.01813393272459507,0.05982314795255661,0.1689060628414154,0.3971765615003692
train,full,5_668_2019-07-06_1_L.png,0.656005859375,0.0256852637976408,0.12275735288858414,0.14973799884319305,0.5397753975481134
train,full,2_90_2021-06-25_1_R.png,0.9649887084960938,0.025262165814638138,0.07354477792978287,0.16830289363861084,0.45910273850472133
train,full,5_164_2019-10-21_1_L.png,0.654083251953125,0.025408728048205376,0.13228145241737366,0.1495015174150467,0.5533718604806133
train,full,3_49_2020-01-07_1_R.png,0.6504096984863281,0.015715347602963448,0.11769890040159225,0.1377495676279068,0.4756470809055662
train,full,2_11_2019-12-15_1_L.png,0.6512222290039062,0.026102852076292038,0.12203381210565567,0.1473122239112854,0.5409732440063222
train,full,3_70_2020-10-16_1_R.png,0.7858085632324219,0.013634748756885529,0.09092375636100769,0.1499537229537964,0.42134689233181155
train,full,3_43_2020-09-14_2_R.png,0.7856826782226562,0.015856564044952393,0.10075309872627258,0.15638180077075958,0.4494821934537454
train,full,1_103_2018-11-24_1_R.png,0.6568412780761719,0.025612039491534233,0.12157034873962402,0.13972696661949158,0.5374750951347365
train,full,5_50_2019-11-12_2_L.png,0.651641845703125,0.018066326156258583,0.12066128849983215,0.1468300074338913,0.49358422542414204
train,full,3_91_2019-08-22_1_R.png,0.7073593139648438,0.018302492797374725,0.11462211608886719,0.16584010422229767,0.48530488849024883
train,full,5_19_2021-04-27_1_R.png,0.7070846557617188,0.014992142096161842,0.09218654781579971,0.12428641319274902,0.4309912162705917
train,full,4_55_2019-11-22_1_L.png,0.6464500427246094,0.015602463856339455,0.11666251718997955,0.1357964426279068,0.47336331835778594
train,full,2_82_2018-12-24_3_R.png,0.6596221923828125,0.026522258296608925,0.13724912703037262,0.13963951170444489,0.5675385868303817
train,full,5_267_2019-05-07_2_R.png,0.7844276428222656,0.014657596126198769,0.09754299372434616,0.15519429743289948,0.4376310136804188
train,full,2_112_2019-08-05_2_R.png,0.6502914428710938,0.014726635999977589,0.10780072957277298,0.14069713652133942,0.454338488183831
train,full,5_555_2020-11-24_1_L.png,0.7857933044433594,0.014570525847375393,0.09529053419828415,0.15761303901672363,0.43355778502512043
train,full,5_581_2019-10-19_1_L.png,0.6574897766113281,0.03095979429781437,0.12923239171504974,0.149331733584404,0.5797458297446032
train,full,5_112_2022-06-14_1_L.png,0.6526947021484375,0.01722610928118229,0.11405985802412033,0.13736405968666077,0.47835572974502366
train,full,5_270_2021-10-16_1_L.png,0.9640388488769531,0.02838350646197796,0.09438646584749222,0.1697792410850525,0.5098175104241818
train,full,2_48_2020-11-23_1_R.png,0.783447265625,0.022778915241360664,0.10359147191047668,0.1403748095035553,0.4929360126356848
train,full,2_203_2019-07-20_1_L.png,0.6383781433105469,0.0263076052069664,0.1324876993894577,0.1421801596879959,0.5587561646815051
train,full,2_163_2019-07-28_1_L.png,0.6595268249511719,0.017920365557074547,0.11090916395187378,0.13680046796798706,0.4772484534547072
train,full,5_618_2021-01-28_2_R.png,0.964691162109375,0.025463003665208817,0.08607614040374756,0.1702774167060852,0.48016870989548893
train,full,3_162_2019-12-05_1_R.png,0.6883316040039062,0.016192873939871788,0.1202254444360733,0.15867769718170166,0.4823526684237136
train,full,5_54_2021-05-09_2_L.png,0.7340965270996094,0.014045161195099354,0.09449458122253418,0.13842996954917908,0.42933632003101097
train,full,5_667_2021-02-01_1_L.png,0.9449119567871094,0.04235772415995598,0.11526733636856079,0.19357001781463623,0.6216420517133718
train,full,5_349_2019-06-03_1_L.png,0.65985107421875,0.03214975446462631,0.12997733056545258,0.15039925277233124,0.5876244856721975
train,full,5_92_2019-10-09_2_R.png,0.6599235534667969,0.017480429261922836,0.10626672208309174,0.13465777039527893,0.4673881088214164
train,full,5_617_2021-08-25_3_R.png,0.7500114440917969,0.026538832113146782,0.11003386974334717,0.13885506987571716,0.5243348143190485
train,full,5_219_2020-07-17_1_L.png,0.9565048217773438,0.037699636071920395,0.10313991457223892,0.17687048017978668,0.5761466806331141
train,full,3_45_2019-03-25_1_R.png,0.7855911254882812,0.013837034814059734,0.08034434169530869,0.1407054364681244,0.4056538644352589
train,full,2_145_2020-03-24_1_R.png,0.6600227355957031,0.01865811087191105,0.11336520314216614,0.1423107087612152,0.4853056059261276
train,full,3_118_2021-07-19_1_R.png,0.9657058715820312,0.016487983986735344,0.06471490114927292,0.1623254418373108,0.39570043448104775
train,full,4_76_2019-11-07_1_L.png,0.6504898071289062,0.01663651131093502,0.11138036102056503,0.1398172676563263,0.47077640502036294
train,full,5_96_2022-07-14_1_L.png,0.9625358581542969,0.021853137761354446,0.07113267481327057,0.1653473675251007,0.43608951892873105
train,full,4_32_2019-06-13_3_R.png,0.6551094055175781,0.019905786961317062,0.1267828345298767,0.1482906937599182,0.5136700156822123
train,full,4_56_2020-07-22_1_L.png,0.7855720520019531,0.01494107861071825,0.0932583436369896,0.150514155626297,0.43240911388050085
train,full,2_83_2019-10-09_1_L.png,0.6580009460449219,0.022155266255140305,0.12680162489414215,0.15411433577537537,0.5263532304712994
train,full,3_52_2021-09-30_1_R.png,0.9568443298339844,0.02348952740430832,0.0759020671248436,0.16781780123710632,0.45288188025694004
train,full,4_50_2020-11-13_1_R.png,0.9637641906738281,0.029064487665891647,0.08665664494037628,0.1688195765018463,0.5013505873439664
train,full,3_46_2020-08-28_2_R.png,0.7856826782226562,0.014671714045107365,0.08189087361097336,0.1379334032535553,0.4128093267939138
train,full,5_506_2019-10-16_2_R.png,0.6465988159179688,0.022383365780115128,0.1314975470304489,0.15425699949264526,0.5351070755161345
train,full,4_62_2021-12-03_1_L.png,0.9656982421875,0.01524269301444292,0.05756966024637222,0.16165205836296082,0.3773282440527427
train,full,4_2_2022-03-31_1_R.png,0.9645767211914062,0.016665805131196976,0.06568820029497147,0.16311147809028625,0.3982491088777103
train,full,1_6_2022-04-30_1_L.png,0.96148681640625,0.017328767105937004,0.06736291199922562,0.16906021535396576,0.40464258406057274
train,full,2_96_2021-11-15_1_L.png,0.9508895874023438,0.020489899441599846,0.07819610834121704,0.1652701199054718,0.43965858399275354
train,full,5_634_2020-10-10_1_L.png,0.7598533630371094,0.02279716171324253,0.09850592166185379,0.13250741362571716,0.4849480009172112
train,full,4_60_2018-11-26_1_L.png,0.6643295288085938,0.018352428451180458,0.11478029191493988,0.1416015774011612,0.4858374199025672
train,full,3_119_2020-05-13_1_L.png,0.6587486267089844,0.02164497599005699,0.11464723944664001,0.13803520798683167,0.5041463254273615
train,full,2_128_2019-05-14_2_L.png,0.6424789428710938,0.01713564619421959,0.11133252829313278,0.13647398352622986,0.4735079412179237
train,full,2_18_2022-04-18_2_R.png,0.7854347229003906,0.016224700957536697,0.09447585046291351,0.15217876434326172,0.44156643225896086
train,full,2_94_2019-08-19_1_R.png,0.6601181030273438,0.016370588913559914,0.10545386373996735,0.1340963989496231,0.45985207313417714
train,full,5_287_2020-09-19_1_L.png,0.7601318359375,0.016402024775743484,0.08933065086603165,0.13924697041511536,0.4343783339231529
train,full,3_173_2021-03-30_1_R.png,0.9648208618164062,0.017910925671458244,0.0725758969783783,0.16439951956272125,0.41621061118573627
train,full,1_208_2021-07-01_1_L.png,0.6921653747558594,0.013206969946622849,0.0949760302901268,0.12270285189151764,0.4253874359567734
train,full,2_46_2019-07-08_1_L.png,0.6496429443359375,0.015774918720126152,0.11492408812046051,0.1400863081216812,0.4715676943559877
train,full,5_142_2021-11-14_1_R.png,0.9620208740234375,0.01834501326084137,0.061143726110458374,0.16431623697280884,0.4004648093134165
train,full,5_515_2021-12-14_2_R.png,0.9661827087402344,0.019078454002738,0.06083857640624046,0.1651597023010254,0.4041049480480565
train,full,2_210_2019-12-20_1_L.png,0.6421585083007812,0.01636449247598648,0.1096205860376358,0.13685598969459534,0.4664466570554809
train,full,3_38_2021-06-21_1_R.png,0.9663238525390625,0.0170722845941782,0.05663073807954788,0.16342583298683167,0.38612595687789675
train,full,3_29_2022-06-14_3_L.png,0.6526947021484375,0.01722610928118229,0.11405985802412033,0.13736405968666077,0.47835572974502366
train,full,5_422_2021-05-07_1_L.png,0.966796875,0.028237519785761833,0.08095013350248337,0.17322368919849396,0.4876203520943157
train,full,5_686_2019-10-29_2_R.png,0.6599502563476562,0.026129363104701042,0.12598873674869537,0.14686799049377441,0.5474142941095951
train,full,5_706_2021-01-06_1_L.png,0.7858924865722656,0.016797080636024475,0.10176440328359604,0.15480336546897888,0.45638149289244956
train,full,1_49_2021-06-05_1_L.png,0.9601554870605469,0.01894678734242916,0.05480053275823593,0.163519024848938,0.39375834455290304
train,full,3_1_2021-06-12_1_R.png,0.9665489196777344,0.020640820264816284,0.06706368178129196,0.16377879679203033,0.42279683500528337
train,full,5_322_2021-03-23_2_R.png,0.9663963317871094,0.03029737062752247,0.10047393292188644,0.17640230059623718,0.5302676030646332
train,full,1_122_2021-07-05_1_L.png,0.9666061401367188,0.019696643576025963,0.05858008936047554,0.16610723733901978,0.4039892168249935
train,full,5_710_2019-10-08_1_L.png,0.6601600646972656,0.018297679722309113,0.11209717392921448,0.14306801557540894,0.4812608615071936
train,full,3_185_2022-04-27_1_L.png,0.9667587280273438,0.02355346456170082,0.08780966699123383,0.16955456137657166,0.47218543564562093
train,full,3_152_2019-05-10_1_R.png,0.6601448059082031,0.017972342669963837,0.10985956341028214,0.1357792168855667,0.47587100567126817
train,full,5_187_2019-08-14_1_R.png,0.6666908264160156,0.019578857347369194,0.12006908655166626,0.15226460993289948,0.5011500739111481
train,full,5_86_2022-06-08_1_L.png,0.9630584716796875,0.026077313348650932,0.07228755205869675,0.17612400650978088,0.46168781131590636
train,full,4_27_2021-04-01_3_L.png,0.7529144287109375,0.017484473064541817,0.0920775756239891,0.13044099509716034,0.4448372131171213
train,full,5_365_2019-08-27_2_R.png,0.6607589721679688,0.017334815114736557,0.10894417762756348,0.13715150952339172,0.4708286176096987
train,full,5_359_2021-04-13_5_L.png,0.7514533996582031,0.020238028839230537,0.0951300784945488,0.1314772367477417,0.4651822189165448
train,full,5_358_2021-06-07_1_L.png,0.7844963073730469,0.014524519443511963,0.09372051805257797,0.156361386179924,0.4308012460443107
train,full,5_714_2022-07-05_1_R.png,0.660003662109375,0.020152069628238678,0.11621624231338501,0.1442006230354309,0.49824486806650053
train,full,5_595_2019-01-03_2_R.png,0.65533447265625,0.026263682171702385,0.1290270984172821,0.14702659845352173,0.5530035960615021
train,full,1_90_2020-03-15_1_L.png,0.6651840209960938,0.015910854563117027,0.11692950129508972,0.14518995583057404,0.4755227635233578
train,full,2_127_2020-08-31_1_L.png,0.7856178283691406,0.012465435080230236,0.0795135572552681,0.13595251739025116,0.39661691341422156
train,full,5_613_2019-09-30_2_R.png,0.6573715209960938,0.017223428934812546,0.11751330643892288,0.1427038609981537,0.48383477527478874
train,full,5_222_2020-12-01_2_R.png,0.9576988220214844,0.020370321348309517,0.07811261713504791,0.16458749771118164,0.43885313029909
train,full,3_87_2021-07-30_1_R.png,0.9653778076171875,0.016980530694127083,0.06623581051826477,0.16175609827041626,0.40089063825170423
train,full,5_476_2019-09-26_2_R.png,0.6595993041992188,0.01821625791490078,0.10818548500537872,0.13659557700157166,0.474579722370783
train,full,5_703_2021-06-23_2_L.png,0.9655265808105469,0.021282484754920006,0.06610267609357834,0.16601243615150452,0.42487732507711784
train,full,5_376_2021-09-27_1_L.png,0.7773017883300781,0.02514118328690529,0.11026926338672638,0.1485932469367981,0.5168475295586341
train,full,5_8_2018-11-23_1_L.png,0.6598854064941406,0.019490182399749756,0.1160966157913208,0.13691183924674988,0.49433143748478453
train,full,5_669_2019-12-05_1_L.png,0.6434516906738281,0.024463506415486336,0.14431096613407135,0.16084623336791992,0.5671928515276787
train,full,5_206_2021-08-31_2_L.png,0.9667701721191406,0.025133240967988968,0.07116427272558212,0.1678570806980133,0.4545903688720004
train,full,5_632_2019-04-29_1_L.png,0.6586494445800781,0.021290630102157593,0.10978854447603226,0.1358969807624817,0.49442338780923323
train,full,5_456_2019-01-08_1_L.png,0.6593093872070312,0.020014164969325066,0.11430566757917404,0.14473581314086914,0.494429603646594
train,full,1_37_2022-04-02_1_L.png,0.9585800170898438,0.015179954469203949,0.05743889510631561,0.16387838125228882,0.3767673042856834
train,full,5_233_2021-06-23_2_L.png,0.9656486511230469,0.02498512715101242,0.07095428556203842,0.16777312755584717,0.4534231581640515
train,full,5_495_2020-08-24_1_L.png,0.7855453491210938,0.015958132222294807,0.08794627338647842,0.1463778018951416,0.4296790195925331
train,central,5_449_2020-08-30_2_R.png,1.0,0.00739971874281764,0.03216833993792534,0.20453974604606628,0.2928003223750486
train,central,5_449_2020-08-30_1_L.png,1.0,0.008114783093333244,0.03267015144228935,0.20281130075454712,0.2976208958309144
train,central,5_628_2018-11-27_2_R.png,1.0,0.008949278853833675,0.054071132093667984,0.21559692919254303,0.3363619491563771
train,central,5_628_2018-11-27_1_R.png,1.0,0.017200268805027008,0.06932035088539124,0.2552734315395355,0.4070338884368539
train,central,1_126_2020-09-12_1_L.png,1.0,0.008485366590321064,0.03664807602763176,0.20629310607910156,0.30603394438724285
train,central,1_126_2020-09-12_2_R.png,1.0,0.009079311043024063,0.04387744143605232,0.22081930935382843,0.32087614508345724
train,central,5_48_2019-08-30_1_R.png,1.0,0.014588695019483566,0.06530167907476425,0.30380094051361084,0.38595044437626547
train,central,5_48_2019-09-10_1_R.png,1.0,0.015296997502446175,0.06794452667236328,0.2865779995918274,0.3941391761118377
train,central,1_13_2019-05-21_1_L.png,1.0,0.007195499259978533,0.027071649208664894,0.2191770076751709,0.28354321616934614
train,central,1_13_2019-05-21_2_R.png,1.0,0.009665974415838718,0.03721862658858299,0.23067715764045715,0.3135825574800203
train,central,5_232_2019-10-09_2_L.png,1.0,0.01790371537208557,0.07778047025203705,0.24692988395690918,0.42445005618713116
train,central,5_232_2019-10-09_1_L.png,1.0,0.020680846646428108,0.07898664474487305,0.2598607540130615,0.44199033357118345
train,central,2_113_2019-05-13_1_L.png,1.0,0.006982866209000349,0.03540704771876335,0.25820058584213257,0.2956080165236596
train,central,2_113_2019-05-13_2_R.png,1.0,0.007073798682540655,0.04536055028438568,0.2513333559036255,0.31195462940535934
train,central,4_33_2021-04-21_2_R.png,1.0,0.014722390100359917,0.0802207663655281,0.2535156309604645,0.4104373908051374
train,central,4_33_2020-09-02_2_L.png,1.0,0.006763790734112263,0.033206794410943985,0.19513219594955444,0.29087531398770144
train,central,1_138_2019-12-10_2_R.png,1.0,0.011041644960641861,0.04861733317375183,0.2581478953361511,0.3394550102254884
train,central,1_138_2019-12-10_1_L.png,1.0,0.011052420362830162,0.04244643822312355,0.2536851167678833,0.32969828898679804
train,central,1_145_2020-11-07_1_L.png,1.0,0.00690833106637001,0.035502269864082336,0.19029948115348816,0.29534024612300774
train,central,1_145_2020-11-07_2_R.png,1.0,0.007093704771250486,0.041929956525564194,0.2032373547554016,0.30660883835622704
train,central,5_61_2020-09-12_1_L.png,1.0,0.0204029344022274,0.07021452486515045,0.21669253706932068,0.4264714319343594
train,central,5_61_2020-09-12_2_R.png,1.0,0.0103403739631176,0.04501686617732048,0.20328713953495026,0.32978234518827365
train,central,1_62_2021-01-08_2_R.png,1.0,0.010238145478069782,0.04314929619431496,0.2315627783536911,0.32623617589600723
train,central,1_62_2021-01-08_1_L.png,1.0,0.009168627671897411,0.04961444437503815,0.20539793372154236,0.33050560125107453
train,central,1_176_2019-05-13_1_L.png,1.0,0.01233620848506689,0.04471274092793465,0.24582186341285706,0.3405250787502155
train,central,1_176_2019-05-13_2_R.png,1.0,0.012028861790895462,0.05962193384766579,0.2502020597457886,0.3625154241496189
train,central,5_73_2022-01-03_2_L.png,1.0,0.016540952026844025,0.06314565241336823,0.23114565014839172,0.39350184762681073
train,central,5_73_2022-01-03_1_R.png,1.0,0.010757367126643658,0.04255837947130203,0.2316029667854309,0.32821670288262383
train,central,5_17_2019-01-25_1_R.png,1.0,0.015729280188679695,0.06225850433111191,0.22530128061771393,0.3875248215880922
train,central,5_17_2019-01-25_2_R.png,1.0,0.02529055066406727,0.08853578567504883,0.2901447117328644,0.4831117337865924
train,central,5_440_2022-06-30_1_L.png,1.0,0.01683380827307701,0.04135715588927269,0.21227151155471802,0.36048564681444656
train,central,5_440_2022-06-30_2_R.png,1.0,0.017183467745780945,0.06651835888624191,0.18916526436805725,0.4024816679344936
train,central,3_41_2021-04-21_1_L.png,1.0,0.008554969914257526,0.02860524319112301,0.2088436484336853,0.2936300472081216
train,central,3_41_2020-09-02_1_R.png,1.0,0.0075852577574551105,0.04272747412323952,0.20411786437034607,0.3106426018999297
train,central,4_91_2020-04-11_2_R.png,1.0,0.00634095398709178,0.04479639604687691,0.26366230845451355,0.3069348598883318
train,central,4_91_2020-04-11_1_L.png,1.0,0.0076933205127716064,0.03437728062272072,0.2367481291294098,0.2979660561477596
train,central,1_93_2019-10-30_1_L.png,1.0,0.006564436014741659,0.041242193430662155,0.22716280817985535,0.30253753304079345
train,central,1_93_2019-10-30_2_R.png,1.0,0.008836185559630394,0.05222136899828911,0.25081032514572144,0.3327829944520173
train,central,2_160_2022-05-18_2_R.png,1.0,0.008480554446578026,0.03828950971364975,0.20598448812961578,0.30861824785189873
train,central,2_160_2021-09-10_1_R.png,1.0,0.007766681257635355,0.0313616581261158,0.19200177490711212,0.2935811290930195
train,central,2_171_2021-03-10_1_R.png,1.0,0.007037634029984474,0.032843466848134995,0.1993030160665512,0.291837661404332
train,central,2_171_2021-03-10_2_L.png,1.0,0.007208703551441431,0.03222997486591339,0.18776904046535492,0.29182391749081116
train,central,5_715_2021-08-06_2_R.png,1.0,0.01303405873477459,0.06501094251871109,0.24707511067390442,0.3767430798446929
train,central,5_715_2021-08-06_1_R.png,1.0,0.01623677648603916,0.06711997836828232,0.24664267897605896,0.39811365150169215
train,central,5_545_2022-04-26_1_R.png,1.0,0.013477238826453686,0.06354420632123947,0.2252604365348816,0.3769025239098648
train,central,5_545_2022-04-26_2_R.png,1.0,0.013741678558290005,0.06351759284734726,0.22916540503501892,0.3783476577838883
train,central,1_63_2019-07-12_1_R.png,1.0,0.008348455652594566,0.05066061019897461,0.24155594408512115,0.3275564883623949
train,central,1_63_2019-07-12_2_L.png,1.0,0.008506991900503635,0.06952925771474838,0.2441968023777008,0.3584665576228872
train,central,5_427_2020-05-29_2_R.png,1.0,0.018143732100725174,0.06681607663631439,0.21390454471111298,0.4083567968061702
train,central,5_427_2020-05-29_1_L.png,1.0,0.011528845876455307,0.049959927797317505,0.2368927001953125,0.3443314613689753
train,central,5_418_2020-10-19_2_R.png,1.0,0.010838191956281662,0.042586877942085266,0.21763718128204346,0.32871668102558366
train,central,5_418_2020-10-19_1_L.png,1.0,0.014209874905645847,0.056628234684467316,0.209190234541893,0.37002091970591044
train,central,1_121_2022-06-07_2_R.png,1.0,0.007234145887196064,0.02396673522889614,0.17052441835403442,0.2788209675705399
train,central,1_121_2022-06-07_1_L.png,1.0,0.008062317036092281,0.031270746141672134,0.20775379240512848,0.29509944764431567
train,central,1_101_2019-10-30_1_L.png,1.0,0.012956701219081879,0.04684823378920555,0.22711175680160522,0.3474127253856171
train,central,1_101_2019-10-30_2_R.png,1.0,0.01138822641223669,0.04322480782866478,0.2133004069328308,0.33282551329625265
train,central,1_152_2020-10-21_1_L.png,1.0,0.009484616108238697,0.042770352214574814,0.197102889418602,0.3213947077683935
train,central,1_152_2020-10-21_2_R.png,1.0,0.010872400365769863,0.04223019257187843,0.201823890209198,0.32834164933089843
train,central,1_157_2020-07-15_1_L.png,1.0,0.008198383264243603,0.038069192320108414,0.22379687428474426,0.3066805300069973
train,central,1_157_2020-07-15_2_R.png,1.0,0.008100089617073536,0.03893088549375534,0.21624860167503357,0.3074985037451949
train,central,5_658_2022-05-16_2_R.png,0.9963519942856414,0.014628010801970959,0.06259388476610184,0.18017196655273438,0.3818637410707941
train,central,5_658_2022-05-16_1_L.png,0.9991071314685136,0.015631232410669327,0.05243947356939316,0.17892733216285706,0.3713521175340495
train,central,1_154_2020-12-09_2_R.png,1.0,0.012330178171396255,0.05910177156329155,0.2502278685569763,0.36338279788297684
train,central,1_154_2020-12-09_1_L.png,1.0,0.010697988793253899,0.04123776778578758,0.20888355374336243,0.3257817266212607
train,central,1_27_2019-12-04_2_R.png,1.0,0.008034846745431423,0.03886033594608307,0.237024188041687,0.30701927467545664
train,central,1_27_2019-12-04_1_L.png,1.0,0.008901948109269142,0.0372810885310173,0.2374786138534546,0.30938428077762103
train,central,5_421_2019-02-11_1_R.png,1.0,0.00943848304450512,0.054279349744319916,0.27172279357910156,0.3394449780822139
train,central,5_421_2019-02-11_2_L.png,1.0,0.009675886482000351,0.04722273349761963,0.2603302001953125,0.3295539374801923
train,central,2_139_2019-04-20_1_L.png,1.0,0.00843317061662674,0.036357518285512924,0.20457421243190765,0.30527809108184145
train,central,2_139_2019-04-20_2_R.png,1.0,0.008881484158337116,0.04433216154575348,0.20946788787841797,0.32048678721343593
train,central,4_22_2020-07-13_2_L.png,1.0,0.007353078108280897,0.032838672399520874,0.19250792264938354,0.29360440681286326
train,central,4_22_2020-07-13_1_L.png,1.0,0.007525803055614233,0.030958745628595352,0.20192153751850128,0.29158519205150446
train,central,5_148_2021-03-12_1_R.png,1.0,0.010881669819355011,0.055455029010772705,0.21345838904380798,0.3494333025237376
train,central,5_148_2021-03-12_2_R.png,1.0,0.011025653220713139,0.06210741773247719,0.22964441776275635,0.3608265548499978
train,central,1_182_2021-10-09_1_R.png,1.0,0.011992394924163818,0.05215877667069435,0.23984375596046448,0.3504370934245261
train,central,1_182_2021-09-02_1_L.png,1.0,0.009837736375629902,0.029960613697767258,0.22073249518871307,0.3030018798139116
train,central,5_157_2020-10-09_1_R.png,1.0,0.014669882133603096,0.055184680968523026,0.16350403428077698,0.3703118976332586
train,central,5_157_2020-10-09_2_R.png,1.0,0.012984175235033035,0.053895894438028336,0.17836277186870575,0.35877945412119683
train,central,1_120_2019-06-14_2_R.png,1.0,0.012720422819256783,0.059909719973802567,0.2495439648628235,0.36686329649845983
train,central,1_120_2019-06-14_1_L.png,1.0,0.011073317378759384,0.029240649193525314,0.2209169566631317,0.30880662488158456
train,central,5_608_2022-01-28_2_R.png,1.0,0.009716040454804897,0.037286803126335144,0.2077384889125824,0.3139726416229016
train,central,5_608_2022-01-28_1_L.png,1.0,0.009371013380587101,0.04133901745080948,0.20383509993553162,0.3184785689375448
train,central,1_185_2021-08-20_2_R.png,1.0,0.007759344298392534,0.04383164271712303,0.20310968160629272,0.3133784705466083
train,central,1_185_2021-08-20_1_R.png,1.0,0.006775863002985716,0.03767760470509529,0.19734223186969757,0.2980558732408099
train,central,1_48_2019-06-25_1_R.png,1.0,0.007840231992304325,0.05073238164186478,0.2580936849117279,0.324811912114224
train,central,1_48_2019-06-25_2_L.png,1.0,0.007631182670593262,0.04171442613005638,0.23544922471046448,0.30928926227444953
train,central,2_179_2021-07-29_1_R.png,1.0,0.007400043774396181,0.03579796478152275,0.2164260447025299,0.29857655383794657
train,central,2_179_2021-07-29_3_R.png,1.0,0.007809738628566265,0.0370226614177227,0.2162734866142273,0.3028294684047895
train,central,5_524_2020-01-02_2_R.png,1.0,0.018156735226511955,0.08843547850847244,0.2598521113395691,0.4428244423671541
train,central,5_524_2020-01-02_1_R.png,1.0,0.01907304860651493,0.09526938945055008,0.261398047208786,0.4588508361738853
train,central,1_21_2021-07-26_2_R.png,1.0,0.008108936250209808,0.03386292979121208,0.21869607269763947,0.2994856092570858
train,central,1_21_2021-07-26_1_L.png,1.0,0.0077503942884504795,0.02881436236202717,0.20972925424575806,0.2894369989030317
train,central,5_230_2021-04-19_1_L.png,1.0,0.01400406751781702,0.05315818637609482,0.23534008860588074,0.3633427217496898
train,central,5_230_2021-04-19_2_L.png,1.0,0.013051439076662064,0.04977589473128319,0.22526298463344574,0.35260326824235644
train,central,1_95_2019-03-01_2_R.png,1.0,0.0097155487164855,0.04199608415365219,0.20209036767482758,0.3214619135928594
train,central,1_95_2019-03-01_1_L.png,1.0,0.006522636394947767,0.02961776964366436,0.1897987723350525,0.28380900870013814
train,central,1_117_2019-03-21_2_R.png,1.0,0.007914666086435318,0.03890247642993927,0.18135851621627808,0.3064103001474657
train,central,1_117_2019-03-21_1_L.png,1.0,0.007344692479819059,0.03749542683362961,0.18623366951942444,0.3009657106161202
train,central,1_52_2020-11-11_1_L.png,1.0,0.008324561640620232,0.03489327058196068,0.2046721875667572,0.3023376806088808
train,central,1_52_2020-11-11_2_R.png,1.0,0.008248329162597656,0.03814440593123436,0.21452462673187256,0.3070811337029392
train,central,1_65_2022-04-10_2_R.png,1.0,0.012496120296418667,0.05635818839073181,0.2874562740325928,0.35995143092533743
train,central,1_65_2022-04-10_1_L.png,1.0,0.010271193459630013,0.038128841668367386,0.25029104948043823,0.31843498404645787
train,central,4_47_2020-05-28_1_R.png,1.0,0.00740885641425848,0.028954878449440002,0.19179272651672363,0.28773939668158577
train,central,4_47_2020-05-28_2_R.png,1.0,0.00801980122923851,0.031600624322891235,0.1897543966770172,0.29538510242815724
train,central,1_133_2019-01-03_2_L.png,1.0,0.007565011736005545,0.04386592656373978,0.25599151849746704,0.3123398923664354
train,central,1_133_2019-01-03_1_R.png,1.0,0.0077135032042860985,0.05009598284959793,0.254084050655365,0.32308661005756056
train,central,2_22_2022-03-13_2_L.png,1.0,0.009455609135329723,0.0359405092895031,0.21507993340492249,0.3103658843468028
train,central,2_22_2022-03-13_1_L.png,1.0,0.008998042903840542,0.035125087946653366,0.20847631990909576,0.3064948130674152
train,central,1_86_2022-04-03_2_L.png,1.0,0.007464016787707806,0.037378352135419846,0.21282616257667542,0.30145065464629706
train,central,1_86_2022-04-03_1_R.png,1.0,0.0090309614315629,0.04390232637524605,0.22900137305259705,0.3206437681949782
train,central,1_114_2019-12-15_1_L.png,1.0,0.008400206454098225,0.03705484792590141,0.23923707008361816,0.306202055731873
train,central,1_114_2019-12-15_2_R.png,1.0,0.009188709780573845,0.0513172410428524,0.25396785140037537,0.3333275578111749
train,central,1_61_2019-07-30_2_R.png,1.0,0.00743882218375802,0.043904710561037064,0.2631376385688782,0.3116917779489251
train,central,1_61_2019-07-30_1_L.png,1.0,0.007733098231256008,0.03253203630447388,0.23487764596939087,0.29525418985338714
train,central,1_76_2021-11-21_1_L.png,1.0,0.007868010550737381,0.048035718500614166,0.22758087515830994,0.32067802059887485
train,central,1_76_2021-11-21_2_R.png,1.0,0.008076697587966919,0.04677881300449371,0.23199138045310974,0.31985226280309936
train,central,1_85_2022-01-23_1_R.png,1.0,0.008471175096929073,0.043579332530498505,0.22339537739753723,0.31698111621874636
train,central,1_85_2022-01-23_2_L.png,1.0,0.007151142694056034,0.025470398366451263,0.21082773804664612,0.2807462659643286
train,central,1_179_2021-12-16_2_R.png,1.0,0.008954999037086964,0.046485260128974915,0.22077271342277527,0.32432569251607424
train,central,1_179_2021-12-16_1_R.png,1.0,0.008294268511235714,0.04188058525323868,0.20929491519927979,0.3132834641876715
train,central,5_210_2021-11-04_1_R.png,1.0,0.010555705055594444,0.041943032294511795,0.22989940643310547,0.3261033923153511
train,central,5_210_2021-11-04_2_L.png,1.0,0.01130766049027443,0.04028226062655449,0.23922942578792572,0.32769100489094855
train,central,1_174_2020-10-07_2_R.png,1.0,0.01020829752087593,0.0712534487247467,0.23483584821224213,0.3707794328897514
train,central,1_174_2020-10-07_1_L.png,1.0,0.008516076020896435,0.04854096099734306,0.2317507416009903,0.32512718374967914
train,central,5_57_2021-09-03_5_R.png,1.0,0.010655690915882587,0.0457843579351902,0.23840603232383728,0.3327770126623694
train,central,5_57_2021-09-03_1_L.png,1.0,0.019375205039978027,0.07202620059251785,0.26448696851730347,0.4235726656561548
train,central,3_82_2018-12-13_1_L.png,1.0,0.008853516541421413,0.046697553247213364,0.25904980301856995,0.3240925925296985
train,central,3_82_2018-12-13_2_R.png,1.0,0.007854804396629333,0.04292608052492142,0.2524021565914154,0.3124747664752332
train,central,3_137_2019-02-26_1_L.png,1.0,0.009099511429667473,0.041555337607860565,0.22236904501914978,0.3172955161680213
train,central,3_137_2019-02-26_2_R.png,1.0,0.01003296673297882,0.03937549516558647,0.20871694386005402,0.31907827109098436
train,central,4_23_2020-12-30_1_L.png,1.0,0.006865447852760553,0.032284412533044815,0.1918875277042389,0.28997970956525854
train,central,4_23_2020-12-30_2_R.png,1.0,0.00859052687883377,0.03715088218450546,0.1848374456167221,0.3074253898960623
train,central,4_9_2022-02-27_3_L.png,1.0,0.009175879880785942,0.0363912507891655,0.19857729971408844,0.30950949603945693
train,central,4_9_2021-02-06_3_L.png,1.0,0.007990430109202862,0.037275008857250214,0.20515280961990356,0.30424731981898234
train,central,1_158_2022-06-14_1_L.png,1.0,0.009834228083491325,0.05081529915332794,0.2108771800994873,0.3361600543499332
train,central,1_158_2022-06-14_2_R.png,1.0,0.008788763545453548,0.04678855836391449,0.21480035781860352,0.3238731377948584
train,central,1_57_2020-08-01_2_R.png,1.0,0.009263486601412296,0.058058034628629684,0.22740790247917175,0.3444721672239459
train,central,1_57_2020-08-01_1_L.png,1.0,0.008490818552672863,0.05286065489053726,0.23808977007865906,0.3318573507755487
train,central,1_113_2019-06-08_1_R.png,1.0,0.010386573150753975,0.05263935402035713,0.25440093874931335,0.3421689008235593
train,central,1_113_2019-06-08_2_L.png,1.0,0.009729496203362942,0.04803966358304024,0.23002037405967712,0.3311551536623897
train,central,1_78_2021-09-06_2_R.png,1.0,0.008099416270852089,0.032534800469875336,0.22497034072875977,0.29731912636198105
train,central,1_78_2021-09-06_1_L.png,1.0,0.00808373000472784,0.02960488200187683,0.20663458108901978,0.2925696571886709
train,central,3_50_2019-09-19_1_L.png,1.0,0.008202983066439629,0.02781718596816063,0.23523414134979248,0.29039639378897847
train,central,3_50_2019-09-19_2_R.png,1.0,0.00941924937069416,0.03438900038599968,0.23571506142616272,0.3076930510515178
train,central,1_36_2021-07-14_2_L.png,1.0,0.007966275326907635,0.030096592381596565,0.21086762845516205,0.2926912411391227
train,central,1_36_2021-07-14_1_L.png,1.0,0.007964139804244041,0.026489365845918655,0.20458634197711945,0.2869404593355615
train,central,1_147_2018-12-25_1_R.png,1.0,0.012126089073717594,0.0721728652715683,0.2106742262840271,0.3830297185171565
train,central,1_147_2018-12-25_2_L.png,1.0,0.010447979904711246,0.05992177128791809,0.25904375314712524,0.354099977649325
train,central,2_137_2019-09-19_1_R.png,1.0,0.008271661587059498,0.04846304655075073,0.23500850796699524,0.3236283977579495
train,central,2_137_2019-09-19_3_R.png,1.0,0.0077651673927903175,0.047927629202604294,0.238743394613266,0.31992756758858876
train,central,5_302_2021-09-30_1_L.png,1.0,0.011863196268677711,0.044248662889003754,0.20879897475242615,0.33712607906199993
train,central,5_302_2021-09-30_2_L.png,1.0,0.009699671529233456,0.041565924882888794,0.2024024873971939,0.3206882601201704
train,central,1_80_2019-06-25_2_R.png,1.0,0.008966240100562572,0.053819745779037476,0.22500064969062805,0.33605742339595135
train,central,1_80_2019-06-25_1_L.png,1.0,0.009235414676368237,0.04092467948794365,0.23571155965328217,0.3170566521944817
train,central,1_73_2019-12-13_1_L.png,1.0,0.012618687935173512,0.06574830412864685,0.2859336733818054,0.375579694385471
train,central,1_73_2019-12-13_2_R.png,1.0,0.011148707941174507,0.05028299614787102,0.2668696641921997,0.3427071578589014
train,central,5_166_2022-06-06_1_R.png,1.0,0.007652737200260162,0.040713995695114136,0.2207270860671997,0.3078189126300541
train,central,5_166_2022-06-06_2_L.png,1.0,0.018609678372740746,0.057364292442798615,0.21971508860588074,0.3959408151874827
train,central,5_475_2021-01-29_2_L.png,1.0,0.008572463877499104,0.057128146290779114,0.16590267419815063,0.3391057965917174
train,central,5_475_2021-04-27_1_R.png,1.0,0.014897535555064678,0.05857115238904953,0.19413650035858154,0.37698001629799943
train,central,5_551_2019-03-23_1_L.png,1.0,0.011048284359276295,0.0374668724834919,0.20232588052749634,0.3217529875628481
train,central,5_551_2019-03-23_2_R.png,1.0,0.016770705580711365,0.09159389138221741,0.17671315371990204,0.4400527733632109
train,central,1_107_2019-07-30_1_L.png,1.0,0.006773500237613916,0.03260307013988495,0.2377368062734604,0.289969459513668
train,central,1_107_2019-07-30_2_R.png,1.0,0.008029213175177574,0.04526853188872337,0.24124062061309814,0.31718244302425197
train,central,1_9_2019-03-10_1_L.png,1.0,0.00748660322278738,0.0377868115901947,0.2206137776374817,0.3022275252034888
train,central,1_9_2019-03-10_2_R.png,0.9992761927739912,0.011287176981568336,0.04874472692608833,0.1981397569179535,0.341038799721917
train,central,1_12_2019-04-10_2_R.png,1.0,0.008215473964810371,0.03764674440026283,0.25010019540786743,0.3061045889615674
train,central,1_12_2019-04-10_1_L.png,1.0,0.010792811401188374,0.04762854427099228,0.26633191108703613,0.33648224819917233
train,central,1_164_2019-09-01_2_L.png,1.0,0.007902015931904316,0.03631119430065155,0.25154656171798706,0.3022166487316347
train,central,1_164_2019-09-01_1_R.png,1.0,0.008349430747330189,0.04256676882505417,0.2584211230278015,0.31468540744813667
train,central,1_150_2020-08-26_2_R.png,1.0,0.006888901349157095,0.0354035459458828,0.19661331176757812,0.2950738931847313
train,central,1_150_2020-08-26_1_L.png,1.0,0.007675246801227331,0.038696885108947754,0.20077136158943176,0.3047364895665934
train,central,1_77_2019-07-05_1_L.png,1.0,0.010806074365973473,0.035447780042886734,0.26215532422065735,0.31717836383137515
train,central,1_77_2019-07-05_2_R.png,1.0,0.011756876483559608,0.05096616968512535,0.255065381526947,0.34721497290090403
train,central,3_111_2021-04-01_5_R.png,1.0,0.00918217096477747,0.03448029235005379,0.22020049393177032,0.306504722233777
train,central,3_111_2021-03-18_3_R.png,1.0,0.010436021722853184,0.03332445025444031,0.21655945479869843,0.311718793050386
train,central,2_39_2019-06-19_2_R.png,1.0,0.011026781052350998,0.050342097878456116,0.2765842080116272,0.34211534458974546
train,central,2_39_2019-06-05_1_R.png,0.9958785777291116,0.013869814574718475,0.06318260729312897,0.2619929015636444,0.3785354913127693
train,central,1_196_2021-08-23_2_R.png,1.0,0.00745608052238822,0.03470103070139885,0.21680518984794617,0.29714663814520464
train,central,1_196_2021-08-23_1_L.png,1.0,0.007200687192380428,0.028930580243468285,0.2087281048297882,0.28652978857174854
train,central,4_67_2021-10-25_1_L.png,1.0,0.008365416899323463,0.03455532342195511,0.19987204670906067,0.3020298482299867
train,central,4_67_2021-10-25_2_R.png,1.0,0.00848680641502142,0.04304349049925804,0.20394361019134521,0.3162165664242242
train,central,1_47_2019-07-16_2_R.png,1.0,0.007461749482899904,0.031264305114746094,0.19372576475143433,0.2917110080693171
train,central,1_47_2019-07-16_1_L.png,1.0,0.007783096749335527,0.03374585509300232,0.21496376395225525,0.2974665068629706
train,central,4_74_2020-08-06_2_R.png,1.0,0.008685415610671043,0.03798642009496689,0.2131025493144989,0.30928840387019924
train,central,4_74_2020-08-06_1_L.png,1.0,0.01104691345244646,0.04148131608963013,0.20593661069869995,0.32813189103987744
train,central,1_206_2020-01-15_1_L.png,1.0,0.009469614364206791,0.0635378286242485,0.25950905680656433,0.354349489973604
train,central,1_206_2020-01-15_2_R.png,1.0,0.00962512381374836,0.033674538135528564,0.26678189635276794,0.30771445030431177
train,central,1_140_2019-09-27_1_L.png,1.0,0.010743903927505016,0.03876066952943802,0.24986883997917175,0.32209916111632164
train,central,1_140_2019-09-27_2_R.png,1.0,0.009589272551238537,0.041853517293930054,0.24394436180591583,0.320524799250151
train,central,5_593_2021-02-20_1_L.png,1.0,0.012771539390087128,0.04502113536000252,0.21636095643043518,0.3434644425965168
train,central,5_593_2022-06-16_2_R.png,1.0,0.015390604734420776,0.05352925881743431,0.23083831369876862,0.37173233611339873
train,central,5_363_2021-02-04_1_R.png,1.0,0.016800623387098312,0.049881238490343094,0.20083296298980713,0.3738600223325193
train,central,5_363_2021-02-04_2_L.png,1.0,0.014946972019970417,0.04821139574050903,0.21111240983009338,0.36077666538132525
train,central,5_589_2021-11-07_2_R.png,1.0,0.014592157676815987,0.044622860848903656,0.22504916787147522,0.35307180191898213
train,central,5_589_2021-11-07_1_L.png,1.0,0.01289035938680172,0.045013271272182465,0.21245375275611877,0.3441202940292318
train,central,2_41_2020-12-23_1_R.png,1.0,0.010656621307134628,0.04420682415366173,0.21152760088443756,0.3302725332789123
train,central,2_41_2020-12-23_2_L.png,1.0,0.00611913064494729,0.02935277298092842,0.21769684553146362,0.28111770325657826
train,central,1_24_2020-05-22_2_L.png,1.0,0.007193748373538256,0.02613425813615322,0.19843974709510803,0.28204206345412375
train,central,1_24_2020-05-22_1_R.png,1.0,0.010059317573904991,0.048021454364061356,0.2336958795785904,0.3329814296596768
train,central,3_140_2022-06-17_1_L.png,1.0,0.007098956499248743,0.026384560391306877,0.2030857503414154,0.28190706729444426
train,central,3_140_2022-06-17_2_R.png,1.0,0.007187076844274998,0.03091122768819332,0.21023574471473694,0.28960426038935444
train,central,5_205_2021-06-01_2_L.png,1.0,0.016449876129627228,0.0537758395075798,0.20734050869941711,0.3780830251730301
train,central,5_205_2021-06-01_1_R.png,1.0,0.01514230016618967,0.05415794253349304,0.18537582457065582,0.3713358015562831
train,central,3_168_2019-08-27_1_L.png,1.0,0.012159034609794617,0.058792199939489365,0.29788702726364136,0.36192761503837323
train,central,3_168_2019-08-27_2_R.png,1.0,0.012389125302433968,0.06711076200008392,0.2833167314529419,0.37645595118996095
train,central,1_177_2020-12-08_1_L.png,1.0,0.008801826275885105,0.03973947465419769,0.21347083151340485,0.3127321642971682
train,central,1_177_2020-12-08_2_R.png,1.0,0.0074820443987846375,0.03643866255879402,0.14288005232810974,0.3000570992685177
train,central,5_651_2019-05-10_3_R.png,1.0,0.01805015467107296,0.08218467980623245,0.26913905143737793,0.43228047426197336
train,central,5_651_2019-05-10_2_L.png,1.0,0.008250672370195389,0.0425114668905735,0.26136133074760437,0.31404191122644326
train,central,4_64_2022-06-05_1_R.png,1.0,0.008023345842957497,0.028935644775629044,0.21011477708816528,0.2911653006915003
train,central,4_64_2022-06-05_2_L.png,1.0,0.010024519637227058,0.037784382700920105,0.23379641771316528,0.3164994408926842
train,central,5_64_2019-04-19_1_L.png,1.0,0.010539206676185131,0.047583580017089844,0.20571066439151764,0.3349841875807298
train,central,5_64_2019-03-07_1_L.png,1.0,0.009425089694559574,0.03355192393064499,0.22868221998214722,0.306394190330651
train,central,5_134_2021-03-15_1_L.png,1.0,0.011177308857440948,0.05029258131980896,0.22167077660560608,0.34288328715007416
train,central,5_134_2021-03-15_2_L.png,1.0,0.019447820261120796,0.09408508241176605,0.2478266954421997,0.45907480189661415
train,central,3_144_2021-05-18_1_R.png,1.0,0.008064600639045238,0.04348327964544296,0.2169848531484604,0.3145413234851069
train,central,3_144_2021-05-18_2_R.png,1.0,0.007167798466980457,0.04109674692153931,0.21948659420013428,0.3057000546610322
train,central,3_93_2019-09-21_2_R.png,1.0,0.012960820458829403,0.04858415946364403,0.2530461847782135,0.35019759604580364
train,central,3_93_2019-09-21_1_L.png,1.0,0.011441471986472607,0.046464867889881134,0.2434503436088562,0.33827966065781023
train,central,3_58_2019-12-23_4_R.png,1.0,0.008930295705795288,0.043405093252658844,0.24898995459079742,0.31928647079251027
train,central,3_58_2019-12-23_3_L.png,1.0,0.008197077549993992,0.038730792701244354,0.25114697217941284,0.3077257314252413
train,central,5_532_2019-08-21_2_R.png,1.0,0.01296214945614338,0.06299164891242981,0.2721382975578308,0.3731260775969448
train,central,5_532_2019-08-21_1_L.png,1.0,0.011263112537562847,0.05987977609038353,0.2628430724143982,0.358618288167583
train,central,5_718_2021-09-05_3_R.png,1.0,0.014874107204377651,0.05849429592490196,0.21183332800865173,0.3767259601778774
train,central,5_718_2021-09-05_2_L.png,1.0,0.014884699136018753,0.059010449796915054,0.23713237047195435,0.37760669368065214
train,central,5_175_2021-11-16_2_R.png,1.0,0.00747717497870326,0.03138415515422821,0.18311664462089539,0.2919884470005689
train,central,5_175_2021-11-16_1_L.png,1.0,0.008520073257386684,0.033677175641059875,0.21083635091781616,0.3015027369563045
train,central,1_5_2020-12-18_1_R.png,1.0,0.01247849129140377,0.06937238574028015,0.25154781341552734,0.3805566726464101
train,central,1_5_2020-12-18_2_L.png,1.0,0.00781785324215889,0.04380055144429207,0.20267757773399353,0.31365811996669934
train,central,1_100_2019-02-15_2_R.png,1.0,0.00821299571543932,0.043442536145448685,0.23846763372421265,0.31531122658528726
train,central,1_100_2019-02-15_1_L.png,1.0,0.008720021694898605,0.039395857602357864,0.2233555018901825,0.3117253500375558
train,central,2_78_2021-05-19_1_L.png,1.0,0.015910182148218155,0.04401746019721031,0.2397863268852234,0.3595225521701981
train,central,2_78_2021-05-19_2_L.png,1.0,0.015618640929460526,0.04118533059954643,0.25134357810020447,0.3533769720911302
train,central,1_162_2021-09-27_1_L.png,1.0,0.008266070857644081,0.03071742132306099,0.227473646402359,0.29536527340639046
train,central,1_162_2021-09-27_2_L.png,1.0,0.01366431824862957,0.05628305673599243,0.2538239061832428,0.36640301677398385
train,central,1_115_2021-08-12_1_L.png,1.0,0.010881337337195873,0.044739462435245514,0.19115351140499115,0.33238394003234467
train,central,1_115_2021-08-12_2_R.png,1.0,0.010847228579223156,0.04330343380570412,0.18349578976631165,0.329907487267205
train,central,5_237_2022-03-09_1_R.png,1.0,0.008349141106009483,0.030537046492099762,0.22183702886104584,0.2955455835950984
train,central,5_237_2022-02-23_2_R.png,1.0,0.008998344652354717,0.03224518150091171,0.2300315499305725,0.30191484105730937
train,central,3_113_2022-01-20_1_L.png,1.0,0.01037518959492445,0.04392233118414879,0.2263071984052658,0.3282368774462322
train,central,3_113_2022-01-20_2_R.png,1.0,0.011581131257116795,0.054319191724061966,0.2533765137195587,0.351560759245926
train,central,1_134_2021-10-14_1_L.png,1.0,0.006241442635655403,0.027766983956098557,0.21070295572280884,0.2792828620284457
train,central,1_134_2021-10-14_2_R.png,1.0,0.0072267609648406506,0.031916216015815735,0.21521013975143433,0.29142632863420825
train,central,3_16_2020-08-10_1_L.png,1.0,0.008884882554411888,0.0337834395468235,0.21882948279380798,0.30372384546578607
train,central,3_16_2020-08-10_2_R.png,1.0,0.009791825897991657,0.04906640201807022,0.21114400029182434,0.33313920570495115
train,central,1_180_2019-03-05_1_L.png,1.0,0.007248034700751305,0.0384339764714241,0.2575680613517761,0.3019151577599008
train,central,1_180_2019-03-05_2_R.png,1.0,0.007356574758887291,0.046653568744659424,0.2590242624282837,0.3156023196579719
train,central,5_447_2020-03-07_2_R.png,1.0,0.014971195720136166,0.07030404359102249,0.26806390285491943,0.3960603180023926
train,central,5_447_2020-03-07_1_L.png,1.0,0.009827892296016216,0.051993921399116516,0.23914198577404022,0.3379994963909584
train,central,1_168_2021-04-22_1_L.png,1.0,0.006039781495928764,0.031069252640008926,0.20166143774986267,0.2834021273873408
train,central,1_168_2021-04-22_2_L.png,1.0,0.00626428471878171,0.032453086227178574,0.2183229923248291,0.2868665114500221
train,central,5_623_2019-12-23_2_R.png,1.0,0.012961284257471561,0.049979668110609055,0.25097593665122986,0.3524203323060647
train,central,5_623_2019-12-23_1_L.png,1.0,0.010315783321857452,0.041494742035865784,0.24907547235488892,0.32404064351523465
train,central,3_167_2021-08-26_1_R.png,1.0,0.00845501571893692,0.03318897634744644,0.1963493973016739,0.3003601076081395
train,central,3_167_2021-08-26_2_L.png,1.0,0.008876926265656948,0.03245590254664421,0.18733277916908264,0.30156710065943615
train,central,2_33_2021-11-22_1_R.png,1.0,0.0099191814661026,0.047068145126104355,0.23108214139938354,0.33067653572017497
train,central,2_33_2021-11-22_2_L.png,1.0,0.009277526289224625,0.03955128788948059,0.19349437952041626,0.3151085888374258
train,central,1_199_2021-04-06_1_R.png,1.0,0.006728725507855415,0.037376292049884796,0.19925066828727722,0.2973113637883216
train,central,1_199_2019-03-20_1_R.png,1.0,0.009359982796013355,0.04917772114276886,0.20479729771614075,0.3308871868637983
train,central,1_79_2021-04-10_2_R.png,1.0,0.014034495688974857,0.03539106622338295,0.23240944743156433,0.3352480072422292
train,central,1_79_2021-04-10_1_L.png,1.0,0.011277121491730213,0.033077340573072433,0.22000965476036072,0.31605685021177954
train,central,2_118_2022-01-25_2_L.png,1.0,0.0069194575771689415,0.030667757615447044,0.20745252072811127,0.28771156325978653
train,central,2_118_2022-01-25_1_R.png,1.0,0.0072355312295258045,0.044335924088954926,0.20684966444969177,0.3112342878530564
train,central,4_5_2021-06-19_1_L.png,1.0,0.009723516181111336,0.03166112303733826,0.19975873827934265,0.30506474698724395
train,central,4_5_2021-06-19_2_R.png,1.0,0.011356414295732975,0.04774165526032448,0.20996063947677612,0.339832463782196
train,central,1_142_2019-03-20_1_R.png,1.0,0.011153907515108585,0.05710488557815552,0.21626010537147522,0.35358941137409683
train,central,1_142_2019-03-20_2_L.png,1.0,0.006856312043964863,0.03748791292309761,0.2011747658252716,0.29820661671586673
train,central,4_89_2020-08-17_2_L.png,1.0,0.008398150093853474,0.03746414557099342,0.1811973601579666,0.3068416440499608
train,central,4_89_2020-08-17_1_L.png,1.0,0.01138021145015955,0.04316457360982895,0.20629118382930756,0.332684601968239
train,central,1_23_2019-06-02_2_L.png,1.0,0.007274979259818792,0.03569064289331436,0.22907285392284393,0.2977023265758445
train,central,1_23_2019-06-02_1_R.png,1.0,0.009296752512454987,0.04399239644408226,0.20771197974681854,0.3222821363163265
train,central,1_10_2019-02-12_1_L.png,1.0,0.008189352229237556,0.03280245512723923,0.251931756734848,0.2982508303555237
train,central,1_10_2019-02-12_2_R.png,1.0,0.008474934846162796,0.042147427797317505,0.26466697454452515,0.3147242345508527
train,central,4_98_2020-01-08_1_R.png,1.0,0.013585306704044342,0.055280864238739014,0.24240007996559143,0.36436417968097057
train,central,4_98_2020-01-08_2_L.png,1.0,0.013764300383627415,0.06068972870707512,0.24039268493652344,0.37397603078279645
train,central,5_26_2022-04-01_1_L.png,1.0,0.014563455246388912,0.05715963989496231,0.19419680535793304,0.37285522650292313
train,central,5_26_2022-04-01_2_R.png,1.0,0.013512589037418365,0.0448632650077343,0.20155932009220123,0.3473816894841465
train,central,1_119_2021-12-07_1_L.png,1.0,0.008747092448174953,0.05588936805725098,0.21200406551361084,0.33811729874842883
train,central,1_119_2021-12-07_2_R.png,1.0,0.00899520330131054,0.045890357345342636,0.19365331530570984,0.3236054052556442
train,central,5_171_2021-10-09_1_L.png,1.0,0.009495321661233902,0.04417433962225914,0.20979851484298706,0.3236885428343984
train,central,5_171_2021-10-09_3_R.png,1.0,0.0072493781335651875,0.03322500362992287,0.2092636227607727,0.293635712321636
train,central,3_80_2020-07-12_2_R.png,1.0,0.010031713172793388,0.04321485757827759,0.20617341995239258,0.32517929638058624
train,central,3_80_2020-07-12_1_L.png,1.0,0.009171746671199799,0.03590736165642738,0.21754175424575806,0.3087164231152697
train,central,1_66_2019-08-21_2_R.png,0.9999849843086025,0.008858620189130306,0.06044698879122734,0.2692127823829651,0.34599540254990147
train,central,1_66_2019-08-21_1_L.png,1.0,0.009123791009187698,0.05734194442629814,0.24192869663238525,0.3425471451048824
train,central,4_100_2019-09-02_1_R.png,1.0,0.008210739120841026,0.038184165954589844,0.24443106353282928,0.3069329443006692
train,central,4_100_2019-07-01_2_R.png,1.0,0.010117295198142529,0.06067516282200813,0.24810625612735748,0.35343845361547377
train,central,3_99_2022-06-17_1_L.png,1.0,0.00782911479473114,0.02617637626826763,0.21702571213245392,0.28568300569260663
train,central,3_99_2022-06-17_2_R.png,1.0,0.010085465386509895,0.03224995732307434,0.23314601182937622,0.30803749308582734
train,central,5_648_2021-10-26_1_R.png,1.0,0.011890041641891003,0.06097008287906647,0.21282362937927246,0.36387934336142447
train,central,5_648_2021-10-26_2_L.png,1.0,0.007628859486430883,0.040796756744384766,0.20840802788734436,0.3078162657954222
train,central,5_268_2019-10-29_1_L.png,1.0,0.009904072619974613,0.044344302266836166,0.23837891221046448,0.32625816209368746
train,central,5_268_2019-11-20_1_L.png,1.0,0.009640689007937908,0.039430294185876846,0.2361644208431244,0.31695888914718207
train,central,5_689_2020-10-20_1_L.png,1.0,0.0075816200114786625,0.040854647755622864,0.2110820859670639,0.3076426430848766
train,central,5_689_2020-04-10_1_L.png,1.0,0.007647006772458553,0.043256185948848724,0.24132010340690613,0.3118310725591569
train,central,5_411_2020-03-28_2_R.png,1.0,0.016170145943760872,0.039394933730363846,0.24837496876716614,0.35363082914105193
train,central,5_411_2020-03-28_1_L.png,1.0,0.013063943013548851,0.06684832274913788,0.2478397786617279,0.37983428382484075
train,central,1_108_2019-11-18_1_R.png,1.0,0.008774666115641594,0.053777676075696945,0.23107799887657166,0.3349128906572746
train,central,1_108_2019-11-18_2_R.png,1.0,0.008918304927647114,0.05927196890115738,0.22731758654117584,0.34446177937894723
train,central,1_31_2021-04-04_2_R.png,1.0,0.006255217362195253,0.028832970187067986,0.19068022072315216,0.28105623205086555
train,central,1_31_2021-04-04_1_L.png,1.0,0.006511199753731489,0.02694270946085453,0.20753231644630432,0.2794889000297355
train,central,2_7_2021-10-20_2_L.png,1.0,0.009458336979150772,0.03442803770303726,0.23170159757137299,0.30797502367164603
train,central,2_7_2021-10-20_1_L.png,1.0,0.00825626589357853,0.030015844851732254,0.2218845933675766,0.2941939760973169
train,central,5_178_2021-09-09_2_R.png,1.0,0.009524380788207054,0.034389689564704895,0.22472044825553894,0.3082855116956952
train,central,5_178_2021-09-09_1_L.png,1.0,0.009627453051507473,0.029388489201664925,0.20717072486877441,0.3009088380537419
train,central,5_455_2021-03-22_1_L.png,1.0,0.013510962016880512,0.05441344901919365,0.22023847699165344,0.36256601205730643
train,central,5_455_2021-06-07_2_L.png,1.0,0.015481573529541492,0.09062173962593079,0.22291986644268036,0.4312548005085608
train,central,5_1_2021-03-19_1_R.png,1.0,0.01359958853572607,0.06109991297125816,0.22265274822711945,0.37370209251318803
train,central,5_1_2021-03-19_2_L.png,1.0,0.00887319166213274,0.030978357419371605,0.22672557830810547,0.299195453539406
train,central,5_264_2021-06-01_2_R.png,1.0,0.011211494915187359,0.04689810797572136,0.23230859637260437,0.33767528522294016
train,central,5_264_2021-06-01_1_R.png,1.0,0.010821538046002388,0.05115039274096489,0.24286440014839172,0.34224677632393485
train,central,1_16_2019-05-28_1_L.png,1.0,0.008385219611227512,0.03835663944482803,0.25130462646484375,0.3081887867026539
train,central,1_16_2019-05-28_2_R.png,0.9973872696968332,0.012685077264904976,0.07989530265331268,0.2813665270805359,0.39845972292717885
train,central,5_249_2020-05-27_2_R.png,1.0,0.017814645543694496,0.06015660613775253,0.2141081541776657,0.3959110727660697
train,central,5_249_2020-05-27_1_L.png,1.0,0.008686775341629982,0.030117422342300415,0.19470933079719543,0.2967771922957829
train,central,1_44_2021-04-20_1_L.png,1.0,0.01019658986479044,0.040643174201250076,0.22217340767383575,0.3220154133096168
train,central,1_44_2021-04-20_2_R.png,1.0,0.0077287862077355385,0.04978432133793831,0.22245775163173676,0.3226767518197779
train,central,5_688_2022-05-18_2_R.png,1.0,0.012891525402665138,0.059450093656778336,0.20820315182209015,0.36709452484395694
train,central,5_688_2022-05-18_1_L.png,1.0,0.009074771776795387,0.033798955380916595,0.2108912467956543,0.304816656623205
train,central,1_92_2018-12-18_2_R.png,1.0,0.00870587769895792,0.03799517825245857,0.24960939586162567,0.309417436549186
train,central,1_92_2018-12-18_1_L.png,1.0,0.009255134500563145,0.059948183596134186,0.2649650275707245,0.3474322418322448
train,central,5_208_2022-06-12_1_L.png,1.0,0.00730489008128643,0.032015610486269,0.17941242456436157,0.29202393248084596
train,central,5_208_2022-06-12_2_R.png,1.0,0.0068581257946789265,0.0279934573918581,0.20071935653686523,0.2831120034457523
train,central,1_207_2019-10-15_2_R.png,1.0,0.007798441685736179,0.04814741760492325,0.2428174912929535,0.3204643988537348
train,central,1_207_2019-10-15_1_L.png,1.0,0.00985821895301342,0.04038864001631737,0.26970136165618896,0.3197071361821145
train,central,1_15_2019-09-10_2_R.png,1.0,0.007108878344297409,0.03210698813199997,0.22711527347564697,0.291066739987582
train,central,1_15_2019-09-10_1_L.png,1.0,0.00783785991370678,0.03809969127178192,0.22662699222564697,0.3047011072197082
train,central,2_178_2020-01-16_2_R.png,1.0,0.007616344373673201,0.05392367020249367,0.2612113356590271,0.3286295942422426
train,central,2_178_2020-01-16_1_L.png,1.0,0.010116550140082836,0.044781558215618134,0.27153289318084717,0.3281489826082675
train,central,3_97_2019-06-04_1_L.png,1.0,0.008656115271151066,0.03815309703350067,0.23347121477127075,0.30938875731715765
train,central,3_97_2019-06-04_2_R.png,1.0,0.009076684713363647,0.05010784789919853,0.24239973723888397,0.33077338226139547
train,central,1_204_2019-11-12_1_L.png,1.0,0.007534894160926342,0.04720956087112427,0.26465868949890137,0.3174898992229084
train,central,1_204_2019-11-12_2_R.png,1.0,0.007893433794379234,0.05531652271747589,0.2617959976196289,0.33240412396209484
train,central,4_101_2019-11-17_1_L.png,1.0,0.01309953723102808,0.0544564388692379,0.2526826858520508,0.3603201405801387
train,central,4_101_2019-11-17_2_R.png,1.0,0.011135841719806194,0.050028879195451736,0.251015841960907,0.3422305083939467
train,central,2_31_2020-05-13_1_L.png,1.0,0.0074263811111450195,0.03162434324622154,0.21566331386566162,0.2920848489146341
train,central,2_31_2020-05-13_2_R.png,1.0,0.007191450335085392,0.031074849888682365,0.22615370154380798,0.28988916932139547
train,central,1_135_2019-03-26_1_L.png,1.0,0.007097473368048668,0.03740847483277321,0.23660099506378174,0.2994367703837766
train,central,1_135_2019-03-26_2_R.png,1.0,0.008448930457234383,0.03765473887324333,0.25474464893341064,0.30743050021119417
train,central,1_32_2019-03-16_1_L.png,0.9999545695464527,0.00770850945264101,0.04064629226922989,0.20368319749832153,0.30802492155397143
train,central,1_32_2019-03-16_2_R.png,1.0,0.009007232263684273,0.03496994450688362,0.23343418538570404,0.3062996841078116
train,central,5_331_2022-02-18_2_L.png,1.0,0.011015498079359531,0.04310525953769684,0.2139243334531784,0.33053872596091505
train,central,5_331_2022-02-18_1_L.png,1.0,0.010094690136611462,0.03747165948152542,0.22177258133888245,0.3163966357390481
train,central,5_125_2022-02-18_2_L.png,1.0,0.01203065738081932,0.03598412498831749,0.19196602702140808,0.324919919339432
train,central,5_125_2022-02-18_1_R.png,1.0,0.012564433738589287,0.048610344529151917,0.2258562445640564,0.34800957880321554
train,central,5_646_2018-12-25_1_R.png,1.0,0.010631932877004147,0.06764023005962372,0.22188809514045715,0.3674140793461861
train,central,5_646_2018-12-25_2_L.png,1.0,0.01020654384046793,0.06898090243339539,0.22846649587154388,0.36715415388303385
train,central,5_128_2022-05-07_1_L.png,1.0,0.008014035411179066,0.03585797920823097,0.19938598573207855,0.30212573429188605
train,central,5_128_2022-05-07_2_R.png,1.0,0.008448532782495022,0.04489392042160034,0.19463147222995758,0.31894514302680776
train,central,1_69_2021-12-13_2_R.png,1.0,0.008157610893249512,0.03475979343056679,0.20762965083122253,0.3011862326413393
train,central,1_69_2021-12-13_1_L.png,1.0,0.009463144466280937,0.03600555658340454,0.20684202015399933,0.31051175491461025
train,central,3_129_2018-12-14_3_L.png,1.0,0.01005866564810276,0.05315236747264862,0.26637402176856995,0.3411405788861554
train,central,3_129_2018-12-14_4_R.png,1.0,0.009202576242387295,0.038161829113960266,0.24425584077835083,0.31247649222654716
train,central,1_137_2019-08-03_1_R.png,1.0,0.007654278073459864,0.03324595466256142,0.23933346569538116,0.2959466056718322
train,central,1_137_2019-08-03_2_L.png,1.0,0.008748973719775677,0.039619866758584976,0.23424512147903442,0.3122445833805779
train,central,5_320_2021-11-19_4_R.png,1.0,0.009911315515637398,0.039772696793079376,0.2265653908252716,0.3190258946735412
train,central,5_320_2021-11-19_3_L.png,1.0,0.015980906784534454,0.07741285860538483,0.19632002711296082,0.41304942117157306
train,central,1_186_2020-08-23_2_R.png,1.0,0.00792433600872755,0.03666813299059868,0.20649829506874084,0.3029100561704995
train,central,1_186_2020-08-23_1_L.png,1.0,0.008662702515721321,0.03524802625179291,0.21299371123313904,0.30480410705151206
train,central,5_637_2021-01-12_2_R.png,1.0,0.016848551109433174,0.057619646191596985,0.28015822172164917,0.38644071893173865
train,central,5_637_2021-01-12_1_R.png,1.0,0.014158647507429123,0.05703015252947807,0.2793329656124115,0.3703721803443676
train,central,1_14_2019-07-30_2_R.png,1.0,0.007016669027507305,0.041078731417655945,0.25300660729408264,0.30482129053509033
train,central,1_14_2019-07-30_1_L.png,1.0,0.008364313282072544,0.0430135540664196,0.25476187467575073,0.3154799164082347
train,central,5_570_2019-11-19_1_R.png,1.0,0.012000521644949913,0.053090814501047134,0.2654874920845032,0.35196559368632735
train,central,5_570_2019-11-19_2_L.png,1.0,0.01145230233669281,0.04629184678196907,0.27034854888916016,0.3380653205243024
train,central,5_136_2019-01-08_3_L.png,1.0,0.017043352127075195,0.07879870384931564,0.26907360553741455,0.4212304300205274
train,central,5_136_2019-01-08_2_L.png,1.0,0.016590578481554985,0.06926071643829346,0.27191171050071716,0.40350950738330454
train,central,3_123_2020-05-01_3_R.png,1.0,0.007060669362545013,0.036382339894771576,0.23966854810714722,0.2975972604514523
train,central,3_123_2020-05-01_4_L.png,1.0,0.007531133946031332,0.04233310744166374,0.23894858360290527,0.30971075392180036
train,central,1_184_2019-05-15_2_R.png,1.0,0.009810893796384335,0.04558052495121956,0.23723001778125763,0.32770074911796576
train,central,1_184_2019-05-15_1_L.png,1.0,0.007975698448717594,0.041353631764650345,0.2416679561138153,0.31065317249052565
train,central,4_78_2021-09-22_1_R.png,1.0,0.02193566784262657,0.07787933200597763,0.22434578835964203,0.4472870688970116
train,central,4_78_2021-09-22_2_L.png,1.0,0.019846320152282715,0.05897294357419014,0.20553705096244812,0.4054561429064382
train,central,4_73_2019-02-08_2_R.png,1.0,0.01020943932235241,0.06113387644290924,0.2519891858100891,0.35468653598376976
train,central,4_73_2019-02-08_1_L.png,1.0,0.007575639523565769,0.039288491010665894,0.22459757328033447,0.3051173898370259
train,central,3_130_2022-04-26_2_L.png,1.0,0.007349478080868721,0.03568561002612114,0.21143025159835815,0.2981133756100793
train,central,3_130_2022-04-26_1_L.png,1.0,0.007563265040516853,0.03437751531600952,0.199451744556427,0.29723486749201333
train,central,5_33_2020-11-11_1_L.png,1.0,0.008907520212233067,0.04582454264163971,0.2114921659231186,0.3230074826691469
train,central,5_33_2020-08-16_2_L.png,1.0,0.010568461380898952,0.04963775724172592,0.23054024577140808,0.3384167545157569
train,central,1_129_2019-07-29_2_R.png,1.0,0.009991452097892761,0.03999428078532219,0.2338966429233551,0.3198291829363866
train,central,1_129_2019-07-29_1_L.png,1.0,0.010512951761484146,0.04093256592750549,0.22432759404182434,0.32425534490665253
train,central,2_52_2021-01-22_1_L.png,1.0,0.007101560942828655,0.03289128467440605,0.21035411953926086,0.2922733241036026
train,central,2_52_2021-01-22_2_R.png,1.0,0.007436729501932859,0.0388948991894722,0.2126413881778717,0.3037098521588963
train,central,2_55_2019-05-28_2_R.png,1.0,0.00710466830059886,0.037645772099494934,0.2301231324672699,0.29985476025824687
train,central,2_55_2019-05-28_1_L.png,1.0,0.00719611719250679,0.03191424906253815,0.2302475869655609,0.2912508281709796
train,central,5_126_2021-07-05_1_R.png,1.0,0.018824001774191856,0.06421364843845367,0.2367570698261261,0.4080430870410055
train,central,5_126_2021-06-29_2_R.png,1.0,0.012840128503739834,0.06172143295407295,0.22565105557441711,0.37041891162410717
train,central,3_108_2020-03-12_1_L.png,1.0,0.00842836033552885,0.034719813615083694,0.2388448566198349,0.30264559400225566
train,central,3_108_2020-03-12_2_R.png,1.0,0.008238764479756355,0.039916396141052246,0.24471509456634521,0.3098464076957581
train,central,1_161_2018-12-04_1_L.png,1.0,0.01203507836908102,0.05521399527788162,0.25234726071357727,0.35553776285907424
train,central,1_161_2018-12-04_2_R.png,1.0,0.012149226851761341,0.05641494318842888,0.2700504958629608,0.35809044702274895
train,central,5_271_2022-05-09_1_R.png,1.0,0.019236935302615166,0.07155290246009827,0.24369287490844727,0.4220419240819121
train,central,5_271_2022-05-09_2_R.png,1.0,0.020010827109217644,0.08229340612888336,0.2335439920425415,0.4434822304216637
train,central,5_122_2020-05-08_1_L.png,1.0,0.013399289920926094,0.05039795860648155,0.2828201651573181,0.35554957631552087
train,central,5_122_2020-05-08_2_R.png,1.0,0.01774454116821289,0.07859369367361069,0.29435989260673523,0.42484846582466906
train,central,1_7_2019-08-07_1_L.png,1.0,0.009294741787016392,0.03186273202300072,0.24357417225837708,0.30297363258855925
train,central,1_7_2019-08-07_2_R.png,1.0,0.008367884904146194,0.033496152609586716,0.244836688041687,0.30035868628289214
train,central,5_98_2020-09-16_1_L.png,1.0,0.014400620013475418,0.07366587966680527,0.23471617698669434,0.3981992052275349
train,central,5_98_2020-05-18_2_R.png,1.0,0.01349001657217741,0.07052353769540787,0.2453814595937729,0.3880778804611923
train,central,5_81_2021-03-03_2_L.png,1.0,0.007716916035860777,0.02944566309452057,0.19162167608737946,0.290253025806636
train,central,5_81_2021-03-03_3_L.png,1.0,0.007505903486162424,0.029736101627349854,0.19585855305194855,0.28952814151681117
train,central,2_2_2021-08-05_3_L.png,1.0,0.006548789329826832,0.029020577669143677,0.19459860026836395,0.28300604081755
train,central,2_2_2021-08-05_2_R.png,1.0,0.008638394065201283,0.039308253675699234,0.203128844499588,0.31112682473718783
train,central,1_58_2019-07-02_2_R.png,1.0,0.006423989776521921,0.0388844758272171,0.24550846219062805,0.2979966085816903
train,central,1_58_2019-07-02_1_L.png,1.0,0.005614693276584148,0.024052899330854416,0.23471713066101074,0.2698486258889633
train,central,1_56_2020-01-06_2_R.png,0.999924282577421,0.010804317891597748,0.05657806620001793,0.24176880717277527,0.3507848480039022
train,central,1_56_2020-01-06_1_L.png,1.0,0.009160548448562622,0.04609435424208641,0.2345345914363861,0.32486001222648403
train,central,1_102_2020-05-20_2_L.png,0.9930361760413733,0.014741620048880577,0.054164715111255646,0.1947045624256134,0.3690927504519509
train,central,1_102_2020-05-20_1_R.png,1.0,0.01252382155507803,0.041599664837121964,0.2048831582069397,0.3366277812154625
train,central,1_11_2019-08-05_2_L.png,1.0,0.008304606191813946,0.038005486130714417,0.23223136365413666,0.3071766832187264
train,central,1_11_2019-08-05_1_R.png,1.0,0.006837325170636177,0.03594173863530159,0.22059303522109985,0.2956399928228083
train,central,1_192_2019-09-17_2_R.png,1.0,0.011473407968878746,0.0777517780661583,0.29731032252311707,0.38823393038474024
train,central,1_192_2019-09-17_1_L.png,1.0,0.008199586533010006,0.03066239506006241,0.2426425963640213,0.29490375729828056
train,central,3_57_2019-11-04_2_R.png,1.0,0.010246029123663902,0.05664348602294922,0.23815393447875977,0.3477485506753014
train,central,3_57_2019-11-04_1_L.png,1.0,0.013089774176478386,0.05646088346838951,0.24894079566001892,0.3634541125333106
train,central,1_51_2019-01-03_2_L.png,1.0,0.007696548011153936,0.035009194165468216,0.22408121824264526,0.29898952782598576
train,central,1_51_2019-01-03_1_R.png,0.9991787571858747,0.013029374182224274,0.06216856837272644,0.19249165058135986,0.37219477036798543
train,central,3_89_2019-05-29_2_R.png,1.0,0.008131654933094978,0.03558310121297836,0.24408352375030518,0.3023500382011248
train,central,3_89_2019-05-29_1_L.png,1.0,0.011638915166258812,0.04920845851302147,0.23193359375,0.34375508180819453
train,central,5_272_2019-12-09_1_L.png,1.0,0.018101230263710022,0.060051124542951584,0.2462274730205536,0.3973553001880646
train,central,5_272_2019-12-02_1_L.png,1.0,0.018455946817994118,0.06967242807149887,0.23978662490844727,0.4146572000558742
train,central,1_166_2021-08-10_1_L.png,1.0,0.006582234054803848,0.03159237280488014,0.20840516686439514,0.28728565965694464
train,central,1_166_2021-08-10_2_R.png,1.0,0.0064745936542749405,0.037113256752491,0.2212967425584793,0.2954634068660777
train,central,2_97_2019-06-10_2_R.png,1.0,0.009263293817639351,0.05312526971101761,0.2537885010242462,0.3366235022644766
train,central,2_97_2019-06-10_1_L.png,1.0,0.008274109102785587,0.035576578229665756,0.25054797530174255,0.3031409654321826
train,central,5_335_2021-01-04_2_R.png,1.0,0.010009635239839554,0.04167214035987854,0.2308134287595749,0.3226007851602679
train,central,5_335_2021-01-04_1_L.png,1.0,0.009178249165415764,0.03742888197302818,0.225589781999588,0.3111736001489176
train,central,5_38_2021-03-18_2_R.png,1.0,0.018875202164053917,0.06076432019472122,0.2109556943178177,0.4028435215734961
train,central,5_38_2021-03-18_1_L.png,1.0,0.022289758548140526,0.1090838760137558,0.21993529796600342,0.4989224218551747
train,central,1_124_2019-11-26_2_R.png,1.0,0.008083266206085682,0.035606417804956436,0.271084189414978,0.30211494618984447
train,central,1_124_2019-11-26_1_L.png,1.0,0.009917774237692356,0.051095131784677505,0.2544759511947632,0.337075189744461
train,central,1_17_2021-07-23_2_R.png,1.0,0.007777126040309668,0.037717439234256744,0.1919245421886444,0.3037513509403322
train,central,1_17_2021-07-23_1_R.png,1.0,0.007383962161839008,0.040453121066093445,0.20114891231060028,0.30589202522003855
train,central,5_587_2021-12-17_6_L.png,1.0,0.00985743384808302,0.04986093193292618,0.16991965472698212,0.33477227528875864
train,central,5_587_2021-12-17_8_L.png,1.0,0.009723275899887085,0.0460885688662529,0.14022672176361084,0.3280161501331763
train,central,5_423_2020-03-12_2_R.png,1.0,0.009466996416449547,0.047857616096735,0.2587862014770508,0.3293889713600617
train,central,5_423_2020-03-12_1_L.png,1.0,0.009579197503626347,0.05198931694030762,0.25626951456069946,0.3365932629083876
train,central,5_578_2019-12-11_1_L.png,1.0,0.00833672471344471,0.0320327952504158,0.23022907972335815,0.29785534168424255
train,central,5_578_2019-12-11_2_R.png,1.0,0.008557452820241451,0.03984636813402176,0.2507043480873108,0.3115276214179837
train,central,3_101_2021-06-11_2_L.png,1.0,0.009611576795578003,0.04914720728993416,0.1950179636478424,0.33225385834547605
train,central,3_101_2021-06-11_1_R.png,1.0,0.009792123921215534,0.04463161528110504,0.18319037556648254,0.3260855395495045
train,central,5_735_2018-12-04_1_R.png,1.0,0.012366428039968014,0.04801037907600403,0.25444209575653076,0.3459413062548265
train,central,5_735_2019-12-11_1_L.png,1.0,0.009559295140206814,0.05050962418317795,0.26027753949165344,0.3341272554550828
train,central,1_178_2020-10-28_1_L.png,1.0,0.007881651632487774,0.03435405716300011,0.2078007161617279,0.2989884722829712
train,central,1_178_2020-10-28_2_R.png,1.0,0.006969572976231575,0.028027590364217758,0.19910579919815063,0.2837931962980127
train,central,5_220_2020-08-10_2_L.png,1.0,0.011584632098674774,0.05265331640839577,0.18687736988067627,0.34893019529567526
train,central,5_220_2020-08-10_1_L.png,1.0,0.009806853719055653,0.05254355072975159,0.20686212182044983,0.33875556469429285
train,central,1_60_2021-11-23_2_L.png,1.0,0.01202424056828022,0.0702165812253952,0.21549609303474426,0.37934455060061406
train,central,1_60_2021-11-23_1_L.png,1.0,0.008140133693814278,0.042144738137722015,0.20504719018936157,0.31283669906499034
train,central,2_144_2020-10-20_1_R.png,1.0,0.007936274632811546,0.02458217367529869,0.21195173263549805,0.28374954838390376
train,central,2_144_2019-05-21_1_R.png,1.0,0.009443297982215881,0.028408775106072426,0.23499029874801636,0.2983143297278068
train,central,5_4_2019-09-29_2_R.png,1.0,0.01256163977086544,0.07733019441366196,0.23162499070167542,0.3936845330055803
train,central,5_4_2019-09-29_1_L.png,1.0,0.01065066922456026,0.043080054223537445,0.224259614944458,0.32844646428923374
train,central,1_35_2019-06-04_2_R.png,1.0,0.011253030970692635,0.05230219289660454,0.24166220426559448,0.34650633336383513
train,central,1_35_2019-06-04_1_L.png,1.0,0.011219685897231102,0.0589878223836422,0.2540339231491089,0.3569549960549921
train,central,2_188_2019-08-01_1_R.png,1.0,0.007792382035404444,0.03614218533039093,0.23039281368255615,0.3013310801565901
train,central,2_188_2019-08-01_2_L.png,1.0,0.00858832336962223,0.039775293320417404,0.2259507179260254,0.31158819469115273
train,central,3_158_2020-11-06_4_L.png,1.0,0.0072689298540353775,0.04027516394853592,0.2083272784948349,0.30496185489252886
train,central,3_158_2020-11-06_3_L.png,1.0,0.007456456311047077,0.0670657604932785,0.19238027930259705,0.3486380948071283
train,central,5_656_2020-10-21_1_L.png,1.0,0.010056727565824986,0.05504283308982849,0.22296008467674255,0.34413723610976543
train,central,5_656_2020-10-21_2_L.png,1.0,0.011425553821027279,0.056215960532426834,0.24838072061538696,0.353703222908503
train,central,5_289_2020-10-15_1_L.png,1.0,0.01336921751499176,0.05502204969525337,0.1998927891254425,0.362736927582459
train,central,5_289_2020-10-15_2_L.png,1.0,0.01479719951748848,0.06552416831254959,0.22283753752708435,0.38747724232856523
train,central,5_641_2019-08-18_1_L.png,1.0,0.008987554349005222,0.033922795206308365,0.23317505419254303,0.3045230764959177
train,central,5_641_2019-08-18_2_R.png,1.0,0.017543673515319824,0.07640256732702255,0.30726325511932373,0.4202327024530281
train,central,1_43_2021-11-14_1_L.png,1.0,0.00694230105727911,0.04613903537392616,0.22449961304664612,0.31245345426935023
train,central,1_43_2021-11-14_2_R.png,1.0,0.007745217531919479,0.04815671592950821,0.22811415791511536,0.32017980577762833
train,central,5_80_2020-11-24_2_R.png,1.0,0.011297489516437054,0.04789945110678673,0.21316158771514893,0.33975205074530096
train,central,5_80_2020-11-24_1_L.png,1.0,0.012689901515841484,0.05446583777666092,0.21866893768310547,0.358030892489478
train,central,5_119_2021-08-31_1_L.png,1.0,0.01453283429145813,0.05181197449564934,0.21483132243156433,0.36417533413253045
train,central,5_119_2021-08-31_2_L.png,1.0,0.027936162427067757,0.08948144316673279,0.21152791380882263,0.49949775505387645
train,central,5_132_2019-11-11_2_R.png,1.0,0.012645263224840164,0.05197804048657417,0.24392840266227722,0.3538219427774576
train,central,5_132_2019-11-14_1_R.png,1.0,0.01295397523790598,0.05585293099284172,0.2401227056980133,0.36172304638365116
train,central,4_70_2019-12-24_2_R.png,1.0,0.008581415750086308,0.04212034493684769,0.24723148345947266,0.31528010326649314
train,central,4_70_2019-12-24_1_L.png,1.0,0.0076437112875282764,0.03032953478395939,0.23452244699001312,0.29124740860319104
train,central,1_118_2019-05-29_2_R.png,1.0,0.009699453599750996,0.07637739181518555,0.256934255361557,0.37606891347730365
train,central,1_118_2019-05-29_1_L.png,1.0,0.008471784181892872,0.04553745314478874,0.25205525755882263,0.3200997342080386
train,central,5_527_2022-06-30_2_R.png,1.0,0.009558617137372494,0.04738018661737442,0.2311450093984604,0.3291447910162705
train,central,5_527_2022-06-30_1_L.png,1.0,0.008724121376872063,0.04145500063896179,0.2241201400756836,0.31502432012507187
train,central,1_191_2019-06-10_2_R.png,1.0,0.011196935549378395,0.05148116126656532,0.21253925561904907,0.3448846099347892
train,central,1_191_2019-06-10_1_L.png,1.0,0.006842173170298338,0.030163511633872986,0.2309168428182602,0.2864746289549988
train,central,4_26_2019-05-13_4_L.png,1.0,0.010403676889836788,0.031105486676096916,0.2616925835609436,0.30800668403548614
train,central,4_26_2019-05-13_6_L.png,1.0,0.01049219910055399,0.03667938709259033,0.27313143014907837,0.3173721903151917
train,central,1_171_2021-07-16_1_R.png,1.0,0.006955260876566172,0.03552435338497162,0.21297615766525269,0.29563935917950324
train,central,1_171_2021-07-30_1_R.png,1.0,0.006599815562367439,0.03482702374458313,0.18931463360786438,0.29253059122288094
train,central,1_88_2019-03-19_2_L.png,1.0,0.007224609609693289,0.030988555401563644,0.14063362777233124,0.2899384035570124
train,central,1_88_2019-03-19_1_R.png,1.0,0.008199836127460003,0.03899442404508591,0.1898188591003418,0.30816066192505376
train,central,2_202_2019-06-28_2_R.png,1.0,0.008695078082382679,0.042881887406110764,0.24787360429763794,0.3171309987231242
train,central,2_202_2019-06-28_1_L.png,1.0,0.008655842393636703,0.038753166794776917,0.24772518873214722,0.31034187881953335
train,central,1_130_2020-05-27_1_L.png,1.0,0.006931144278496504,0.03436542674899101,0.2195085883140564,0.29365995639448306
train,central,1_130_2020-05-27_2_R.png,1.0,0.006851056590676308,0.0352155938744545,0.22179841995239258,0.2945620017591864
train,central,1_1_2020-04-15_1_L.png,1.0,0.009451795369386673,0.05177561193704605,0.24304695427417755,0.33553664067082783
train,central,1_1_2020-04-15_2_R.png,1.0,0.0074067190289497375,0.03699510544538498,0.23799467086791992,0.30051864411004564
train,central,1_72_2019-06-01_2_R.png,1.0,0.010367991402745247,0.06012887507677078,0.2612442076206207,0.3539795256262137
train,central,1_72_2019-06-01_1_L.png,1.0,0.008760510012507439,0.0502716600894928,0.2445858269929886,0.3292555098718202
train,central,1_42_2020-08-05_1_L.png,1.0,0.009258782491087914,0.02979658730328083,0.20453719794750214,0.29948431313122537
train,central,1_42_2020-08-05_2_R.png,1.0,0.010086040012538433,0.04153307527303696,0.20701658725738525,0.32280932209581475
train,central,5_41_2021-08-08_1_L.png,1.0,0.008177340030670166,0.03988489508628845,0.21118101477622986,0.3094507798552513
train,central,5_41_2021-08-08_2_R.png,1.0,0.011197921819984913,0.06489578634500504,0.18338024616241455,0.3662316066953777
train,central,2_87_2020-03-22_2_R.png,1.0,0.008181150071322918,0.03819181025028229,0.25714772939682007,0.3067786672766405
train,central,2_87_2020-03-22_1_L.png,1.0,0.005709958262741566,0.026284493505954742,0.23281602561473846,0.27393475489648567
train,central,4_3_2019-02-11_2_R.png,1.0,0.010872305370867252,0.045661404728889465,0.23733597993850708,0.3337998615979979
train,central,4_3_2019-02-11_1_L.png,1.0,0.010716661810874939,0.046949032694101334,0.23829784989356995,0.3349728656086055
train,central,1_131_2019-09-06_2_R.png,1.0,0.010458407923579216,0.05384132266044617,0.2534380853176117,0.34448519425720653
train,central,1_131_2019-09-06_1_L.png,1.0,0.009445862844586372,0.03669567406177521,0.2325744330883026,0.3115124599627135
train,central,5_728_2021-03-30_1_R.png,1.0,0.00879569910466671,0.030004726722836494,0.20894832909107208,0.2972105999773538
train,central,5_728_2021-03-30_2_R.png,1.0,0.02279498241841793,0.06766270101070404,0.23987823724746704,0.43586698225699366
train,central,1_34_2019-06-25_2_R.png,1.0,0.00965607538819313,0.05457524210214615,0.24528411030769348,0.3411396728574552
train,central,1_34_2019-06-25_1_L.png,1.0,0.008482703007757664,0.04609821364283562,0.22339634597301483,0.32105327157769353
train,central,5_278_2020-10-21_2_R.png,1.0,0.01540290005505085,0.06331085413694382,0.2435981035232544,0.3873631262093444
train,central,5_278_2020-10-21_1_L.png,0.9911988673324915,0.014398797415196896,0.07243076711893082,0.207439124584198,0.3962240013315088
train,central,3_64_2021-09-06_2_R.png,1.0,0.00811057910323143,0.032538533210754395,0.22498181462287903,0.29738785574551335
train,central,3_64_2021-09-06_1_L.png,1.0,0.008085791021585464,0.029613016173243523,0.20665787160396576,0.2925941911356693
train,central,1_194_2019-09-29_2_R.png,1.0,0.013028688728809357,0.05881615728139877,0.27050143480300903,0.36685753341086885
train,central,1_194_2019-09-29_1_L.png,1.0,0.010912291705608368,0.04204287379980087,0.25156378746032715,0.32826803098009394
train,central,3_71_2020-12-08_1_L.png,1.0,0.011406228877604008,0.049457669258117676,0.17594976723194122,0.34284269307443704
train,central,3_71_2020-12-08_2_L.png,1.0,0.00948385614901781,0.04486039653420448,0.20464283227920532,0.32471550350627776
train,central,1_22_2021-04-04_1_L.png,1.0,0.008179917931556702,0.043443769216537476,0.21826651692390442,0.31512712575495244
train,central,1_22_2021-04-04_2_R.png,1.0,0.007807654794305563,0.04013385251164436,0.2167988121509552,0.30776736903194846
train,central,2_156_2019-05-25_2_R.png,1.0,0.007538565434515476,0.039926040917634964,0.23325802385807037,0.3059231320290234
train,central,2_156_2019-05-25_1_L.png,1.0,0.0067303841933608055,0.03389881178736687,0.22724929451942444,0.2917883389311927
train,central,5_49_2019-05-30_2_R.png,1.0,0.009743930771946907,0.044504787772893906,0.24437105655670166,0.325612682049078
train,central,5_49_2019-05-30_1_L.png,1.0,0.017142601311206818,0.09969829767942429,0.24296046793460846,0.45503806050189516
train,central,2_88_2020-08-04_1_R.png,1.0,0.007463869173079729,0.03932805359363556,0.2071819007396698,0.3045516220884482
train,central,2_88_2020-08-04_2_L.png,1.0,0.006700003519654274,0.03325650095939636,0.21187321841716766,0.29059558950618586
train,central,1_30_2019-10-06_2_L.png,1.0,0.007511470001190901,0.04345269501209259,0.23707109689712524,0.311381306275937
train,central,1_30_2019-10-06_1_R.png,1.0,0.007526221685111523,0.0451323576271534,0.24790646135807037,0.3141364750219509
train,central,5_493_2020-05-08_1_R.png,1.0,0.01206719595938921,0.0599215030670166,0.2777787446975708,0.363207641241818
train,central,5_493_2019-12-22_2_R.png,1.0,0.012759138830006123,0.06065976992249489,0.28389406204223633,0.3682743353409354
train,central,1_163_2021-01-07_2_R.png,1.0,0.011560572311282158,0.04600758105516434,0.23529988527297974,0.33822209820235993
train,central,1_163_2021-01-07_1_L.png,1.0,0.010732453316450119,0.03833737596869469,0.22760546207427979,0.32136132985522803
train,central,1_110_2020-09-17_1_L.png,1.0,0.009699025191366673,0.048322826623916626,0.21226544678211212,0.3314342408758504
train,central,1_110_2020-09-17_2_R.png,1.0,0.009648489765822887,0.044309068471193314,0.20253045856952667,0.3247644547732886
train,central,1_71_2020-10-14_1_L.png,1.0,0.007180538959801197,0.03355102613568306,0.21719038486480713,0.2937671641374684
train,central,1_71_2020-10-14_2_R.png,1.0,0.007728091906756163,0.040410708636045456,0.20531590282917023,0.30776028071466666
train,central,4_36_2019-06-16_2_R.png,1.0,0.010629089549183846,0.05393756926059723,0.2649078965187073,0.345598397992382
train,central,4_36_2019-06-16_1_L.png,1.0,0.009564475156366825,0.05646955221891403,0.25159984827041626,0.3436380967391994
train,central,2_102_2020-10-23_2_L.png,1.0,0.011197028681635857,0.04076562821865082,0.20526005327701569,0.3278376948638735
train,central,2_102_2020-10-23_1_R.png,1.0,0.01029298547655344,0.03433322533965111,0.2072642296552658,0.3125190836186944
train,central,1_173_2020-10-26_2_R.png,1.0,0.007672702893614769,0.03302190452814102,0.19867655634880066,0.2956938018895347
train,central,1_173_2020-10-26_1_L.png,1.0,0.005578762851655483,0.021961383521556854,0.18518339097499847,0.266319105733948
train,central,5_713_2022-02-16_1_R.png,1.0,0.009054159745573997,0.037875425070524216,0.1987544149160385,0.3111860066355968
train,central,5_713_2022-02-16_3_L.png,1.0,0.007100095972418785,0.02874387986958027,0.1964738667011261,0.2856669396373697
train,central,4_102_2019-10-30_2_R.png,1.0,0.008710196241736412,0.04194342717528343,0.23339112102985382,0.31572303345680913
train,central,4_102_2019-10-30_1_L.png,1.0,0.008757529780268669,0.04602229967713356,0.23898497223854065,0.32247839995490557
train,central,1_167_2021-10-19_2_L.png,1.0,0.006750497501343489,0.029296765103936195,0.1939178854227066,0.28458003838313745
train,central,1_167_2021-10-19_1_L.png,0.9994766589909986,0.006066570058465004,0.02672971785068512,0.18359407782554626,0.2766490077049556
train,central,5_108_2021-12-01_2_R.png,1.0,0.010171105153858662,0.03561592847108841,0.16824737191200256,0.31387417087627745
train,central,5_203_2021-11-14_1_L.png,1.0,0.009841786697506905,0.048459406942129135,0.15926554799079895,0.3324545612177727
train,central,5_245_2022-04-20_1_L.png,1.0,0.013447018340229988,0.04035879671573639,0.21667562425136566,0.3398466547570107
train,central,4_49_2021-02-17_1_L.png,1.0,0.010454707778990269,0.04019469767808914,0.2377728819847107,0.32275384119923484
train,central,5_599_2021-01-06_3_R.png,1.0,0.012176087126135826,0.06537520885467529,0.24779316782951355,0.37249650417149743
train,central,2_161_2021-04-25_1_L.png,1.0,0.006772221066057682,0.027559533715248108,0.2007528692483902,0.2819384562253783
train,central,5_704_2022-07-22_1_L.png,1.0,0.017284074798226357,0.05710272863507271,0.21414007246494293,0.3880681708412753
train,central,5_10_2019-05-20_2_R.png,1.0,0.011456378735601902,0.052288077771663666,0.2476661503314972,0.347627708660862
train,central,5_478_2021-05-25_1_R.png,1.0,0.01609201170504093,0.05245668813586235,0.21564385294914246,0.3739713878751817
train,central,5_21_2019-08-06_1_L.png,1.0,0.010268825106322765,0.040329981595277786,0.2403850257396698,0.3219234755791893
train,central,1_33_2019-03-06_1_L.png,1.0,0.007882551290094852,0.03679198399186134,0.22635793685913086,0.3028720528120175
train,central,1_53_2020-03-31_1_R.png,1.0,0.009174322709441185,0.04691849276423454,0.26329565048217773,0.3262486219109798
train,central,1_189_2021-11-22_1_R.png,1.0,0.008605760522186756,0.03489251434803009,0.1987576186656952,0.30391822121825746
train,central,5_9_2020-04-09_2_R.png,1.0,0.013448742218315601,0.05699515342712402,0.23735417425632477,0.3663232827029953
train,central,5_731_2020-03-23_1_R.png,1.0,0.02230742760002613,0.06261187791824341,0.2880036234855652,0.4250890860291706
train,central,5_636_2019-05-03_1_R.png,1.0,0.010798150673508644,0.04170471429824829,0.20171856880187988,0.3270880066493357
train,central,5_79_2020-01-14_2_R.png,1.0,0.012577991932630539,0.0685749426484108,0.25742635130882263,0.3798477042889731
train,central,2_205_2022-01-12_1_R.png,1.0,0.011727518402040005,0.03688143193721771,0.25062745809555054,0.32464229636613956
train,central,2_191_2021-05-21_1_L.png,1.0,0.008286049589514732,0.03063877299427986,0.2263282686471939,0.29535253143192014
train,central,1_148_2020-09-22_1_R.png,1.0,0.008261735551059246,0.04728032648563385,0.2251870334148407,0.321690963701853
train,central,4_71_2021-05-06_1_R.png,1.0,0.007871787063777447,0.040138911455869675,0.20965009927749634,0.30813616136808625
train,central,3_48_2021-03-27_1_R.png,1.0,0.006581218913197517,0.037543006241321564,0.20880216360092163,0.29674686631611125
train,central,5_153_2020-03-11_1_R.png,1.0,0.013256587088108063,0.05146511271595955,0.2430424690246582,0.356444618055089
train,central,1_98_2019-10-10_1_R.png,1.0,0.009963832795619965,0.05333763733506203,0.2832752466201782,0.3409018915993246
train,central,1_205_2019-11-05_1_R.png,1.0,0.010955610312521458,0.05779333412647247,0.263690710067749,0.3535692486636849
train,central,2_135_2019-05-31_1_L.png,1.0,0.009575678035616875,0.05927131697535515,0.23142680525779724,0.3481584659565917
train,central,5_83_2020-05-24_2_R.png,1.0,0.01617027446627617,0.06406441330909729,0.18694567680358887,0.39287845141000366
train,central,3_156_2019-05-28_1_L.png,1.0,0.01036746520549059,0.03806138411164284,0.2366022765636444,0.31886919377668
train,central,3_120_2019-10-21_1_R.png,1.0,0.009605211205780506,0.06041482463479042,0.23904305696487427,0.35014380676968193
train,central,2_200_2021-10-07_1_L.png,1.0,0.006612599361687899,0.027075529098510742,0.19587388634681702,0.28027057679348877
train,central,5_364_2020-09-09_1_L.png,1.0,0.013914315961301327,0.05381428822875023,0.22155332565307617,0.3638816676462408
train,central,5_241_2019-05-08_2_L.png,1.0,0.024341454729437828,0.06862853467464447,0.2229055017232895,0.44610244256274945
train,central,3_3_2022-05-12_1_L.png,1.0,0.008481805212795734,0.0424986258149147,0.21069177985191345,0.3153216044820676
train,central,5_708_2021-05-20_1_L.png,1.0,0.013836505822837353,0.06001850217580795,0.1950773000717163,0.37331432598770004
train,central,2_3_2020-11-18_1_R.png,1.0,0.0067429435439407825,0.03176664933562279,0.1981084942817688,0.28846690865043045
train,central,2_101_2021-04-29_2_R.png,1.0,0.014585981145501137,0.060203731060028076,0.2694620192050934,0.3778248069934886
train,central,5_459_2020-07-12_1_L.png,1.0,0.014172181487083435,0.05709558725357056,0.23318271338939667,0.37055240967734293
train,central,2_91_2020-03-25_1_R.png,1.0,0.008651245385408401,0.05105851963162422,0.25582873821258545,0.3298927183432335
train,central,2_53_2020-03-18_1_R.png,1.0,0.010301250964403152,0.04841805249452591,0.29600727558135986,0.3349732565524226
train,central,5_231_2021-03-24_2_L.png,1.0,0.008156036026775837,0.035315509885549545,0.19832612574100494,0.3020614683776247
train,central,5_711_2019-05-24_1_L.png,1.0,0.015999970957636833,0.06755252182483673,0.24830922484397888,0.3974697577216747
train,central,3_126_2021-07-25_1_L.png,1.0,0.009175504557788372,0.04140244424343109,0.22727322578430176,0.3174797380702909
train,central,1_125_2018-11-26_1_R.png,1.0,0.00949475634843111,0.04402993991971016,0.2628191411495209,0.323455636150373
train,central,5_293_2021-10-09_2_L.png,1.0,0.008626294322311878,0.03408920019865036,0.20995521545410156,0.30275572406085716
train,central,2_143_2019-02-13_1_R.png,1.0,0.007011669687926769,0.03705994784832001,0.232385516166687,0.29839964993509716
train,central,5_198_2021-11-30_1_R.png,1.0,0.00627324590459466,0.03604070469737053,0.20407700538635254,0.2926244929591617
train,central,5_657_2019-08-25_1_L.png,0.9999391671989537,0.013908084481954575,0.06613115966320038,0.2582385540008545,0.38344163831154054
train,central,5_191_2021-05-05_1_L.png,1.0,0.016224870458245277,0.05837858095765114,0.19354066252708435,0.38413991148752924
train,central,3_22_2019-05-12_3_L.png,1.0,0.009820918552577496,0.036842361092567444,0.2180657833814621,0.31385551405096934
train,central,5_569_2020-05-09_2_R.png,1.0,0.015595322474837303,0.06684765964746475,0.2708853781223297,0.3940722383601083
train,central,4_79_2021-11-10_1_R.png,1.0,0.008772669360041618,0.0395098514854908,0.2204529345035553,0.3122028470589695
train,central,5_477_2021-01-22_1_R.png,1.0,0.020200682803988457,0.08451909571886063,0.23164862394332886,0.44809103850698606
train,central,5_519_2019-07-28_1_R.png,1.0,0.010636938735842705,0.05574241280555725,0.21338465809822083,0.3485138916706836
train,central,5_16_2021-04-13_1_L.png,1.0,0.009441613219678402,0.030711621046066284,0.21887703239917755,0.30196847147943284
train,central,4_28_2019-06-28_2_L.png,1.0,0.007671777158975601,0.032459329813718796,0.23438873887062073,0.29479358940469946
train,central,4_29_2020-12-16_1_L.png,1.0,0.009787918999791145,0.03619273006916046,0.19994352757930756,0.31263638766567137
train,central,1_99_2018-12-16_1_L.png,1.0,0.009644881822168827,0.04689699783921242,0.2568429708480835,0.3288613204484467
train,central,5_165_2019-04-12_1_L.png,1.0,0.009755869396030903,0.044420719146728516,0.23478543758392334,0.3255460912679238
train,central,5_256_2019-09-29_1_L.png,1.0,0.010521166026592255,0.05601215362548828,0.24508368968963623,0.34829180330376736
train,central,4_10_2019-12-16_1_L.png,1.0,0.010681364685297012,0.0650557279586792,0.25069987773895264,0.36358042537996715
train,central,2_98_2020-08-04_1_L.png,1.0,0.008702303282916546,0.03217728063464165,0.20708966255187988,0.30014158424879
train,central,5_533_2019-03-13_2_L.png,1.0,0.010437940247356892,0.045630134642124176,0.25150924921035767,0.3313068099129437
train,central,5_6_2021-11-30_1_L.png,0.9882640778731422,0.012631806544959545,0.05410434305667877,0.19096393883228302,0.35712900304193185
train,central,5_448_2019-07-26_1_R.png,1.0,0.009664710611104965,0.04904622957110405,0.24468189477920532,0.33239208968694917
train,central,5_592_2019-10-08_2_R.png,1.0,0.010267832316458225,0.043414466083049774,0.258727490901947,0.3268250255485658
train,central,5_190_2019-10-15_1_L.png,1.0,0.00955354142934084,0.03743889182806015,0.22555819153785706,0.3133005439028652
train,central,2_182_2020-10-21_1_R.png,1.0,0.010722804814577103,0.054997432976961136,0.2521047294139862,0.3478116931817071
train,central,5_82_2021-01-10_1_R.png,1.0,0.00920282956212759,0.04144853353500366,0.1981739103794098,0.31770676509265533
train,central,1_132_2020-08-23_1_R.png,1.0,0.007299427408725023,0.03739285469055176,0.20417115092277527,0.30054791163631966
train,central,5_307_2020-04-12_1_L.png,1.0,0.011418352834880352,0.05584576353430748,0.2008773237466812,0.3530737675916912
train,central,5_273_2021-01-18_1_L.png,1.0,0.007723319344222546,0.030726047232747078,0.20621651411056519,0.2923260191815313
train,central,5_461_2019-04-17_2_R.png,1.0,0.01365295983850956,0.05293349176645279,0.25504082441329956,0.3610102723564275
train,central,3_145_2019-12-04_1_R.png,1.0,0.008316879160702229,0.03673500195145607,0.24169254302978516,0.3052244938380847
train,central,5_217_2020-12-24_1_R.png,1.0,0.010936122387647629,0.03800274059176445,0.19451020658016205,0.3219745939174159
train,central,5_698_2020-08-21_1_L.png,1.0,0.009433945640921593,0.04168916866183281,0.1804872751235962,0.3193896216467362
train,central,5_547_2021-11-22_1_L.png,1.0,0.0070527540519833565,0.026707783341407776,0.19389362633228302,0.2821613968582824
train,central,5_670_2020-10-26_1_R.png,1.0,0.01482083648443222,0.05641577020287514,0.19098372757434845,0.37311956691132353
train,central,4_104_2021-08-06_1_L.png,1.0,0.010935261845588684,0.04705367237329483,0.2144378125667572,0.336368963020769
train,central,3_171_2019-01-08_1_L.png,1.0,0.007833193056285381,0.04284157231450081,0.23197412490844727,0.31221875780558384
train,central,3_21_2021-03-05_1_R.png,1.0,0.009938349947333336,0.028549648821353912,0.17267125844955444,0.30132311430590397
train,central,3_146_2020-04-15_1_L.png,1.0,0.011577538214623928,0.04776397719979286,0.21823620796203613,0.3411117980023846
train,central,4_80_2019-03-03_1_R.png,1.0,0.01008741743862629,0.04385468363761902,0.25853854417800903,0.32651053797030316
train,central,3_187_2021-10-29_1_R.png,1.0,0.008909206837415695,0.03688375651836395,0.22383803129196167,0.30879299201240595
train,central,5_100_2021-05-30_1_L.png,1.0,0.012372751720249653,0.04849826171994209,0.18177562952041626,0.34675305388994854
train,central,5_150_2019-01-16_1_L.png,1.0,0.018623147159814835,0.07197293639183044,0.27650922536849976,0.41925760157914327
train,central,2_190_2021-12-17_1_R.png,1.0,0.0068247029557824135,0.029365424066781998,0.21683742105960846,0.2851066742325202
train,central,4_75_2019-05-20_1_L.png,1.0,0.014634866267442703,0.06719699501991272,0.290560245513916,0.38922543301331725
train,central,1_84_2021-08-05_1_R.png,1.0,0.008166241459548473,0.03192228078842163,0.22261476516723633,0.2967205549188128
train,central,2_12_2021-11-25_1_R.png,1.0,0.00832956749945879,0.03902841731905937,0.21159717440605164,0.30894448110114103
train,central,2_64_2020-10-28_1_L.png,1.0,0.008423037827014923,0.035443127155303955,0.20967435836791992,0.3037663809785789
train,central,5_505_2019-11-03_2_R.png,1.0,0.011719049885869026,0.05259674787521362,0.2121480107307434,0.349596299954944
train,central,2_93_2022-03-23_1_R.png,1.0,0.007068577688187361,0.03530837967991829,0.22003135085105896,0.2959331717141057
train,central,3_65_2021-08-19_2_L.png,1.0,0.009165054187178612,0.04021412134170532,0.20461857318878174,0.31553044102832
train,central,3_135_2021-11-01_1_L.png,1.0,0.007863304577767849,0.03318018838763237,0.18591773509979248,0.29701775159390476
train,central,1_112_2019-04-23_1_R.png,1.0,0.00834345817565918,0.04405156150460243,0.23789159953594208,0.31701398190449587
train,central,5_58_2018-12-24_1_L.png,1.0,0.010254157707095146,0.040015578269958496,0.2554502487182617,0.32134078435007146
train,central,4_15_2021-10-08_2_R.png,1.0,0.009195536375045776,0.042034126818180084,0.2306034415960312,0.3185973665931008
train,central,5_42_2022-01-02_1_R.png,1.0,0.00751739926636219,0.03312743455171585,0.2103116810321808,0.29498810766010797
train,central,2_104_2021-11-21_1_R.png,1.0,0.009553940035402775,0.03737974911928177,0.19584578275680542,0.31320869538890705
train,central,5_699_2020-07-22_1_L.png,1.0,0.012128684669733047,0.04723875969648361,0.2027362883090973,0.34337642351165415
train,central,4_99_2019-08-16_1_L.png,1.0,0.008117780089378357,0.040385063737630844,0.2548987865447998,0.3099114780398933
train,central,3_2_2021-11-30_1_R.png,1.0,0.0075165098533034325,0.028622513636946678,0.19890792667865753,0.2878161850745197
train,central,2_177_2022-01-05_1_L.png,1.0,0.008417177014052868,0.036041002720594406,0.23320026695728302,0.3046845795777203
train,central,4_8_2020-03-12_4_R.png,1.0,0.011215269565582275,0.06640088558197021,0.27009230852127075,0.3687236638231711
train,central,1_38_2021-03-12_1_R.png,1.0,0.010760944336652756,0.03970576077699661,0.21863672137260437,0.3236985676752573
train,central,4_77_2020-05-06_1_L.png,1.0,0.008474403992295265,0.032589178532361984,0.24926376342773438,0.29951494284905494
train,central,1_94_2021-02-19_1_L.png,1.0,0.007998629473149776,0.039859890937805176,0.20165729522705078,0.3084057536420666
train,central,5_173_2019-03-13_1_L.png,1.0,0.015185297466814518,0.05964528024196625,0.25809335708618164,0.38030751681759617
train,central,5_62_2019-01-23_1_L.png,1.0,0.014367307536303997,0.07456114143133163,0.27768269181251526,0.3994361026233739
train,central,5_621_2019-07-28_1_R.png,1.0,0.013620595447719097,0.044355232268571854,0.2299131453037262,0.34718099163887517
train,central,5_583_2019-01-04_1_L.png,1.0,0.010614314116537571,0.05778689682483673,0.2589323818683624,0.3516392163995823
train,central,5_177_2020-05-13_1_L.png,1.0,0.01176251471042633,0.04938590154051781,0.17669430375099182,0.34473262496969914
train,central,1_151_2019-12-28_1_R.png,1.0,0.010215812362730503,0.05165547505021095,0.27586519718170166,0.33964310939296743
train,central,2_131_2019-01-13_1_L.png,1.0,0.009543044492602348,0.05133413150906563,0.25328585505485535,0.3353475617625835
train,central,5_25_2022-04-14_1_L.png,1.0,0.014214348047971725,0.04108181968331337,0.21826045215129852,0.3453131481751122
train,central,2_152_2022-05-30_1_R.png,1.0,0.006902757100760937,0.03133269399404526,0.21494397521018982,0.2886754764095796
train,central,5_492_2021-09-15_1_L.png,1.0,0.012108713388442993,0.04134565219283104,0.22582243382930756,0.3338886867531321
train,central,2_158_2020-09-09_1_R.png,1.0,0.008042904548346996,0.03801391273736954,0.21258586645126343,0.30571801743935795
train,central,5_388_2021-09-02_1_L.png,1.0,0.008298246189951897,0.026150096207857132,0.18232710659503937,0.2882800606037067
train,central,5_159_2021-07-30_1_R.png,1.0,0.013774262741208076,0.08304273337125778,0.20687681436538696,0.40959366737356917
train,central,1_183_2020-10-10_1_L.png,1.0,0.006211272906512022,0.027740828692913055,0.19119945168495178,0.2790715466560373
train,central,2_47_2021-05-25_1_R.png,1.0,0.009288380853831768,0.03574454411864281,0.20138698816299438,0.30911346249155364
train,central,2_206_2020-09-09_1_R.png,1.0,0.009503071196377277,0.04595889896154404,0.22240127623081207,0.32657120564571496
train,central,2_109_2022-06-28_1_L.png,1.0,0.008447003550827503,0.030389387160539627,0.2084016501903534,0.2958611472742632
train,central,5_162_2019-06-13_1_L.png,1.0,0.011501804925501347,0.05430908501148224,0.2954756021499634,0.35109846976966685
train,central,2_176_2020-08-05_1_L.png,1.0,0.007242802530527115,0.033328827470541,0.22553202509880066,0.29376389884643933
train,central,3_131_2021-03-08_2_R.png,1.0,0.007169182412326336,0.027591433376073837,0.2035912722349167,0.284222113258544
train,central,3_103_2019-04-23_4_L.png,1.0,0.008914018049836159,0.037006281316280365,0.246366947889328,0.3090149808971381
train,central,2_108_2021-11-03_1_L.png,1.0,0.006602123379707336,0.029211685061454773,0.2076982706785202,0.28361007933589544
train,central,5_500_2019-04-29_1_R.png,1.0,0.01040224451571703,0.044372085481882095,0.24036362767219543,0.3291045795766298
train,central,3_169_2019-08-16_1_R.png,1.0,0.007215167861431837,0.040387045592069626,0.24089723825454712,0.3048374372079376
train,central,4_103_2021-05-20_1_R.png,1.0,0.00969521515071392,0.04390198364853859,0.2309911847114563,0.3243796501181681
train,central,2_17_2021-06-17_1_L.png,1.0,0.007900452241301537,0.03537850081920624,0.23304931819438934,0.3007240224333311
train,central,5_137_2020-12-16_1_R.png,1.0,0.016181770712137222,0.051884327083826065,0.1823890209197998,0.3735657078891315
train,central,3_30_2022-04-25_1_R.png,1.0,0.00982336699962616,0.03742493689060211,0.215236634016037,0.3147961116988551
train,central,4_65_2020-12-07_1_L.png,1.0,0.008462700061500072,0.03195081651210785,0.1951727271080017,0.2984335322970186
train,central,5_55_2020-12-07_1_L.png,1.0,0.016043609008193016,0.04962189868092537,0.19779956340789795,0.3691892303907397
train,central,5_612_2019-11-09_1_R.png,1.0,0.01164185255765915,0.06905265897512436,0.280961811542511,0.3753419235518033
train,central,1_67_2020-10-28_1_R.png,1.0,0.006402989849448204,0.03471008315682411,0.20833048224449158,0.29123740474354815
train,central,3_114_2020-08-07_1_R.png,1.0,0.010083774104714394,0.04721597209572792,0.23454129695892334,0.331837548582222
train,central,3_5_2022-06-01_1_L.png,1.0,0.0105874789878726,0.04676434397697449,0.2138471007347107,0.3339523892701519
train,central,5_29_2020-08-24_2_L.png,1.0,0.007864165119826794,0.03593892604112625,0.2124626785516739,0.30141149295536296
train,central,4_11_2021-06-17_1_R.png,1.0,0.010512618348002434,0.042095791548490524,0.24268919229507446,0.32610405567102135
train,central,4_41_2021-11-04_1_R.png,1.0,0.010386037640273571,0.04925760254263878,0.25688669085502625,0.3367858294080096
train,central,4_68_2021-07-19_1_L.png,1.0,0.010254384949803352,0.046531107276678085,0.2278665006160736,0.3317076769191772
train,central,5_666_2021-11-24_1_R.png,1.0,0.007687792181968689,0.04284067824482918,0.21872544288635254,0.31139945550398396
train,central,2_129_2021-01-22_1_L.png,1.0,0.007870323956012726,0.038006510585546494,0.22307464480400085,0.3047354754568501
train,central,5_420_2018-11-29_1_R.png,1.0,0.01254296489059925,0.0690600648522377,0.26115232706069946,0.3804224625018171
train,central,3_7_2022-04-14_1_R.png,1.0,0.006309478543698788,0.026446809992194176,0.19871485233306885,0.2775652872504328
train,central,2_61_2021-02-19_1_R.png,1.0,0.011302221566438675,0.04213755577802658,0.21128664910793304,0.3306120168671689
train,central,2_45_2022-04-23_1_R.png,1.0,0.009779304265975952,0.04907120019197464,0.2503194808959961,0.3330764049833471
train,central,4_69_2019-12-27_1_L.png,1.0,0.00975615531206131,0.037207648158073425,0.2439606487751007,0.3140723593363708
train,central,4_61_2022-01-17_1_L.png,1.0,0.006519875023514032,0.024988025426864624,0.20374925434589386,0.2764279738227329
train,central,5_382_2020-09-03_1_R.png,1.0,0.015901632606983185,0.06318095326423645,0.21971029043197632,0.3899618363346566
train,central,2_166_2020-09-07_1_L.png,1.0,0.007730442564934492,0.03454010561108589,0.203084796667099,0.29843390744539317
train,central,1_104_2021-08-21_1_L.png,1.0,0.006047964561730623,0.025662638247013092,0.20246344804763794,0.27484672514361924
train,central,5_514_2019-03-04_1_L.png,1.0,0.01049597468227148,0.04837275668978691,0.2515242099761963,0.3359965159578926
train,central,5_87_2019-02-17_1_R.png,1.0,0.011074226349592209,0.06159138306975365,0.2447262555360794,0.3602788144637915
train,central,4_57_2018-11-27_1_R.png,1.0,0.009100129827857018,0.04051356762647629,0.2643296420574188,0.3156416333238171
train,central,3_56_2019-08-11_3_R.png,1.0,0.006955360062420368,0.04070987552404404,0.24956628680229187,0.30388961141209375
train,central,3_36_2019-01-16_1_R.png,1.0,0.012766195461153984,0.04456115886569023,0.23475095629692078,0.342702602209862
train,central,5_438_2020-05-04_1_R.png,1.0,0.014264250174164772,0.046706780791282654,0.28187233209609985,0.35454264939762653
train,central,1_106_2021-07-26_1_L.png,1.0,0.009012347087264061,0.03279067948460579,0.23146989941596985,0.3028614424550059
train,central,2_32_2020-10-08_1_L.png,1.0,0.011742575094103813,0.03773754462599754,0.21665328741073608,0.326088987718421
train,central,5_5_2021-03-12_2_R.png,1.0,0.010338079184293747,0.04346759244799614,0.23038771748542786,0.3273046833971007
train,central,2_151_2021-03-22_2_L.png,1.0,0.008027756586670876,0.0389460064470768,0.20810292661190033,0.30711568651128224
train,central,3_63_2019-04-15_3_L.png,1.0,0.008724081330001354,0.05107898265123367,0.23726065456867218,0.330334975335493
train,central,5_15_2019-01-15_1_R.png,0.9993693409613046,0.00958859734237194,0.04892372339963913,0.24278685450553894,0.3317690563684499
train,central,5_114_2019-07-19_2_R.png,1.0,0.016492027789354324,0.06529158353805542,0.28288400173187256,0.3966406301256608
train,central,5_685_2019-10-28_1_L.png,1.0,0.011725733056664467,0.050086867064237595,0.2400805652141571,0.34564090059138836
train,central,4_107_2021-03-30_1_L.png,1.0,0.008535527624189854,0.029296886175870895,0.2021092027425766,0.2946210254385898
train,central,5_716_2020-11-04_1_L.png,1.0,0.010636053048074245,0.04461485892534256,0.18810541927814484,0.3308059830493717
train,central,2_43_2021-01-04_1_L.png,1.0,0.006860048044472933,0.030404021963477135,0.1758345663547516,0.2869578051920557
train,central,3_66_2019-04-07_1_L.png,1.0,0.010419407859444618,0.04124071076512337,0.20995552837848663,0.32421939088116314
train,central,2_185_2021-11-30_1_R.png,1.0,0.007300300057977438,0.03563931584358215,0.21054017543792725,0.2977630993954583
train,central,4_106_2019-12-20_1_R.png,1.0,0.009547538124024868,0.0477304607629776,0.25355297327041626,0.32963972588874063
train,central,3_180_2019-09-29_1_R.png,1.0,0.0076477788388729095,0.03878931328654289,0.23047098517417908,0.304729027106342
train,central,1_136_2020-09-18_1_R.png,1.0,0.009987181052565575,0.06028986722230911,0.2556774616241455,0.35209359127435497
train,central,4_81_2021-11-03_1_L.png,1.0,0.006838029250502586,0.026527300477027893,0.20941555500030518,0.2806664380202578
train,central,2_81_2021-09-04_1_R.png,1.0,0.007898997515439987,0.04983795806765556,0.23192019760608673,0.3237195215865292
train,central,4_12_2019-03-25_3_L.png,1.0,0.01149457786232233,0.061017684638500214,0.17922380566596985,0.36173058967317706
train,central,4_25_2019-11-02_3_L.png,1.0,0.008410956710577011,0.03340043127536774,0.24073383212089539,0.3004486812532625
train,central,5_2_2021-06-12_1_L.png,1.0,0.010116901248693466,0.04307108744978905,0.16944923996925354,0.3254297541031106
train,central,5_491_2019-11-26_1_L.png,1.0,0.011641111224889755,0.05553970858454704,0.2408672422170639,0.35383987793360244
train,central,1_141_2021-06-20_1_R.png,1.0,0.010019496083259583,0.04597492516040802,0.21603509783744812,0.32950159185989336
train,central,5_544_2021-04-13_1_L.png,1.0,0.01965242065489292,0.06533610075712204,0.2138943374156952,0.4144886628428305
train,central,4_58_2021-07-28_1_L.png,1.0,0.007141618989408016,0.033654529601335526,0.17847894132137299,0.2937129039084539
train,central,5_91_2021-07-13_1_R.png,1.0,0.008881826885044575,0.05014164000749588,0.21764804422855377,0.32973106714939193
train,central,5_281_2022-06-19_1_R.png,0.9997121624450492,0.014730123803019524,0.05614373832941055,0.2018589973449707,0.3721765300978652
train,central,3_136_2018-12-09_1_R.png,1.0,0.01395352277904749,0.050281163305044174,0.2280254364013672,0.3584813254356215
train,central,2_70_2019-08-18_1_R.png,1.0,0.01194848120212555,0.07352983951568604,0.24782955646514893,0.38418949690054766
train,central,2_72_2020-09-02_1_R.png,1.0,0.008427541702985764,0.04324694722890854,0.19999811053276062,0.31620688357983123
train,central,5_672_2019-09-02_2_R.png,1.0,0.01343767810612917,0.08643119782209396,0.3314708471298218,0.4130911177003079
train,central,5_63_2021-01-15_1_L.png,1.0,0.019007224589586258,0.06554825603961945,0.20569217205047607,0.41119695474309
train,central,3_176_2019-06-28_1_R.png,1.0,0.010319114662706852,0.051560793071985245,0.24371108412742615,0.34007355441042986
train,central,5_383_2019-11-22_1_R.png,1.0,0.018458601087331772,0.08201349526643753,0.31736844778060913,0.4343056463128464
train,central,2_92_2021-11-05_1_L.png,1.0,0.005159180145710707,0.026538489386439323,0.19179783761501312,0.27124071234350344
train,central,4_40_2021-09-28_1_R.png,1.0,0.00887977797538042,0.0338515043258667,0.22316497564315796,0.3038034170844846
train,central,5_304_2022-03-09_3_R.png,1.0,0.010456111282110214,0.049892060458660126,0.248320072889328,0.33818935850973836
train,central,1_203_2020-04-13_1_R.png,1.0,0.008872558362782001,0.057457100600004196,0.22608891129493713,0.3413171644724736
train,central,5_228_2019-07-07_2_L.png,1.0,0.01070735789835453,0.0551280602812767,0.2618193030357361,0.3479326204439117
train,central,5_428_2019-07-10_1_L.png,1.0,0.010477080009877682,0.049740683287382126,0.21434494853019714,0.3380664802854881
train,central,5_692_2021-10-13_2_L.png,1.0,0.011356362141668797,0.04101847484707832,0.17092236876487732,0.3291362015763298
train,central,5_184_2020-11-25_1_R.png,1.0,0.016468795016407967,0.06536294519901276,0.1897805631160736,0.39662347569299694
train,central,3_32_2021-11-14_1_L.png,1.0,0.008669130504131317,0.024779830127954483,0.19656608998775482,0.28818631610748446
train,central,5_69_2019-05-12_1_L.png,1.0,0.009820918552577496,0.036842361092567444,0.2180657833814621,0.31385551405096934
train,central,5_193_2021-09-22_1_L.png,1.0,0.009528284892439842,0.05334262549877167,0.1935061812400818,0.33845987035892905
train,central,5_640_2019-08-05_1_L.png,1.0,0.013704508543014526,0.05569314584136009,0.2404293715953827,0.3656905925748023
train,central,5_538_2018-11-24_1_R.png,1.0,0.009621578268706799,0.04818520322442055,0.19225740432739258,0.3307796556185084
train,central,3_125_2021-03-24_1_R.png,1.0,0.008533838205039501,0.03531435504555702,0.22389452159404755,0.3041847683849152
train,central,2_59_2020-08-26_1_L.png,1.0,0.008062466979026794,0.04096095636487007,0.21096527576446533,0.3105165346102281
train,central,1_169_2021-12-28_1_R.png,1.0,0.006379479076713324,0.025877531617879868,0.18181169033050537,0.27705337010768494
train,central,4_105_2021-09-18_1_L.png,1.0,0.008422833867371082,0.03780621662735939,0.19092150032520294,0.30752469422930684
train,central,5_435_2020-11-02_2_L.png,1.0,0.01103425957262516,0.035991206765174866,0.21633510291576385,0.319326448131522
train,central,2_68_2019-06-20_3_L.png,1.0,0.010545682162046432,0.04002920538187027,0.2372284233570099,0.32300228890539573
train,central,4_21_2020-09-08_3_R.png,1.0,0.01136302761733532,0.05159878730773926,0.22508490085601807,0.3460060101552782
train,central,4_63_2020-09-14_1_L.png,1.0,0.008989045396447182,0.03236602991819382,0.1948041319847107,0.30205479158850557
train,central,4_20_2021-04-13_3_R.png,1.0,0.009009386412799358,0.05145561695098877,0.2341155707836151,0.33253900735766034
train,central,1_123_2019-12-19_1_L.png,1.0,0.008906244300305843,0.03958970308303833,0.23405426740646362,0.3130812427304177
train,central,1_153_2021-07-14_1_L.png,1.0,0.00848254282027483,0.0396229550242424,0.2146506905555725,0.3107508227207952
train,central,4_6_2019-06-08_3_R.png,1.0,0.01113868784159422,0.04250587895512581,0.2130987048149109,0.33027810835575855
train,central,5_286_2020-10-19_1_L.png,1.0,0.012108060531318188,0.04915832728147507,0.21689198911190033,0.3463142702546479
train,central,2_51_2019-01-21_1_R.png,1.0,0.009507507085800171,0.05435890331864357,0.28199392557144165,0.3399598008191044
train,central,5_95_2019-01-03_2_L.png,1.0,0.010349927470088005,0.04641079530119896,0.2139757126569748,0.3320536981802434
train,central,4_44_2019-08-11_3_R.png,1.0,0.006955360062420368,0.04070987552404404,0.24956628680229187,0.30388961141209375
train,central,1_116_2021-05-23_1_L.png,1.0,0.007641437463462353,0.03313116356730461,0.1663360595703125,0.2956917550435967
train,central,5_474_2020-08-31_1_R.png,1.0,0.010458377189934254,0.05156443268060684,0.20101168751716614,0.3408626964125274
train,central,5_97_2019-09-29_1_L.png,1.0,0.010842186398804188,0.04139130562543869,0.2202579379081726,0.32683710289738055
train,central,5_368_2019-10-19_3_R.png,1.0,0.01636340096592903,0.06452148407697678,0.2980756163597107,0.3946919460103593
train,central,5_415_2020-08-17_2_L.png,1.0,0.008775867521762848,0.04015330597758293,0.22237351536750793,0.31324451431970707
train,central,5_598_2021-05-29_1_R.png,1.0,0.011508898809552193,0.042601726949214935,0.23307323455810547,0.33251303049566394
train,central,2_13_2021-03-17_1_R.png,1.0,0.008394020609557629,0.04131748154759407,0.2086014300584793,0.3129487229362977
train,central,5_552_2022-04-18_2_L.png,1.0,0.006799653172492981,0.02883480302989483,0.20099061727523804,0.2841215993701057
train,central,5_668_2019-07-06_1_L.png,1.0,0.017497867345809937,0.05689525231719017,0.2496141791343689,0.38894067796116527
train,central,2_90_2021-06-25_1_R.png,1.0,0.007868212647736073,0.03180990740656853,0.20641149580478668,0.2948653670176017
train,central,5_164_2019-10-21_1_L.png,1.0,0.011604174971580505,0.04878184571862221,0.2826082706451416,0.3428809660402211
train,central,3_49_2020-01-07_1_R.png,1.0,0.01075247023254633,0.05393508821725845,0.2753887176513672,0.3462884672218934
train,central,2_11_2019-12-15_1_L.png,1.0,0.010053823702037334,0.045897964388132095,0.2649730145931244,0.32957224712326105
train,central,3_70_2020-10-16_1_R.png,1.0,0.008589099161326885,0.04707271605730057,0.22143682837486267,0.32320209469180555
train,central,3_43_2020-09-14_2_R.png,1.0,0.007889537140727043,0.04419470205903053,0.2134089171886444,0.31468839969232
train,central,1_103_2018-11-24_1_R.png,1.0,0.013215139508247375,0.07144957780838013,0.2351064682006836,0.3880049426108599
train,central,5_50_2019-11-12_2_L.png,1.0,0.010416009463369846,0.052693046629428864,0.2718689441680908,0.34241990014191037
train,central,3_91_2019-08-22_1_R.png,1.0,0.010377291589975357,0.04152572154998779,0.2569817900657654,0.3244359131140465
train,central,5_19_2021-04-27_1_R.png,1.0,0.010407178662717342,0.04341832548379898,0.20991531014442444,0.3276149887020107
train,central,4_55_2019-11-22_1_L.png,1.0,0.009730998426675797,0.05670056492090225,0.26796749234199524,0.34494231034239586
train,central,2_82_2018-12-24_3_R.png,1.0,0.008710887283086777,0.04106396809220314,0.20589512586593628,0.31432778111404996
train,central,5_267_2019-05-07_2_R.png,1.0,0.010145480744540691,0.04784836620092392,0.24000491201877594,0.33319072996223853
train,central,2_112_2019-08-05_2_R.png,1.0,0.007590245921164751,0.031172942370176315,0.2305019497871399,0.2922884507136504
train,central,5_555_2020-11-24_1_L.png,1.0,0.01024020928889513,0.04025760665535927,0.24595844745635986,0.3216473696562885
train,central,5_581_2019-10-19_1_L.png,1.0,0.011007461696863174,0.04045629873871803,0.22219222784042358,0.3262792654928159
train,central,5_112_2022-06-14_1_L.png,1.0,0.009533769451081753,0.044222570955753326,0.24901866912841797,0.32398154331921514
train,central,5_270_2021-10-16_1_L.png,1.0,0.011817307211458683,0.04353582486510277,0.201135516166687,0.33573389262257314
train,central,2_48_2020-11-23_1_R.png,1.0,0.010016587562859058,0.04522913694381714,0.1780066192150116,0.32829875017897314
train,central,2_203_2019-07-20_1_L.png,1.0,0.008627447299659252,0.042991913855075836,0.22808095812797546,0.31692561764820393
train,central,2_163_2019-07-28_1_L.png,1.0,0.00891095120459795,0.04102260246872902,0.23681959509849548,0.3153873317261142
train,central,5_618_2021-01-28_2_R.png,1.0,0.01359978225082159,0.06767196208238602,0.21820366382598877,0.38415871483739467
train,central,3_162_2019-12-05_1_R.png,1.0,0.009232624433934689,0.041522134095430374,0.27548637986183167,0.31799145304724913
train,central,5_54_2021-05-09_2_L.png,1.0,0.009790284559130669,0.04169296473264694,0.22059175372123718,0.3214000672652302
train,central,5_667_2021-02-01_1_L.png,0.9993458237387481,0.02375074476003647,0.08297885954380035,0.25733381509780884,0.46560976127670567
train,central,5_349_2019-06-03_1_L.png,1.0,0.011593678034842014,0.06805013120174408,0.21248820424079895,0.3734760113123974
train,central,5_92_2019-10-09_2_R.png,1.0,0.007034743670374155,0.04540518298745155,0.2421903908252716,0.3118059515349821
train,central,5_617_2021-08-25_3_R.png,1.0,0.013439918868243694,0.07149549573659897,0.21240906417369843,0.38934237776027825
train,central,5_219_2020-07-17_1_L.png,1.0,0.013674398884177208,0.05688413605093956,0.20591586828231812,0.3674159828954461
train,central,3_45_2019-03-25_1_R.png,1.0,0.009149560704827309,0.03474194183945656,0.20324565470218658,0.30673755007287995
train,central,2_145_2020-03-24_1_R.png,1.0,0.009481647983193398,0.04522361606359482,0.2414420247077942,0.32528093182481826
train,central,3_118_2021-07-19_1_R.png,1.0,0.007027035113424063,0.035521917045116425,0.219290629029274,0.29603921326660465
train,central,4_76_2019-11-07_1_L.png,1.0,0.008916213177144527,0.03091401234269142,0.25342756509780884,0.2993350823939016
train,central,5_96_2022-07-14_1_L.png,1.0,0.01011190377175808,0.03544063866138458,0.20835185050964355,0.3132622929501601
train,central,4_32_2019-06-13_3_R.png,0.9990500030158634,0.01198760699480772,0.05954048037528992,0.2736213207244873,0.3621537808519365
train,central,4_56_2020-07-22_1_L.png,1.0,0.01002891082316637,0.049198828637599945,0.21122440695762634,0.3346834871219471
train,central,2_83_2019-10-09_1_L.png,1.0,0.011878584511578083,0.04954026639461517,0.28043878078460693,0.3456310980508781
train,central,3_52_2021-09-30_1_R.png,1.0,0.015758665278553963,0.04954453930258751,0.2282775640487671,0.36746335017325527
train,central,4_50_2020-11-13_1_R.png,1.0,0.005875489208847284,0.01905021071434021,0.17023815214633942,0.2633567802089436
train,central,3_46_2020-08-28_2_R.png,1.0,0.010010961443185806,0.04031099006533623,0.20556291937828064,0.32044277867640963
train,central,5_506_2019-10-16_2_R.png,1.0,0.010484910570085049,0.04770471528172493,0.26400890946388245,0.3348714871776544
train,central,4_62_2021-12-03_1_L.png,1.0,0.0064361821860075,0.029463697224855423,0.2070382833480835,0.2830775885631076
train,central,4_2_2022-03-31_1_R.png,1.0,0.00791097804903984,0.04057392477989197,0.21569904685020447,0.3090486773120409
train,central,1_6_2022-04-30_1_L.png,1.0,0.008273143321275711,0.039217062294483185,0.21382060647010803,0.30892721210521734
train,central,2_96_2021-11-15_1_L.png,1.0,0.007417063228785992,0.026847902685403824,0.22659507393836975,0.28443355311597274
train,central,5_634_2020-10-10_1_L.png,1.0,0.010628964751958847,0.04617265611886978,0.17238563299179077,0.33324442510069774
train,central,4_60_2018-11-26_1_L.png,1.0,0.01134681049734354,0.05301172658801079,0.2648654580116272,0.34816264680121095
train,central,3_119_2020-05-13_1_L.png,1.0,0.009118062444031239,0.045248258858919144,0.2327413409948349,0.323274967614138
train,central,2_128_2019-05-14_2_L.png,1.0,0.008575253188610077,0.03203922510147095,0.24468158185482025,0.29920729366554455
train,central,2_18_2022-04-18_2_R.png,1.0,0.010106122121214867,0.043070778250694275,0.22682389616966248,0.3253686296033927
train,central,2_94_2019-08-19_1_R.png,1.0,0.008099609985947609,0.04578796401619911,0.23074546456336975,0.3184047943785448
train,central,5_287_2020-09-19_1_L.png,1.0,0.009483122266829014,0.0373520627617836,0.197025328874588,0.3127662989628417
train,central,3_173_2021-03-30_1_R.png,1.0,0.00995012279599905,0.04969340190291405,0.2308897078037262,0.3350271255730397
train,central,1_208_2021-07-01_1_L.png,1.0,0.008398199453949928,0.04387713596224785,0.22570818662643433,0.31704440641386267
train,central,2_46_2019-07-08_1_L.png,1.0,0.00868809875100851,0.03818304464221001,0.2547452747821808,0.3096163083143024
train,central,5_142_2021-11-14_1_R.png,1.0,0.009153647348284721,0.03687163069844246,0.19355662167072296,0.3101486788088964
train,central,5_515_2021-12-14_2_R.png,1.0,0.007824642583727837,0.023917637765407562,0.20930224657058716,0.2820644018875266
train,central,2_210_2019-12-20_1_L.png,1.0,0.008118271827697754,0.031694598495960236,0.24305780231952667,0.2960885039107366
train,central,3_38_2021-06-21_1_R.png,1.0,0.00793419498950243,0.036942336708307266,0.20725497603416443,0.30340174612462184
train,central,3_29_2022-06-14_3_L.png,1.0,0.009533769451081753,0.044222570955753326,0.24901866912841797,0.32398154331921514
train,central,5_422_2021-05-07_1_L.png,1.0,0.01456655003130436,0.06685783714056015,0.17514938116073608,0.3883015848315236
train,central,5_686_2019-10-29_2_R.png,1.0,0.012115653604269028,0.05317289009690285,0.25371798872947693,0.352743785769086
train,central,5_706_2021-01-06_1_L.png,1.0,0.013256917707622051,0.053706783801317215,0.2242315262556076,0.3600127726983787
train,central,1_49_2021-06-05_1_L.png,1.0,0.008502270095050335,0.02650110051035881,0.19807720184326172,0.2899861110056835
train,central,3_1_2021-06-12_1_R.png,1.0,0.00785925891250372,0.03112608566880226,0.1665852963924408,0.2937271040377461
train,central,5_322_2021-03-23_2_R.png,1.0,0.019886210560798645,0.06950240582227707,0.2558715343475342,0.4224319436672059
train,central,1_122_2021-07-05_1_L.png,1.0,0.007214905694127083,0.03512413427233696,0.1931634247303009,0.2964631490536373
train,central,5_710_2019-10-08_1_L.png,1.0,0.012186399661004543,0.04660864546895027,0.22867745161056519,0.3426986158846623
train,central,3_185_2022-04-27_1_L.png,1.0,0.009524129331111908,0.05364318564534187,0.2306797206401825,0.33891465919600294
train,central,3_152_2019-05-10_1_R.png,1.0,0.01007087528705597,0.05597791075706482,0.24083244800567627,0.34570444060320205
train,central,5_187_2019-08-14_1_R.png,1.0,0.01454093772917986,0.05337485671043396,0.27752310037612915,0.3667073194932362
train,central,5_86_2022-06-08_1_L.png,1.0,0.011499235406517982,0.05167314037680626,0.19134944677352905,0.3468904679429463
train,central,4_27_2021-04-01_3_L.png,1.0,0.00949162058532238,0.038868460804224014,0.2254883050918579,0.3152265534355221
train,central,5_365_2019-08-27_2_R.png,1.0,0.01021904032677412,0.04530918225646019,0.24692797660827637,0.32956489179156384
train,central,5_359_2021-04-13_5_L.png,1.0,0.013056253083050251,0.05007755756378174,0.22279030084609985,0.3531102651709013
train,central,5_358_2021-06-07_1_L.png,1.0,0.010375234298408031,0.03366358205676079,0.227254718542099,0.31191639165521007
train,central,5_714_2022-07-05_1_R.png,1.0,0.009078148752450943,0.048715148121118546,0.24267035722732544,0.328565958743407
train,central,5_595_2019-01-03_2_R.png,1.0,0.01257803663611412,0.052209366112947464,0.2313348948955536,0.35381181125783107
train,central,1_90_2020-03-15_1_L.png,1.0,0.00854718778282404,0.043363165110349655,0.25583481788635254,0.3170647848630324
train,central,2_127_2020-08-31_1_L.png,1.0,0.007172387558966875,0.03487702086567879,0.1912885159254074,0.29583084957822314
train,central,5_613_2019-09-30_2_R.png,1.0,0.010807017795741558,0.05791143327951431,0.26440751552581787,0.3529213007730009
train,central,5_222_2020-12-01_2_R.png,1.0,0.0105587812140584,0.05577552691102028,0.222237229347229,0.34812693714206533
train,central,3_87_2021-07-30_1_R.png,1.0,0.00817940104752779,0.04086590185761452,0.2206699550151825,0.3110230656658215
train,central,5_476_2019-09-26_2_R.png,1.0,0.009833221323788166,0.039049360901117325,0.24306099116802216,0.317435853198086
train,central,5_703_2021-06-23_2_L.png,1.0,0.010582604445517063,0.037180740386247635,0.21988646686077118,0.3186783278932456
train,central,5_376_2021-09-27_1_L.png,1.0,0.011774210259318352,0.05191731080412865,0.22151055932044983,0.3488256544425068
train,central,5_8_2018-11-23_1_L.png,1.0,0.010008257813751698,0.06570856273174286,0.270099014043808,0.3608328000028533
train,central,5_669_2019-12-05_1_L.png,1.0,0.020411204546689987,0.08713798224925995,0.2878344655036926,0.4534416336989538
train,central,5_206_2021-08-31_2_L.png,1.0,0.011964130215346813,0.04513630270957947,0.19139955937862396,0.3391059867720204
train,central,5_632_2019-04-29_1_L.png,1.0,0.010201330296695232,0.0453638881444931,0.21332114934921265,0.3295523049669679
train,central,5_456_2019-01-08_1_L.png,1.0,0.012150390073657036,0.041044946759939194,0.24655681848526,0.33364472310058774
train,central,1_37_2022-04-02_1_L.png,1.0,0.00637802854180336,0.02465520054101944,0.20181560516357422,0.27510059322653846
train,central,5_233_2021-06-23_2_L.png,1.0,0.007722159381955862,0.03661070764064789,0.17654848098754883,0.30168145413362335
train,central,5_495_2020-08-24_1_L.png,1.0,0.014644372276961803,0.04901741072535515,0.21089762449264526,0.3603568383937024
val,full,5_154_2022-07-15_12_R.png,0.75506591796875,0.01628628745675087,0.08916675299406052,0.1405184268951416,0.4334665648893199
val,full,5_154_2022-07-15_1_R.png,0.5958633422851562,0.012123807333409786,0.09047475457191467,0.10011585056781769,0.41213352579665796
val,full,5_154_2022-07-15_2_R.png,0.6624183654785156,0.013995163142681122,0.08443472534418106,0.10471208393573761,0.4130507648160512
val,full,5_154_2022-07-15_6_L.png,0.6413192749023438,0.013919885270297527,0.09513939917087555,0.11092506349086761,0.42965748968999834
val,full,5_154_2022-07-15_3_R.png,0.6080818176269531,0.013311109505593777,0.09808481484651566,0.10974201560020447,0.43091901458842174
val,full,5_154_2022-07-15_11_L.png,0.6209793090820312,0.01844559796154499,0.12564361095428467,0.13389214873313904,0.5036440514155072
val,full,5_154_2022-07-15_4_R.png,0.7280540466308594,0.014420105144381523,0.09658445417881012,0.13736915588378906,0.43477017763070763
val,full,5_154_2022-07-15_13_L.png,0.7293052673339844,0.01640329882502556,0.09319590777158737,0.13370642066001892,0.44053477280011233
val,full,5_154_2022-07-15_7_L.png,0.6293869018554688,0.01355135627090931,0.09024959057569504,0.10205302387475967,0.4198052731215615
val,full,5_154_2022-07-15_10_L.png,0.6799468994140625,0.014864138327538967,0.09653586149215698,0.12174735218286514,0.43719055773902005
val,full,5_154_2022-07-15_9_L.png,0.6163597106933594,0.015409640967845917,0.09797479957342148,0.10980743914842606,0.44254822976548563
val,full,5_154_2022-07-15_5_R.png,0.6503829956054688,0.0175604410469532,0.10657201707363129,0.12671121954917908,0.4683238716880706
val,full,5_154_2022-07-15_8_L.png,0.6741714477539062,0.016899049282073975,0.09672330319881439,0.11897691339254379,0.4489351345734163
val,full,5_154_2022-06-20_2_R.png,0.7558479309082031,0.015418310649693012,0.08408696204423904,0.12896370887756348,0.42050270974763077
val,full,5_154_2022-06-07_1_L.png,0.7573928833007812,0.018274450674653053,0.09043645113706589,0.13265389204025269,0.44666995730843734
val,full,5_154_2022-06-20_1_L.png,0.73626708984375,0.016365384683012962,0.08682175725698471,0.12648847699165344,0.43018081175078726
val,full,5_110_2022-02-14_1_R.png,0.619140625,0.012870725244283676,0.08841027319431305,0.09687532484531403,0.41305053685368465
val,full,5_110_2022-01-24_2R.png,0.6539192199707031,0.013974133878946304,0.0886552631855011,0.11028997600078583,0.4196469672278247
val,full,5_110_2022-01-24_1_R.png,0.5884056091308594,0.012773274444043636,0.09349852055311203,0.10424422472715378,0.42059731508224185
val,full,5_110_2022-02-14_1_R.png,0.619140625,0.012870725244283676,0.08841027319431305,0.09687532484531403,0.41305053685368465
val,full,5_110_2022-01-24_2R.png,0.6539192199707031,0.013974133878946304,0.0886552631855011,0.11028997600078583,0.4196469672278247
val,full,5_110_2022-01-24_8_L.png,0.7025375366210938,0.02604217827320099,0.1436760127544403,0.17462757229804993,0.5750627276233651
val,full,5_110_2022-02-14_8_L.png,0.6563987731933594,0.02408601902425289,0.13262782990932465,0.14165709912776947,0.5464826773217117
val,full,5_110_2022-01-24_3_R.png,0.6329879760742188,0.015519837848842144,0.1089247316122055,0.11944636702537537,0.4605884336464276
val,full,5_110_2022-02-14_7_L.png,0.643768310546875,0.019105195999145508,0.1276693046092987,0.1531945765018463,0.5105769848281687
val,full,5_110_2022-02-14_1_R.png,0.619140625,0.012870725244283676,0.08841027319431305,0.09687532484531403,0.41305053685368465
val,full,5_110_2022-01-24_1_R.png,0.5884056091308594,0.012773274444043636,0.09349852055311203,0.10424422472715378,0.42059731508224185
val,full,5_110_2022-02-14_2_R.png,0.6233711242675781,0.01126475352793932,0.0820128545165062,0.09208187460899353,0.3938392344163731
val,full,5_110_2022-01-24_2R.png,0.6539192199707031,0.013974133878946304,0.0886552631855011,0.11028997600078583,0.4196469672278247
val,full,5_110_2022-02-14_9_L.png,0.6812629699707031,0.02058573067188263,0.12762103974819183,0.15579330921173096,0.5188282073560087
val,full,5_110_2022-01-24_5_R.png,0.6093482971191406,0.01237008348107338,0.08385830372571945,0.09320172667503357,0.4029926573265005
val,full,5_110_2022-01-24_11_R.png,0.7629737854003906,0.016820363700389862,0.09203802794218063,0.1504407376050949,0.4410386811772531
val,full,1_187_2021-12-01_8_R.png,0.6255340576171875,0.020024295896291733,0.1329381763935089,0.12544775009155273,0.5241292177699506
val,full,1_187_2021-12-01_6_L.png,0.6376876831054688,0.019571594893932343,0.12045533210039139,0.13250358402729034,0.5017237041653557
val,full,1_187_2021-12-01_10_R.png,0.7860946655273438,0.02816695347428322,0.13068822026252747,0.1873934268951416,0.5663521909832276
val,full,1_187_2021-12-01_11_R.png,0.6409339904785156,0.03618645668029785,0.17254190146923065,0.18060725927352905,0.6780472984368151
val,full,1_187_2021-12-01_1_L.png,0.6256675720214844,0.020497562363743782,0.12124703824520111,0.1333409994840622,0.5081918036861515
val,full,1_187_2021-12-01_1_L.png,0.6256675720214844,0.020497562363743782,0.12124703824520111,0.1333409994840622,0.5081918036861515
val,full,1_187_2021-12-01_15_L.png,0.7477073669433594,0.02356230840086937,0.12072323262691498,0.1733085811138153,0.5245976730249822
val,full,1_187_2021-12-01_1_L.png,0.6256675720214844,0.020497562363743782,0.12124703824520111,0.1333409994840622,0.5081918036861515
val,full,1_187_2021-12-01_9_R.png,0.6289100646972656,0.02167912758886814,0.13327667117118835,0.1352931559085846,0.5339761604597284
val,full,1_187_2021-12-01_2_L.png,0.687103271484375,0.021736472845077515,0.11442358046770096,0.14248621463775635,0.5043051741339943
val,full,1_187_2021-12-01_3_L.png,0.647491455078125,0.029509641230106354,0.14580614864826202,0.150352343916893,0.5979560593143105
val,full,1_187_2021-12-01_7_L.png,0.6558074951171875,0.026385510340332985,0.14015556871891022,0.16142451763153076,0.571393264080821
val,full,1_187_2021-12-01_14_R.png,0.74456787109375,0.023967167362570763,0.11104381084442139,0.1544446349143982,0.5114759245760401
val,full,1_187_2021-12-01_5_L.png,0.5717964172363281,0.017622539773583412,0.1226448193192482,0.11576223373413086,0.49424354423430156
val,full,1_187_2021-12-01_4_L.png,0.6464271545410156,0.028520287945866585,0.14171727001667023,0.14339226484298706,0.5858859129038385
val,full,1_70_2021-12-02_1_L.png,0.6428947448730469,0.014098177663981915,0.08169886469841003,0.09863121807575226,0.4092777159255506
val,full,1_70_2021-12-02_3_L.png,0.6276168823242188,0.013966857455670834,0.09611345827579498,0.10471878200769424,0.43147134771782225
val,full,1_70_2021-12-02_4_L.png,0.678375244140625,0.014246390201151371,0.09077289700508118,0.10889023542404175,0.4245473719350147
val,full,1_70_2021-12-02_1_L.png,0.6428947448730469,0.014098177663981915,0.08169886469841003,0.09863121807575226,0.4092777159255506
val,full,1_70_2021-12-02_5_L.png,0.6136627197265625,0.011130367405712605,0.08217958360910416,0.08278633654117584,0.39334856330798096
val,full,1_70_2021-12-02_7_R.png,0.6189956665039062,0.017426136881113052,0.097804494202137,0.1078236773610115,0.45362007891420614
val,full,1_70_2021-12-02_1_L.png,0.6428947448730469,0.014098177663981915,0.08169886469841003,0.09863121807575226,0.4092777159255506
val,full,1_70_2021-12-02_2_L.png,0.6452789306640625,0.01232670433819294,0.07954425364732742,0.09480124711990356,0.39588538815944707
val,full,1_70_2021-12-02_9_R.png,0.6414566040039062,0.019168052822351456,0.10601041465997696,0.1210455670952797,0.47647322953932664
val,full,1_70_2021-12-02_6_L.png,0.6347236633300781,0.015710584819316864,0.08523160219192505,0.09658395498991013,0.4239677703685381
val,full,1_70_2021-12-02_8_R.png,0.7855949401855469,0.015113900415599346,0.08966702222824097,0.14397595822811127,0.4276677706554024
val,full,1_70_2021-12-02_1_L.png,0.6428947448730469,0.014098177663981915,0.08169886469841003,0.09863121807575226,0.4092777159255506
val,full,3_182_2022-02-23_4_R.png,0.7323417663574219,0.028392193838953972,0.15498334169387817,0.19567856192588806,0.6062704975843768
val,full,3_182_2022-02-23_3_R.png,0.7705497741699219,0.012685229070484638,0.06950090080499649,0.10762134194374084,0.381924028438516
val,full,3_182_2022-02-23_1_R.png,0.6250267028808594,0.016615968197584152,0.1001424714922905,0.10583288967609406,0.4527823893946003
val,full,3_182_2022-02-23_1_R.png,0.6250267028808594,0.016615968197584152,0.1001424714922905,0.10583288967609406,0.4527823893946003
val,full,3_182_2022-02-23_8_L.png,0.6957817077636719,0.01815376803278923,0.09417232125997543,0.10670222342014313,0.4519345471889458
val,full,3_182_2022-02-23_5_R.png,0.6422653198242188,0.019830651581287384,0.10147501528263092,0.10561907291412354,0.472984939458018
val,full,3_182_2022-02-23_2_R.png,0.5977210998535156,0.019760489463806152,0.08814547955989838,0.09254111349582672,0.4513841979882934
val,full,3_182_2022-02-23_9_L.png,0.6321029663085938,0.021530957892537117,0.13440397381782532,0.12948741018772125,0.534936141946607
val,full,3_182_2022-02-23_10_L.png,0.6856193542480469,0.02041439153254032,0.11198282241821289,0.12498724460601807,0.49298544258133253
val,full,3_182_2022-02-23_1_R.png,0.6250267028808594,0.016615968197584152,0.1001424714922905,0.10583288967609406,0.4527823893946003
val,full,3_182_2022-02-23_6_L.png,0.6209487915039062,0.016740119084715843,0.1007848009467125,0.10140103101730347,0.4545026259031147
val,full,3_182_2022-02-23_7_L.png,0.6321258544921875,0.015959927812218666,0.0959208682179451,0.0981234759092331,0.44237597519955174
val,full,1_175_2022-05-07_4_R.png,0.7029075622558594,0.01940976455807686,0.1302655190229416,0.17822010815143585,0.5164205240847712
val,full,1_175_2022-05-07_11_L.png,0.740142822265625,0.016858216375112534,0.0898379385471344,0.13877975940704346,0.43775146025317635
val,full,1_175_2022-05-07_8_L.png,0.6649360656738281,0.019072409719228745,0.09551025927066803,0.10976691544055939,0.45923044441945177
val,full,1_175_2022-05-07_5_L.png,0.6280784606933594,0.012687421403825283,0.08372640609741211,0.09858782589435577,0.40456784600603646
val,full,1_175_2022-05-07_3_R.png,0.6327133178710938,0.021725589409470558,0.1141955554485321,0.12168480455875397,0.5038811877327547
val,full,1_175_2022-05-07_1_R.png,0.6715621948242188,0.016382435336709023,0.09568225592374802,0.12037283182144165,0.4443729695567692
val,full,1_175_2022-05-07_2_R.png,0.7855567932128906,0.01449681632220745,0.08875322341918945,0.15295490622520447,0.4227429017974911
val,full,1_175_2022-05-07_1_R.png,0.6715621948242188,0.016382435336709023,0.09568225592374802,0.12037283182144165,0.4443729695567692
val,full,1_175_2022-05-07_1_R.png,0.6715621948242188,0.016382435336709023,0.09568225592374802,0.12037283182144165,0.4443729695567692
val,full,1_175_2022-05-07_6_L.png,0.6342315673828125,0.018255621194839478,0.10610949248075485,0.11998475342988968,0.47149842544035475
val,full,1_175_2022-05-07_9_L.png,0.6266670227050781,0.024521948769688606,0.13773378729820251,0.14638927578926086,0.5570578961675479
val,full,1_175_2022-05-07_7_L.png,0.6237144470214844,0.020667586475610733,0.09608471393585205,0.10111284255981445,0.4691172188232568
val,full,5_197_2022-07-10_2_R.png,0.6248359680175781,0.020642420276999474,0.11850745230913162,0.12227936089038849,0.504648197277195
val,full,5_197_2022-07-10_7_R.png,0.7836151123046875,0.020788919180631638,0.12192141264677048,0.19910673797130585,0.5109035541472786
val,full,5_197_2022-07-10_6_R.png,0.6538429260253906,0.030438289046287537,0.15353217720985413,0.16129270195960999,0.6154711123555898
val,full,5_197_2022-07-10_8_R.png,0.6403617858886719,0.02250021882355213,0.1206221655011177,0.1314571350812912,0.5184626305433497
val,full,5_197_2022-07-10_14_R.png,0.7817878723144531,0.01540569681674242,0.08436723798513412,0.13954760134220123,0.4208776504796168
val,full,5_197_2022-07-10_4_R.png,0.6442451477050781,0.02977215126156807,0.16317947208881378,0.17028826475143433,0.6270720564421605
val,full,5_197_2022-07-10_3_R.png,0.6519737243652344,0.03001173585653305,0.16334925591945648,0.16983476281166077,0.6286898304284974
val,full,5_197_2022-07-10_1_R.png,0.6261444091796875,0.019539423286914825,0.10996527224779129,0.11603573709726334,0.48485400729220024
val,full,5_197_2022-07-10_5_R.png,0.785888671875,0.018036799505352974,0.09355392307043076,0.14866089820861816,0.45029278392056854
val,full,5_197_2022-07-10_1_R.png,0.6261444091796875,0.019539423286914825,0.10996527224779129,0.11603573709726334,0.48485400729220024
val,full,5_197_2022-07-10_1_R.png,0.6261444091796875,0.019539423286914825,0.10996527224779129,0.11603573709726334,0.48485400729220024
val,full,3_75_2022-02-11_6_L.png,0.6371269226074219,0.018979143351316452,0.10667626559734344,0.11250320076942444,0.4764699220742014
val,full,3_75_2021-12-02_2_L.png,0.9656486511230469,0.019654957577586174,0.06003541871905327,0.1654488444328308,0.40607002979059786
val,full,3_75_2022-01-06_1_L.png,0.6585845947265625,0.022140339016914368,0.10768738389015198,0.11827512830495834,0.4958602449772033
val,full,3_75_2022-02-11_3_L.png,0.6857337951660156,0.020042382180690765,0.10566319525241852,0.1276402473449707,0.48083893766796043
val,full,3_75_2022-02-11_1_L.png,0.6301078796386719,0.01694769784808159,0.10081305354833603,0.1137513518333435,0.4557152037678117
val,full,3_75_2022-02-11_4_L.png,0.6428108215332031,0.01801186054944992,0.10950148850679398,0.11920733004808426,0.4755236291241917
val,full,3_75_2021-12-02_3_R.png,0.9661026000976562,0.019034089520573616,0.058722373098134995,0.16495290398597717,0.40048871075480497
val,full,3_75_2022-02-11_7_L.png,0.7846336364746094,0.01501882541924715,0.09142130613327026,0.15967851877212524,0.42992388001346793
val,full,3_75_2022-02-11_2_L.png,0.6404151916503906,0.021287456154823303,0.1083025261759758,0.11841076612472534,0.49204141433266074
val,full,3_75_2022-02-11_5_L.png,0.6221923828125,0.020237304270267487,0.11009994894266129,0.12322241067886353,0.4889938462017612
val,full,5_123_2022-04-30_4_L.png,0.9662818908691406,0.016218559816479683,0.06771014630794525,0.16739942133426666,0.3989500862757929
val,full,5_123_2022-04-30_1_L.png,0.7497634887695312,0.014685502275824547,0.08717609941959381,0.13078948855400085,0.4212951993781396
val,full,5_123_2022-04-30_3_L.png,0.7811355590820312,0.014624313451349735,0.0896841287612915,0.1507072150707245,0.42494105892044237
val,full,5_123_2022-04-30_5_L.png,0.9537086486816406,0.018902810290455818,0.08217217028141022,0.1701829433441162,0.4370567606042393
val,full,5_123_2022-04-30_2_L.png,0.7840614318847656,0.025811800733208656,0.13079892098903656,0.19221782684326172,0.5532805716068568
val,full,5_123_2022-04-30_8_R.png,0.785552978515625,0.02062051370739937,0.11103270202875137,0.1731739044189453,0.49263332464986226
val,full,5_123_2022-04-30_1_L.png,0.7497634887695312,0.014685502275824547,0.08717609941959381,0.13078948855400085,0.4212951993781396
val,full,5_123_2022-04-30_7_R.png,0.9638404846191406,0.019071277230978012,0.07497817277908325,0.1649305671453476,0.4265593911182474
val,full,5_123_2022-04-30_9_R.png,0.7749366760253906,0.02131812460720539,0.11239954084157944,0.15362319350242615,0.4987319022544067
val,full,5_123_2022-04-30_6_R.png,0.9597511291503906,0.016617966815829277,0.06935349851846695,0.16965413093566895,0.4038111746184189
val,full,5_513_2022-04-11_1_R.png,0.9656867980957031,0.016270680353045464,0.06224379315972328,0.16964709758758545,0.39054679337634957
val,full,5_513_2022-05-22_3.png,0.7857017517089844,0.023247193545103073,0.11689935624599457,0.16340318322181702,0.516741712264378
val,full,5_513_2022-05-22_7.png,0.72119140625,0.01711406745016575,0.0930853858590126,0.1288248896598816,0.44435701600106603
val,full,5_513_2022-05-22_7.png,0.72119140625,0.01711406745016575,0.0930853858590126,0.1288248896598816,0.44435701600106603
val,full,5_513_2022-05-22_6.png,0.9658393859863281,0.017545433714985847,0.06975403428077698,0.165160670876503,0.40966539191166784
val,full,5_513_2022-05-22_5.png,0.7768821716308594,0.022758865728974342,0.12797416746616364,0.1648029088973999,0.5316138861489228
val,full,5_513_2022-05-22_7.png,0.72119140625,0.01711406745016575,0.0930853858590126,0.1288248896598816,0.44435701600106603
val,full,5_513_2022-05-22_7.png,0.72119140625,0.01711406745016575,0.0930853858590126,0.1288248896598816,0.44435701600106603
val,full,5_513_2022-05-22_7.png,0.72119140625,0.01711406745016575,0.0930853858590126,0.1288248896598816,0.44435701600106603
val,full,4_18_2021-06-16_2_L.png,0.9659233093261719,0.014624479226768017,0.06361089646816254,0.16909658908843994,0.38346184912264686
val,full,4_18_2021-05-04_2_L.png,0.9661636352539062,0.01711461693048477,0.06336754560470581,0.16559596359729767,0.3970817246050997
val,full,4_18_2021-07-04_1_L.png,0.9627799987792969,0.01583275943994522,0.06063086539506912,0.16307222843170166,0.38551746679639276
val,full,4_18_2021-07-04_2_R.png,0.9664230346679688,0.01728072576224804,0.059551749378442764,0.16257819533348083,0.39194550187834964
val,full,4_18_2021-05-04_1_R.png,0.7420272827148438,0.014566036872565746,0.0878809317946434,0.12639878690242767,0.4217445307178423
val,full,4_18_2021-05-24_2_L.png,0.9623947143554688,0.017074989154934883,0.06497274339199066,0.16297394037246704,0.3994125421201302
val,full,4_18_2021-05-24_1_R.png,0.7853736877441406,0.012811323627829552,0.08844800293445587,0.15006959438323975,0.412776427347721
val,full,4_18_2021-07-04_3_L.png,0.9667434692382812,0.020039880648255348,0.06939452886581421,0.16293436288833618,0.42312471547841346
val,full,4_18_2021-06-16_1_L.png,0.7854804992675781,0.017454499378800392,0.10742228478193283,0.16446462273597717,0.46908064843155445
val,full,1_8_2021-03-11_1_L.png,0.7460594177246094,0.013011711649596691,0.094370998442173,0.13994461297988892,0.4233265573688021
val,full,1_8_2022-06-21_2_L.png,0.7841911315917969,0.01379913929849863,0.09535343945026398,0.156438946723938,0.4293188122249293
val,full,1_8_2021-03-11_2_R.png,0.7849845886230469,0.013584064319729805,0.09936698526144028,0.15783293545246124,0.4344942019871352
val,full,1_8_2022-06-21_1_R.png,0.6901054382324219,0.013037373311817646,0.09980902820825577,0.12554892897605896,0.43212231521029026
val,full,1_8_2021-10-28_3_R.png,0.70831298828125,0.01545414887368679,0.09680945426225662,0.12491320818662643,0.44094462828626013
val,full,1_8_2021-10-28_2_L.png,0.9270248413085938,0.021338338032364845,0.10200009495019913,0.17036643624305725,0.4823010297619145
val,full,1_8_2021-10-28_4_R.png,0.7761459350585938,0.017180223017930984,0.12610851228237152,0.17342570424079895,0.4972659331069074
val,full,1_8_2021-10-28_1_L.png,0.9572830200195312,0.01623203605413437,0.07221856713294983,0.16562820971012115,0.4061983777887442
val,full,1_75_2022-05-08_3_R.png,0.7858123779296875,0.013831023126840591,0.07769445329904556,0.13673534989356995,0.40140431715514174
val,full,1_75_2022-05-08_7_L.png,0.5322380065917969,0.009511000476777554,0.08491641283035278,0.08537901937961578,0.3821347641271793
val,full,1_75_2022-05-08_2_R.png,0.6141700744628906,0.017543094232678413,0.09287028014659882,0.09777721762657166,0.44642807801931417
val,full,1_75_2022-05-08_4_L.png,0.7573394775390625,0.01935303770005703,0.09195101261138916,0.12256115674972534,0.4551465389445763
val,full,1_75_2022-05-08_8_R.png,0.7759056091308594,0.014807919971644878,0.08332433551549911,0.13280007243156433,0.4158559927060692
val,full,1_75_2022-05-08_6_L.png,0.68267822265625,0.017294852063059807,0.08808305114507675,0.10115848481655121,0.4374156696764244
val,full,1_75_2022-05-08_5_L.png,0.6340522766113281,0.020286211743950844,0.11196418106555939,0.1150384321808815,0.49223477457311343
val,full,1_75_2022-05-08_1_R.png,0.6100997924804688,0.015374167822301388,0.08807062357664108,0.09854792803525925,0.4265920496905561
val,full,2_167_2022-05-02_6_R.png,0.9633979797363281,0.021455245092511177,0.07021661102771759,0.16312170028686523,0.43239399846219884
val,full,2_167_2022-05-02_9_R.png,0.9503517150878906,0.02933235839009285,0.08947926014661789,0.16961616277694702,0.5073478843593462
val,full,2_167_2022-05-02_5_L.png,0.7548332214355469,0.018644563853740692,0.09136093407869339,0.12957358360290527,0.4502226122570309
val,full,2_167_2022-05-02_4_L.png,0.9620361328125,0.018048515543341637,0.06751982122659683,0.16498643159866333,0.4089407973372462
val,full,2_167_2022-05-02_7_R.png,0.9612922668457031,0.018196821212768555,0.06544961780309677,0.16515491902828217,0.4064815112812953
val,full,2_167_2022-05-02_1_L.png,0.9634284973144531,0.018785344436764717,0.06452769041061401,0.16374050080776215,0.40832525174641476
val,full,2_167_2022-05-02_3_L.png,0.9638290405273438,0.018693111836910248,0.06654515862464905,0.16397857666015625,0.4110160518945618
val,full,2_167_2022-05-02_10_R.png,0.7842864990234375,0.015155174769461155,0.09714122116565704,0.14331693947315216,0.4397907099326734
val,full,2_62_2022-02-19_3_L.png,0.6364936828613281,0.017592987045645714,0.10121029615402222,0.10907182097434998,0.4599769323767925
val,full,2_62_2020-10-09_1_L.png,0.7855491638183594,0.013770032674074173,0.08885698020458221,0.15215930342674255,0.41881981138986624
val,full,2_62_2021-01-25_1_L.png,0.9586296081542969,0.018713388592004776,0.07564165443181992,0.1606384813785553,0.42560180651701307
val,full,2_62_2021-01-25_3_R.png,0.7855720520019531,0.015070945024490356,0.0906304344534874,0.15464314818382263,0.4289588478478519
val,full,2_62_2022-02-19_2_L.png,0.6332511901855469,0.021169381216168404,0.11261464655399323,0.12325751036405563,0.4982374343132092
val,full,2_62_2020-11-13_1_L.png,0.9611244201660156,0.01898687332868576,0.07302609086036682,0.1621898114681244,0.42297903429716827
val,full,2_62_2022-02-19_1_L.png,0.6351966857910156,0.01878332532942295,0.11439944058656693,0.12460523098707199,0.48765531500208786
val,full,5_531_2021-09-01_3_R.png,0.9664115905761719,0.023715918883681297,0.07552406936883926,0.1702081561088562,0.45355397226204247
val,full,5_531_2021-09-01_7_R.png,0.9652557373046875,0.022620873525738716,0.07785340398550034,0.16787876188755035,0.4511001017410308
val,full,5_531_2021-09-01_5_L.png,0.9493598937988281,0.032847970724105835,0.09944358468055725,0.17901605367660522,0.5429755382239818
val,full,5_531_2021-09-01_4_L.png,0.965087890625,0.021600967273116112,0.08611961454153061,0.16558513045310974,0.45851391859098595
val,full,5_531_2021-09-01_2_L.png,0.9654121398925781,0.022234125062823296,0.09211990982294083,0.1654660850763321,0.47162135546942324
val,full,5_531_2021-09-01_6_L.png,0.9654045104980469,0.023609336465597153,0.06952079385519028,0.17153257131576538,0.44340378057042307
val,full,5_531_2021-09-01_1_L.png,0.962982177734375,0.022868383675813675,0.09364651888608932,0.16881607472896576,0.4776177564043213
val,full,1_41_2022-07-04_2_L.png,0.6148529052734375,0.015141647309064865,0.09113558381795883,0.104872927069664,0.430160194914788
val,full,1_41_2022-07-04_3_L.png,0.6175079345703125,0.019271323457360268,0.11520315706729889,0.12475203722715378,0.4916789443274452
val,full,1_41_2022-07-04_4_L.png,0.5690231323242188,0.02242436818778515,0.1428845375776291,0.13832689821720123,0.5534533808388832
val,full,1_41_2022-07-04_1_L.png,0.692657470703125,0.012277998961508274,0.08477070182561874,0.1154935210943222,0.40392622433560477
val,full,1_41_2022-07-04_5_L.png,0.6435470581054688,0.01745831035077572,0.11076609045267105,0.12494990974664688,0.4744217759887264
val,full,1_41_2022-07-04_6_L.png,0.6820869445800781,0.01995408535003662,0.11485780030488968,0.1438901126384735,0.49497004876082595
val,full,1_41_2022-07-04_7_L.png,0.6550102233886719,0.012346861883997917,0.08810208737850189,0.11265670508146286,0.409613509836014
val,full,1_197_2021-12-24_4_R.png,0.5520820617675781,0.022770214825868607,0.13245341181755066,0.12003198266029358,0.5388037953779778
val,full,1_197_2021-12-24_3_L.png,0.7274284362792969,0.021259769797325134,0.11276238411664963,0.14753371477127075,0.4989809071137146
val,full,1_197_2021-12-24_6_R.png,0.7684440612792969,0.018928391858935356,0.1163470521569252,0.17325687408447266,0.49156978718343786
val,full,1_197_2021-12-07_1_L.png,0.9497489929199219,0.023237934336066246,0.08340953290462494,0.16562150418758392,0.4634103648068214
val,full,1_197_2021-12-24_2_R.png,0.6465797424316406,0.017742082476615906,0.11190271377563477,0.12464002519845963,0.4778262585740198
val,full,1_197_2021-12-24_5_R.png,0.6270713806152344,0.015240654349327087,0.09947720915079117,0.10737018287181854,0.44398787709122356
val,full,1_197_2021-12-24_1_R.png,0.6819229125976562,0.021912992000579834,0.11846094578504562,0.1440892517566681,0.5117211755703797
val,full,4_85_2022-07-08_6_L.png,0.7276115417480469,0.017571816220879555,0.07468070089817047,0.0928478091955185,0.4176516722168096
val,full,4_85_2022-07-08_1_L.png,0.679107666015625,0.015290294773876667,0.0757824182510376,0.08325546979904175,0.40657084622970696
val,full,4_85_2022-07-08_2_L.png,0.641754150390625,0.021267635747790337,0.09512033313512802,0.08951249718666077,0.470958253796297
val,full,4_85_2022-07-08_3_L.png,0.6972312927246094,0.021187221631407738,0.09604974091053009,0.10129570960998535,0.4719845276706937
val,full,4_85_2022-07-08_4_L.png,0.6214103698730469,0.02182372473180294,0.10358736664056778,0.08944962173700333,0.4875565349082039
val,full,4_85_2022-07-08_5_L.png,0.6740989685058594,0.02138514071702957,0.09650133550167084,0.09693372249603271,0.47381626846776764
val,full,5_195_2022-05-13_9_L.png,0.5638313293457031,0.023637259379029274,0.12110920995473862,0.11226160824298859,0.5256333271168512
val,full,5_195_2022-05-13_6_L.png,0.6456565856933594,0.023045385256409645,0.12208911031484604,0.13618803024291992,0.5238629675681956
val,full,5_195_2022-05-13_7_L.png,0.6556053161621094,0.026802752166986465,0.13355404138565063,0.13435587286949158,0.5632378195073795
val,full,5_195_2022-05-13_10_L.png,0.6602668762207031,0.024684511125087738,0.12744390964508057,0.15288373827934265,0.541602049513974
val,full,5_195_2022-05-13_8_L.png,0.7013931274414062,0.022110257297754288,0.10863621532917023,0.12705716490745544,0.4972005398690023
val,full,5_195_2022-05-13_12_L.png,0.7861824035644531,0.019110554829239845,0.09880009293556213,0.17269551753997803,0.46467883694832296
val,full,5_609_2020-01-07_2_R.png,0.6498222351074219,0.026326144114136696,0.13694646954536438,0.15941552817821503,0.565953944009644
val,full,5_609_2019-12-04_2_R.png,0.6698989868164062,0.023814676329493523,0.12451624125242233,0.14876431226730347,0.5320515745277092
val,full,5_609_2020-01-07_1_L.png,0.6646041870117188,0.029342053458094597,0.1288808137178421,0.15276503562927246,0.5700867088892582
val,full,5_609_2019-12-04_1_R.png,0.6546897888183594,0.02536846324801445,0.12626448273658752,0.14859133958816528,0.5435729192146523
val,full,5_609_2019-12-26_1_L.png,0.6654434204101562,0.017062678933143616,0.11852859705686569,0.15111443400382996,0.484545791589401
val,full,5_609_2019-12-26_2_R.png,0.6562538146972656,0.024566369131207466,0.13059459626674652,0.15432432293891907,0.5459499567874115
val,full,2_8_2022-06-20_1_L.png,0.6337966918945312,0.02187121845781803,0.15651310980319977,0.17705972492694855,0.5720237330575897
val,full,2_8_2022-06-20_6_L.png,0.7862358093261719,0.02412720024585724,0.14154112339019775,0.2436070442199707,0.5608945613218979
val,full,2_8_2022-06-20_2_L.png,0.6465072631835938,0.022602064535021782,0.14455045759677887,0.1638534665107727,0.557103250095282
val,full,2_8_2022-06-20_5_L.png,0.6572685241699219,0.02411513775587082,0.13315452635288239,0.15952405333518982,0.547484396347268
val,full,2_8_2022-06-20_4_L.png,0.5725364685058594,0.01861432008445263,0.14918753504753113,0.14929279685020447,0.542049356232482
val,full,2_8_2022-06-20_3_L.png,0.6897659301757812,0.017113298177719116,0.1325797289609909,0.17650282382965088,0.5071845983239738
val,full,2_21_2022-04-29_4_R.png,0.7000694274902344,0.01690199039876461,0.11025749146938324,0.14179879426956177,0.4704833415125243
val,full,2_21_2022-04-29_2_R.png,0.78564453125,0.01103730034083128,0.06841178983449936,0.11900404840707779,0.3709217527902431
val,full,2_21_2022-04-29_1_R.png,0.6073799133300781,0.01034858264029026,0.07700448483228683,0.08547061681747437,0.38071791231208907
val,full,2_21_2022-04-29_3_R.png,0.6513748168945312,0.02114948444068432,0.12911096215248108,0.13922974467277527,0.5243696534032509
val,full,2_21_2022-04-29_6_R.png,0.5236358642578125,0.010123989544808865,0.07773080468177795,0.07357856631278992,0.37102312654976477
val,full,2_21_2022-04-29_5_R.png,0.6416664123535156,0.012403563596308231,0.0886731892824173,0.10238683968782425,0.4108410281785341
val,full,4_7_2022-06-20_4_R.png,0.6765365600585938,0.01584451273083687,0.11565904319286346,0.1359793245792389,0.47312840737233103
val,full,4_7_2022-06-20_5_R.png,0.6567115783691406,0.016546372324228287,0.09981366246938705,0.11997517943382263,0.45186780734326354
val,full,4_7_2022-06-20_1_R.png,0.6179656982421875,0.015883617103099823,0.10903935134410858,0.12345410138368607,0.4628170415251092
val,full,4_7_2022-06-20_3_R.png,0.62994384765625,0.016814224421977997,0.10266637057065964,0.11218118667602539,0.4579128746451302
val,full,4_7_2022-06-20_2_R.png,0.6568336486816406,0.014854257926344872,0.1073547825217247,0.12636369466781616,0.4543469003020701
val,full,4_7_2022-06-20_6_R.png,0.7789459228515625,0.017565833404660225,0.10407157987356186,0.1724778562784195,0.4643762354273349
val,full,5_336_2021-09-03_3_R.png,0.9362983703613281,0.026809480041265488,0.08579105138778687,0.17539669573307037,0.4872890888035975
val,full,5_336_2020-12-25_2_R.png,0.7857742309570312,0.02213165909051895,0.09968697279691696,0.15879450738430023,0.48308349365199155
val,full,5_336_2021-05-09_1_R.png,0.7858238220214844,0.029721437022089958,0.12459482252597809,0.1489318609237671,0.5654021190860393
val,full,5_336_2021-09-03_4_R.png,0.9475860595703125,0.02847970835864544,0.088186115026474,0.17670325934886932,0.5004944516049529
val,full,5_336_2020-10-08_1_R.png,0.7856941223144531,0.021269479766488075,0.0892183780670166,0.14922769367694855,0.4615791524294764
val,full,5_336_2020-10-08_2_R.png,0.7858047485351562,0.021848497912287712,0.093854621052742,0.15584693849086761,0.47221197061325343
val,full,1_82_2018-12-06_2_R.png,0.6484451293945312,0.018217632547020912,0.11541758477687836,0.14265185594558716,0.48609306794929913
val,full,1_82_2020-12-10_2_R.png,0.7785987854003906,0.01329750381410122,0.0872843787074089,0.14414478838443756,0.41365997053428805
val,full,1_82_2020-12-10_1_L.png,0.9558982849121094,0.01780015416443348,0.06091165170073509,0.1638052761554718,0.397030767607926
val,full,1_82_2022-05-07_1_L.png,0.9582443237304688,0.016019131988286972,0.061596304178237915,0.165217787027359,0.38810173771767453
val,full,1_82_2018-12-06_1_L.png,0.6575393676757812,0.015199937857687473,0.11774788051843643,0.14468571543693542,0.47282582400155
val,full,1_82_2022-05-07_2_R.png,0.9575462341308594,0.016280192881822586,0.06376947462558746,0.16302691400051117,0.3930275218645957
val,full,5_627_2022-06-29_7_L.png,0.6330718994140625,0.023817282170057297,0.14061738550662994,0.16381868720054626,0.557681689148938
val,full,5_627_2022-06-29_12_R.png,0.756439208984375,0.017421016469597816,0.10685146600008011,0.1657644808292389,0.46798418627797883
val,full,5_627_2022-06-29_11_L.png,0.6441001892089844,0.02327030710875988,0.1168489158153534,0.12995079159736633,0.5167914799202911
val,full,5_627_2022-06-29_8_L.png,0.6566543579101562,0.022531354799866676,0.13353702425956726,0.1509963572025299,0.5391841366167434
val,full,5_627_2022-06-29_9_L.png,0.7005653381347656,0.024976998567581177,0.15465077757835388,0.19161337614059448,0.586530944908207
val,full,5_627_2022-06-29_13_L.png,0.7063026428222656,0.021366670727729797,0.13364167511463165,0.18780958652496338,0.5327992787076667
val,full,4_24_2020-08-19_6_R.png,0.9657402038574219,0.03857981413602829,0.12387783080339432,0.18145936727523804,0.6140898217023774
val,full,4_24_2020-09-07_1_L.png,0.7844467163085938,0.01795947179198265,0.09446930885314941,0.15809366106987,0.45131411109627645
val,full,4_24_2020-08-19_5_R.png,0.966796875,0.03407016023993492,0.12406379729509354,0.17502427101135254,0.5890188743191009
val,full,4_24_2020-09-07_2_R.png,0.7855987548828125,0.016849825158715248,0.09062258154153824,0.1547519862651825,0.4389525553338568
val,full,4_24_2020-08-19_4_L.png,0.7847442626953125,0.0191330723464489,0.0991441011428833,0.1612371802330017,0.46535278376699846
val,full,5_357_2022-05-04_8_L.png,0.7496566772460938,0.021661749109625816,0.09426866471767426,0.13130681216716766,0.4718202144288543
val,full,5_357_2022-05-04_9_L.png,0.9628982543945312,0.025404691696166992,0.07811367511749268,0.16854289174079895,0.4671731466596777
val,full,5_357_2022-05-04_7_L.png,0.7853736877441406,0.019999206066131592,0.09094211459159851,0.13978056609630585,0.45717617097226054
val,full,5_357_2022-05-04_11_L.png,0.959930419921875,0.024536533281207085,0.07008716464042664,0.16711793839931488,0.44952030708928675
val,full,5_357_2022-05-04_10_L.png,0.7524604797363281,0.02306150086224079,0.09805537760257721,0.1294708251953125,0.48571813399056823
val,full,5_75_2022-03-13_4_R.png,0.9339141845703125,0.04009532555937767,0.12341209501028061,0.1875019371509552,0.6218736301514913
val,full,5_75_2022-03-13_3_R.png,0.9577751159667969,0.024834442883729935,0.08368536829948425,0.17403365671634674,0.4728295544247058
val,full,5_75_2022-03-13_5_R.png,0.9459877014160156,0.03895251825451851,0.11836186796426773,0.18437853455543518,0.6074108869430017
val,full,5_75_2022-03-13_1_R.png,0.9546318054199219,0.02641916088759899,0.08327905088663101,0.1729319989681244,0.48109717913056643
val,full,5_75_2022-03-13_2_R.png,0.9442672729492188,0.038664817810058594,0.1197945773601532,0.18403257429599762,0.6080718823454596
val,full,1_96_2020-08-19_2_R.png,0.966796875,0.019098997116088867,0.0770258903503418,0.16712719202041626,0.4299730479717255
val,full,1_96_2020-08-19_1_R.png,0.966796875,0.024718845263123512,0.11323133111000061,0.15837834775447845,0.519184258643707
val,full,1_96_2020-03-17_3_R.png,0.6599197387695312,0.022535458207130432,0.11069641262292862,0.13625633716583252,0.5028698815879497
val,full,1_96_2020-03-17_2_R.png,0.6601333618164062,0.021853113546967506,0.10744243115186691,0.1343896985054016,0.4938549041705714
val,full,1_96_2020-03-17_1_R.png,0.6599006652832031,0.022724706679582596,0.11138764768838882,0.13301610946655273,0.5050340963950888
val,full,5_654_2022-04-26_1_R.png,0.5920639038085938,0.009970727376639843,0.0753907635807991,0.08253486454486847,0.37602519264487044
val,full,5_654_2022-04-26_2_R.png,0.7860336303710938,0.01468607410788536,0.09533067792654037,0.1623835265636444,0.43427160901271483
val,full,5_654_2022-04-26_11_R.png,0.7240447998046875,0.012807225808501244,0.0774160847067833,0.1083732396364212,0.3952025981154293
val,full,5_654_2022-04-26_3_R.png,0.5922737121582031,0.00921789463609457,0.07136599719524384,0.07735556364059448,0.36538747104773805
val,full,5_654_2022-04-26_5_R.png,0.7175750732421875,0.011780008673667908,0.08187885582447052,0.11177747696638107,0.3965243648737669
val,full,4_66_2022-02-27_4_R.png,0.9647979736328125,0.019844545051455498,0.06771938502788544,0.1723371297121048,0.4193609511860731
val,full,4_66_2022-02-27_2_R.png,0.9538459777832031,0.025288866832852364,0.08370799571275711,0.165133535861969,0.47542168729599904
val,full,4_66_2022-02-27_3_R.png,0.7075767517089844,0.032430198043584824,0.11402097344398499,0.1267721801996231,0.5638168672015044
val,full,4_66_2022-02-27_5_R.png,0.7556610107421875,0.023154733702540398,0.09132225066423416,0.1308032125234604,0.47553077586079867
val,full,4_66_2022-02-27_1_R.png,0.7525367736816406,0.01918947510421276,0.0928332507610321,0.13328930735588074,0.455630060035566
val,full,2_25_2021-07-07_2_L.png,0.9450836181640625,0.02067113108932972,0.07654578238725662,0.17089398205280304,0.4380524934481152
val,full,2_25_2021-05-21_2_R.png,0.9646720886230469,0.018056420609354973,0.06484092772006989,0.16511759161949158,0.4047233873004602
val,full,2_25_2021-05-21_1_L.png,0.9618301391601562,0.019083695486187935,0.07095413655042648,0.17172087728977203,0.42022736798548566
val,full,2_25_2021-05-21_3_R.png,0.9657173156738281,0.018144192174077034,0.06626681238412857,0.16404688358306885,0.4074855552266606
val,full,2_25_2021-07-07_1_L.png,0.9431304931640625,0.023511774837970734,0.0793878510594368,0.169789120554924,0.4585525874217803
val,full,5_425_2022-06-13_4_R.png,0.7850837707519531,0.012545504607260227,0.0813499465584755,0.12606528401374817,0.39998883294068616
val,full,5_425_2022-06-13_1_R.png,0.6112861633300781,0.011253012344241142,0.08118461072444916,0.08966152369976044,0.39245552967979824
val,full,5_425_2022-06-13_6_R.png,0.6495018005371094,0.012312209233641624,0.07911092042922974,0.09557835012674332,0.39511445944028145
val,full,5_425_2022-06-13_2_R.png,0.7371063232421875,0.030366387218236923,0.16099418699741364,0.20825770497322083,0.6269380437802862
val,full,5_425_2022-06-13_3_R.png,0.5974769592285156,0.010918156243860722,0.07692320644855499,0.08113893866539001,0.3837924573125995
val,full,5_226_2020-11-24_2_L.png,0.7858123779296875,0.021992286667227745,0.1004163920879364,0.1531696915626526,0.48345996355214577
val,full,5_226_2020-11-24_1_L.png,0.7571372985839844,0.023336239159107208,0.09338872879743576,0.13149255514144897,0.4798393229022622
val,full,5_226_2020-12-09_1_R.png,0.9644508361816406,0.03198500722646713,0.07639627903699875,0.16854895651340485,0.5014552004804665
val,full,5_226_2020-12-01_2_R.png,0.9645195007324219,0.033297087997198105,0.09877035766839981,0.1719110906124115,0.5444307799112391
val,full,5_226_2020-12-01_1_L.png,0.966796875,0.028905345126986504,0.08572819828987122,0.17097824811935425,0.4989783363459124
val,full,1_170_2021-04-01_1_R.png,0.952728271484375,0.026443922892212868,0.09961321949958801,0.16606830060482025,0.5072226427453146
val,full,1_170_2021-04-01_2_R.png,0.9622154235839844,0.026564445346593857,0.08710359036922455,0.1642795205116272,0.4879988988438113
val,full,1_170_2021-04-01_3_R.png,0.9648590087890625,0.021967226639389992,0.08015085756778717,0.16431623697280884,0.45107837779532106
val,full,1_170_2021-04-11_1_R.png,0.7579116821289062,0.018803538754582405,0.09336749464273453,0.13082268834114075,0.4543091015170582
val,full,1_170_2021-04-01_4_R.png,0.9636726379394531,0.024227583780884743,0.08958983421325684,0.16507577896118164,0.47880944047038526
val,full,4_92_2021-03-16_1_R.png,0.9615745544433594,0.024848397821187973,0.07567859441041946,0.17131206393241882,0.46017000157894056
val,full,4_92_2020-03-04_1_R.png,0.6545906066894531,0.02333671972155571,0.12178788334131241,0.14440423250198364,0.5250224992040207
val,full,4_92_2021-03-16_2_L.png,0.9642868041992188,0.016534708440303802,0.054853811860084534,0.16490089893341064,0.3802751629359343
val,full,4_92_2020-03-04_2_L.png,0.6499824523925781,0.01799062453210354,0.10807203501462936,0.13834157586097717,0.47313004597090186
val,full,4_92_2021-07-26_1_L.png,0.9628334045410156,0.017012082040309906,0.05540120601654053,0.16513705253601074,0.383831243775785
val,full,1_146_2021-11-03_1_L.png,0.966796875,0.021067118272185326,0.07360069453716278,0.16474483907222748,0.43559455431743777
val,full,1_146_2021-11-03_2_L.png,0.9660148620605469,0.023826656863093376,0.06576414406299591,0.16484567523002625,0.4386497195005756
val,full,1_146_2021-11-03_3_R.png,0.9667701721191406,0.020827582105994225,0.07011903077363968,0.1648220717906952,0.4287081528497352
val,full,1_146_2019-06-10_1_L.png,0.6358566284179688,0.01676170527935028,0.10947911441326141,0.13267432153224945,0.46845591058107944
val,full,1_146_2019-06-10_2_R.png,0.6555595397949219,0.020059844478964806,0.11514156311750412,0.13965323567390442,0.4960163846992972
val,full,5_693_2022-06-24_4_R.png,0.7725257873535156,0.021767521277070045,0.12555743753910065,0.18634441494941711,0.5221927759957246
val,full,5_693_2022-06-24_1_R.png,0.6273078918457031,0.01899491623044014,0.11949396878480911,0.13108277320861816,0.49695044504478575
val,full,5_693_2022-06-24_3_R.png,0.6371498107910156,0.015908299013972282,0.10650550574064255,0.11462929844856262,0.45892475926825266
val,full,5_693_2022-06-24_2_R.png,0.7853355407714844,0.014994313009083271,0.09380047023296356,0.15090030431747437,0.4335710315012627
val,full,5_693_2022-06-24_5_R.png,0.6476974487304688,0.020509015768766403,0.126584991812706,0.14244505763053894,0.5167484279467978
val,full,1_190_2021-10-18_4_R.png,0.7854385375976562,0.02737565152347088,0.14566132426261902,0.15417593717575073,0.5857219647827812
val,full,1_190_2021-10-18_1_R.png,0.7854232788085938,0.02976139448583126,0.17361530661582947,0.1777573674917221,0.6436140135988931
val,full,1_190_2021-10-18_3_L.png,0.7811927795410156,0.026453422382473946,0.13557584583759308,0.15217366814613342,0.5644893465521321
val,full,1_190_2021-10-18_5_R.png,0.7855148315429688,0.028183279559016228,0.15891475975513458,0.1584029197692871,0.611349883493544
val,full,1_190_2021-10-18_2_L.png,0.9232063293457031,0.034113213419914246,0.08814093470573425,0.16872161626815796,0.5321110397915949
val,full,5_463_2022-02-27_4_L.png,0.9615554809570312,0.02953258529305458,0.08989226818084717,0.1701197624206543,0.5091312189247799
val,full,5_463_2022-02-27_5_L.png,0.9639968872070312,0.02424420602619648,0.07492552697658539,0.1630447804927826,0.4555733609055592
val,full,5_463_2022-02-27_1_L.png,0.9643898010253906,0.02255464345216751,0.0706329420208931,0.17184311151504517,0.4392404589971358
val,full,5_463_2022-02-27_2_L.png,0.9666976928710938,0.02168601006269455,0.07099460810422897,0.16408675909042358,0.4349297740412029
val,full,5_463_2022-02-27_3_L.png,0.9647445678710938,0.02296779863536358,0.07228551805019379,0.17174002528190613,0.44419355513104664
val,full,5_550_2021-06-28_6_R.png,0.9552726745605469,0.023203739896416664,0.07588958740234375,0.17352208495140076,0.4512544714210724
val,full,5_550_2021-06-28_3_R.png,0.9621200561523438,0.02691068686544895,0.07656631618738174,0.16987177729606628,0.47318266209807586
val,full,5_550_2021-06-06_2_R.png,0.785675048828125,0.01839580200612545,0.0988771840929985,0.15354499220848083,0.46078099734149874
val,full,5_550_2021-06-28_4_R.png,0.9602813720703125,0.02637443132698536,0.08118144422769547,0.17601072788238525,0.4775084738492627
val,full,5_550_2021-06-28_5_R.png,0.7856178283691406,0.018508365377783775,0.09464918822050095,0.15358999371528625,0.4546878092371944
val,full,2_58_2021-08-25_5_R.png,0.9643135070800781,0.024991795420646667,0.08219951391220093,0.1706412136554718,0.4713508031923663
val,full,2_58_2021-08-25_4_R.png,0.9667434692382812,0.019378159195184708,0.06618477404117584,0.1680019497871399,0.41429610417478463
val,full,2_58_2021-08-25_3_R.png,0.9658660888671875,0.02386978082358837,0.07520407438278198,0.16882149875164032,0.4539103627416559
val,full,2_58_2021-08-25_1_L.png,0.9661979675292969,0.02503814361989498,0.07378636300563812,0.17277848720550537,0.4582269535526972
val,full,2_58_2021-08-25_2_L.png,0.9652442932128906,0.020158374682068825,0.06606435775756836,0.16916394233703613,0.41849324492822315
val,full,5_375_2022-01-08_6_L.png,0.7538032531738281,0.021974436938762665,0.10301703214645386,0.1314178705215454,0.48749694074080746
val,full,5_375_2022-01-08_8_L.png,0.7216033935546875,0.02230394445359707,0.10739300400018692,0.1280311793088913,0.49631219391541725
val,full,5_375_2022-01-08_7_R.png,0.7193489074707031,0.03240712732076645,0.12646928429603577,0.1373838484287262,0.5834912252866409
val,full,5_375_2022-01-08_4_R.png,0.9620094299316406,0.02822796069085598,0.08968867361545563,0.16949263215065002,0.5014688050924716
val,full,5_375_2022-01-08_2_R.png,0.9633369445800781,0.027445388957858086,0.08391796797513962,0.17415398359298706,0.4878861710302193
val,full,5_644_2022-02-11_2_L.png,0.6878509521484375,0.020077766850590706,0.12090452760457993,0.15475867688655853,0.505285550632768
val,full,5_644_2022-02-11_1_L.png,0.6419944763183594,0.017757078632712364,0.11212971061468124,0.13020004332065582,0.478271743286909
val,full,5_644_2022-02-11_1_L.png,0.6419944763183594,0.017757078632712364,0.11212971061468124,0.13020004332065582,0.478271743286909
val,full,5_644_2022-02-11_3_L.png,0.6615219116210938,0.018554119393229485,0.10804426670074463,0.12926560640335083,0.47625552770173685
val,full,3_148_2022-03-30_1_R.png,0.9599685668945312,0.016446363180875778,0.06556530296802521,0.16397155821323395,0.39681922943246634
val,full,3_148_2021-12-09_9_R.png,0.617156982421875,0.018619414418935776,0.10689054429531097,0.11148259788751602,0.4747873447581448
val,full,3_148_2022-03-30_2_L.png,0.9637680053710938,0.014871287159621716,0.05733531340956688,0.16685879230499268,0.374866261606274
val,full,3_148_2021-12-09_10_R.png,0.7821273803710938,0.014468202367424965,0.0843934640288353,0.12905274331569672,0.41564596745354887
val,full,1_165_2021-07-18_2_R.png,0.9650535583496094,0.01898934692144394,0.06583927571773529,0.1682298183441162,0.4115593787113374
val,full,1_165_2021-07-18_1_L.png,0.7543487548828125,0.016758399084210396,0.08845985680818558,0.1302737593650818,0.4349975852253424
val,full,1_165_2020-07-25_1_L.png,0.9658355712890625,0.016749486327171326,0.06401441991329193,0.17121057212352753,0.39605698317966676
val,full,1_165_2020-07-25_2_R.png,0.7856330871582031,0.012806289829313755,0.08211277425289154,0.1436510682106018,0.40266933932858096
val,full,5_730_2021-04-26_1_L.png,0.9576416015625,0.017669297754764557,0.06764235347509384,0.1654861867427826,0.40700263494456357
val,full,5_730_2021-08-16_3_R.png,0.7804718017578125,0.0233614519238472,0.1294877827167511,0.18557816743850708,0.5374114577573809
val,full,5_730_2021-07-31_2_R.png,0.7582778930664062,0.013894652016460896,0.09467007219791412,0.14084042608737946,0.4287688960892741
val,full,5_730_2021-04-26_2_R.png,0.9613037109375,0.014147024601697922,0.06677952408790588,0.16796652972698212,0.3858171653425829
val,full,3_153_2021-07-14_2_R.png,0.96246337890625,0.02879800833761692,0.086448535323143,0.17453789710998535,0.49952055764045905
val,full,3_153_2021-07-14_1_R.png,0.9662895202636719,0.02962009608745575,0.09477297961711884,0.18110224604606628,0.5173882353373549
val,full,3_153_2021-07-14_4_L.png,0.9331741333007812,0.028516462072730064,0.09731599688529968,0.17423728108406067,0.5152260032948106
val,full,3_153_2021-07-14_3_L.png,0.9667892456054688,0.027692411094903946,0.10308340191841125,0.17439940571784973,0.5197661336426709
val,full,1_105_2020-04-14_2_R.png,0.717681884765625,0.015317807905375957,0.10304128378629684,0.15095102787017822,0.45009198458230293
val,full,1_105_2019-09-15_1_L.png,0.6526947021484375,0.014757172204554081,0.10798516124486923,0.1406881958246231,0.4548036683583632
val,full,1_105_2019-09-15_2_R.png,0.6503067016601562,0.014897775836288929,0.10455715656280518,0.13255241513252258,0.45014091997449707
val,full,1_105_2020-04-14_1_L.png,0.6589469909667969,0.015537620522081852,0.10368667542934418,0.13444650173187256,0.45235518998339436
val,full,1_45_2022-03-06_2_L.png,0.7834625244140625,0.014217959716916084,0.08710771054029465,0.134506493806839,0.41855647199448537
val,full,1_45_2019-03-25_2_R.png,0.7752723693847656,0.015596697106957436,0.09276212006807327,0.14674639701843262,0.435307521334934
val,full,1_45_2019-03-25_1_L.png,0.7845573425292969,0.01576605811715126,0.11000323295593262,0.16336391866207123,0.4636892202479595
val,full,1_45_2022-03-06_1_R.png,0.7507705688476562,0.021475493907928467,0.10236639529466629,0.13255910575389862,0.4836552821099758
val,full,5_321_2021-09-15_1_R.png,0.9655990600585938,0.018269522115588188,0.05371326208114624,0.1637621968984604,0.3882189788474617
val,full,5_321_2021-09-09_2_R.png,0.96484375,0.01745811477303505,0.053736038506031036,0.16215309500694275,0.3836910477670079
val,full,5_321_2021-09-09_1_R.png,0.965911865234375,0.018295491114258766,0.05409957468509674,0.16246297955513,0.3889796426985413
val,full,5_321_2021-09-15_2_R.png,0.9656448364257812,0.018113313242793083,0.05489593371748924,0.16330040991306305,0.38922182699580765
val,full,5_18_2021-08-13_1_R.png,0.9665756225585938,0.027367832139134407,0.08042643219232559,0.17086556553840637,0.4818951979067854
val,full,5_18_2021-08-13_2_R.png,0.9666061401367188,0.024887142702937126,0.07870523631572723,0.1672765612602234,0.4652030536608601
val,full,5_18_2021-08-21_1_R.png,0.966796875,0.03238574042916298,0.10387835651636124,0.17562712728977203,0.5474308116446165
val,full,5_18_2021-08-21_2_R.png,0.966796875,0.03087734244763851,0.09665368497371674,0.17442557215690613,0.527452277362516
val,central,5_154_2022-07-15_12_R.png,1.0,0.009018846787512302,0.0313318632543087,0.19554930925369263,0.3005771592661569
val,central,5_154_2022-07-15_1_R.png,1.0,0.009213161654770374,0.03389047831296921,0.19212177395820618,0.30574070435144346
val,central,5_154_2022-07-15_2_R.png,1.0,0.009580763056874275,0.04193776845932007,0.18202775716781616,0.32061096928929067
val,central,5_154_2022-07-15_6_L.png,1.0,0.00935063511133194,0.03968255594372749,0.1731419861316681,0.3157286615026268
val,central,5_154_2022-07-15_3_R.png,1.0,0.00936524011194706,0.03328835964202881,0.19683320820331573,0.3056382296056571
val,central,5_154_2022-07-15_11_L.png,1.0,0.013803206384181976,0.04968294873833656,0.24099233746528625,0.3566840907220136
val,central,5_154_2022-07-15_4_R.png,1.0,0.01049075834453106,0.033794768154621124,0.22242744266986847,0.312774919570339
val,central,5_154_2022-07-15_13_L.png,1.0,0.009580465033650398,0.04057452827692032,0.19073989987373352,0.318440501709384
val,central,5_154_2022-07-15_7_L.png,1.0,0.009592044167220592,0.04518513008952141,0.17682836949825287,0.32584068267394534
val,central,5_154_2022-07-15_10_L.png,1.0,0.009479817934334278,0.03719830513000488,0.1918342262506485,0.31250309767836537
val,central,5_154_2022-07-15_9_L.png,1.0,0.011081169359385967,0.045302487909793854,0.1968909651041031,0.3344037175030363
val,central,5_154_2022-07-15_5_R.png,1.0,0.011857611127197742,0.04222584888339043,0.21886268258094788,0.3338765494504266
val,central,5_154_2022-07-15_8_L.png,1.0,0.01055128313601017,0.05962798744440079,0.19322440028190613,0.35421367493796757
val,central,5_154_2022-06-20_2_R.png,1.0,0.009171612560749054,0.04724655672907829,0.19583526253700256,0.32675529726865615
val,central,5_154_2022-06-07_1_L.png,1.0,0.009440863505005836,0.0382816344499588,0.1923033595085144,0.3140074574769559
val,central,5_154_2022-06-20_1_L.png,1.0,0.009496329352259636,0.04555352032184601,0.19245590269565582,0.3258883622093973
val,central,5_110_2022-02-14_1_R.png,1.0,0.00819169357419014,0.050596337765455246,0.1569904088973999,0.3265724500725893
val,central,5_110_2022-01-24_2R.png,1.0,0.009259647689759731,0.03698781132698059,0.1995260864496231,0.31092976354782215
val,central,5_110_2022-01-24_1_R.png,1.0,0.009490132331848145,0.02983011305332184,0.19180582463741302,0.30083899240602147
val,central,5_110_2022-02-14_1_R.png,1.0,0.00819169357419014,0.050596337765455246,0.1569904088973999,0.3265724500725893
val,central,5_110_2022-01-24_2R.png,1.0,0.009259647689759731,0.03698781132698059,0.1995260864496231,0.31092976354782215
val,central,5_110_2022-01-24_8_L.png,1.0,0.016020627692341805,0.07707199454307556,0.29810500144958496,0.41273056754249743
val,central,5_110_2022-02-14_8_L.png,1.0,0.01956229843199253,0.07589605450630188,0.2809407711029053,0.4307816517581655
val,central,5_110_2022-01-24_3_R.png,1.0,0.012698120437562466,0.04607246816158295,0.2335088849067688,0.34472403590017087
val,central,5_110_2022-02-14_7_L.png,1.0,0.014124556444585323,0.04758671298623085,0.26541566848754883,0.35515676429706877
val,central,5_110_2022-02-14_1_R.png,1.0,0.00819169357419014,0.050596337765455246,0.1569904088973999,0.3265724500725893
val,central,5_110_2022-01-24_1_R.png,1.0,0.009490132331848145,0.02983011305332184,0.19180582463741302,0.30083899240602147
val,central,5_110_2022-02-14_2_R.png,1.0,0.008597820065915585,0.050061095505952835,0.16086602210998535,0.3280053898120638
val,central,5_110_2022-01-24_2R.png,1.0,0.009259647689759731,0.03698781132698059,0.1995260864496231,0.31092976354782215
val,central,5_110_2022-02-14_9_L.png,1.0,0.01315455324947834,0.07792177051305771,0.25353798270225525,0.3979608151172711
val,central,5_110_2022-01-24_5_R.png,1.0,0.009514940902590752,0.03304339945316315,0.17637677490711212,0.3060905871616507
val,central,5_110_2022-01-24_11_R.png,1.0,0.009349408559501171,0.0268898643553257,0.20251896977424622,0.29536975280339406
val,central,1_187_2021-12-01_8_R.png,1.0,0.010911934077739716,0.05133023113012314,0.22505107522010803,0.34304136053066364
val,central,1_187_2021-12-01_6_L.png,1.0,0.01125299371778965,0.047425586730241776,0.2655245065689087,0.33874788673340595
val,central,1_187_2021-12-01_10_R.png,1.0,0.00836246833205223,0.04282771050930023,0.20842398703098297,0.3151738783598623
val,central,1_187_2021-12-01_11_R.png,1.0,0.014814554713666439,0.08439568430185318,0.2864925265312195,0.41759773165368563
val,central,1_187_2021-12-01_1_L.png,1.0,0.010422672145068645,0.047499727457761765,0.2516627311706543,0.3341952790442685
val,central,1_187_2021-12-01_1_L.png,1.0,0.010422672145068645,0.047499727457761765,0.2516627311706543,0.3341952790442685
val,central,1_187_2021-12-01_15_L.png,1.0,0.00898680742830038,0.03927011787891388,0.26538023352622986,0.31302597931882536
val,central,1_187_2021-12-01_1_L.png,1.0,0.010422672145068645,0.047499727457761765,0.2516627311706543,0.3341952790442685
val,central,1_187_2021-12-01_9_R.png,1.0,0.011454563587903976,0.05801716446876526,0.2301592081785202,0.3567319545640864
val,central,1_187_2021-12-01_2_L.png,0.9997080214471519,0.008849313482642174,0.039733920246362686,0.22904923558235168,0.31299044327725745
val,central,1_187_2021-12-01_3_L.png,0.9990575724754899,0.013323255814611912,0.1116785928606987,0.25110742449760437,0.45261380259921263
val,central,1_187_2021-12-01_7_L.png,1.0,0.010953973047435284,0.05116567388176918,0.2751784324645996,0.3430160341128199
val,central,1_187_2021-12-01_14_R.png,1.0,0.011236265301704407,0.041397493332624435,0.24356332421302795,0.32906364080580797
val,central,1_187_2021-12-01_5_L.png,0.9999829103648638,0.015378385782241821,0.07594747841358185,0.26678475737571716,0.40732895386489953
val,central,1_187_2021-12-01_4_L.png,0.998987242063213,0.013379564508795738,0.11162092536687851,0.24714340269565582,0.4528387952638282
val,central,1_70_2021-12-02_1_L.png,1.0,0.014030558057129383,0.04580269008874893,0.1806851476430893,0.35178980512163516
val,central,1_70_2021-12-02_3_L.png,1.0,0.013892057351768017,0.058129359036684036,0.22061952948570251,0.3706213483438742
val,central,1_70_2021-12-02_4_L.png,1.0,0.014942045323550701,0.0496988520026207,0.20679956674575806,0.3631153604036874
val,central,1_70_2021-12-02_1_L.png,1.0,0.014030558057129383,0.04580269008874893,0.1806851476430893,0.35178980512163516
val,central,1_70_2021-12-02_5_L.png,1.0,0.013941477052867413,0.05269172787666321,0.19422394037246704,0.3622485573170707
val,central,1_70_2021-12-02_7_R.png,1.0,0.014271617867052555,0.04577689617872238,0.21296563744544983,0.3531047307865017
val,central,1_70_2021-12-02_1_L.png,1.0,0.014030558057129383,0.04580269008874893,0.1806851476430893,0.35178980512163516
val,central,1_70_2021-12-02_2_L.png,1.0,0.012673554010689259,0.05167873948812485,0.17607007920742035,0.3535049177685075
val,central,1_70_2021-12-02_9_R.png,1.0,0.013751314021646976,0.04960373416543007,0.23552104830741882,0.3562661729985848
val,central,1_70_2021-12-02_6_L.png,1.0,0.013838536106050014,0.047547247260808945,0.18165051937103271,0.3534851135114547
val,central,1_70_2021-12-02_8_R.png,1.0,0.01035294122993946,0.02953728288412094,0.20396050810813904,0.30522642627951097
val,central,1_70_2021-12-02_1_L.png,1.0,0.014030558057129383,0.04580269008874893,0.1806851476430893,0.35178980512163516
val,central,3_182_2022-02-23_4_R.png,1.0,0.01102988701313734,0.04010755196213722,0.2915112376213074,0.3258505834795704
val,central,3_182_2022-02-23_3_R.png,1.0,0.0050470419228076935,0.026656541973352432,0.15971586108207703,0.27079774577339943
val,central,3_182_2022-02-23_1_R.png,1.0,0.007735664024949074,0.03230521082878113,0.175524041056633,0.29490776373158123
val,central,3_182_2022-02-23_1_R.png,1.0,0.007735664024949074,0.03230521082878113,0.175524041056633,0.29490776373158123
val,central,3_182_2022-02-23_8_L.png,1.0,0.008161596953868866,0.04125883802771568,0.1726374328136444,0.311548043364151
val,central,3_182_2022-02-23_5_R.png,1.0,0.008366950787603855,0.0349893756210804,0.16520151495933533,0.3027290139410814
val,central,3_182_2022-02-23_2_R.png,1.0,0.008140654303133488,0.03706878051161766,0.16814620792865753,0.3047642403599722
val,central,3_182_2022-02-23_9_L.png,1.0,0.011625280603766441,0.04990696161985397,0.27979856729507446,0.34478964233686304
val,central,3_182_2022-02-23_10_L.png,1.0,0.007564738392829895,0.030396759510040283,0.1750367134809494,0.2909101344983686
val,central,3_182_2022-02-23_1_R.png,1.0,0.007735664024949074,0.03230521082878113,0.175524041056633,0.29490776373158123
val,central,3_182_2022-02-23_6_L.png,1.0,0.007673742715269327,0.03204818069934845,0.16462770104408264,0.2941505447950807
val,central,3_182_2022-02-23_7_L.png,1.0,0.008087863214313984,0.03633453696966171,0.16447290778160095,0.3032991757595234
val,central,1_175_2022-05-07_4_R.png,1.0,0.011559096165001392,0.03494437783956528,0.29043319821357727,0.3206132443092594
val,central,1_175_2022-05-07_11_L.png,1.0,0.008000253699719906,0.027147430926561356,0.19789528846740723,0.2881905217168176
val,central,1_175_2022-05-07_8_L.png,1.0,0.008093291893601418,0.03574986010789871,0.17186671495437622,0.3023995443458923
val,central,1_175_2022-05-07_5_L.png,1.0,0.008210858330130577,0.034898120909929276,0.18340769410133362,0.30170581591823564
val,central,1_175_2022-05-07_3_R.png,1.0,0.00926203653216362,0.03772934153676033,0.20661669969558716,0.31212290793826636
val,central,1_175_2022-05-07_1_R.png,1.0,0.008681736886501312,0.03189510107040405,0.19430148601531982,0.29957697623493995
val,central,1_175_2022-05-07_2_R.png,1.0,0.007209049072116613,0.032503992319107056,0.22168608009815216,0.2922617979019626
val,central,1_175_2022-05-07_1_R.png,1.0,0.008681736886501312,0.03189510107040405,0.19430148601531982,0.29957697623493995
val,central,1_175_2022-05-07_1_R.png,1.0,0.008681736886501312,0.03189510107040405,0.19430148601531982,0.29957697623493995
val,central,1_175_2022-05-07_6_L.png,1.0,0.007728676311671734,0.027748607099056244,0.18662142753601074,0.2876193155471066
val,central,1_175_2022-05-07_9_L.png,1.0,0.012639974243938923,0.05199595168232918,0.25854843854904175,0.35382068734404376
val,central,1_175_2022-05-07_7_L.png,1.0,0.00887515302747488,0.03348750248551369,0.18383854627609253,0.3031983079155907
val,central,5_197_2022-07-10_2_R.png,1.0,0.008256951346993446,0.033996161073446274,0.1828983575105667,0.3005301530345936
val,central,5_197_2022-07-10_7_R.png,1.0,0.013956509530544281,0.0388525016605854,0.27736130356788635,0.34031616420569744
val,central,5_197_2022-07-10_6_R.png,1.0,0.014005585573613644,0.047625139355659485,0.26133739948272705,0.35454868600830775
val,central,5_197_2022-07-10_8_R.png,1.0,0.008972684852778912,0.029675567522644997,0.1987496316432953,0.2976824824465439
val,central,5_197_2022-07-10_14_R.png,1.0,0.008498648181557655,0.029495682567358017,0.18911835551261902,0.2947298455602405
val,central,5_197_2022-07-10_4_R.png,1.0,0.01325440313667059,0.06089537590742111,0.27672049403190613,0.37143502476921475
val,central,5_197_2022-07-10_3_R.png,1.0,0.012911724857985973,0.0604439415037632,0.2709577977657318,0.3687892683548853
val,central,5_197_2022-07-10_1_R.png,1.0,0.009283397346735,0.03504585102200508,0.18573391437530518,0.30797387306493795
val,central,5_197_2022-07-10_5_R.png,1.0,0.006911248899996281,0.034191735088825226,0.20445199310779572,0.2932717172492465
val,central,5_197_2022-07-10_1_R.png,1.0,0.009283397346735,0.03504585102200508,0.18573391437530518,0.30797387306493795
val,central,5_197_2022-07-10_1_R.png,1.0,0.009283397346735,0.03504585102200508,0.18573391437530518,0.30797387306493795
val,central,3_75_2022-02-11_6_L.png,1.0,0.008430429734289646,0.03496057540178299,0.2263754904270172,0.3030402644854886
val,central,3_75_2021-12-02_2_L.png,1.0,0.00831745658069849,0.03637318313121796,0.2049102783203125,0.30465212097518485
val,central,3_75_2022-01-06_1_L.png,1.0,0.006832693237811327,0.030155232176184654,0.1939510703086853,0.2864081324702552
val,central,3_75_2022-02-11_3_L.png,1.0,0.007291643414646387,0.03431687504053116,0.20967787504196167,0.2956105226809582
val,central,3_75_2022-02-11_1_L.png,1.0,0.00721323536708951,0.02857065200805664,0.21893160045146942,0.2860277589526959
val,central,3_75_2022-02-11_4_L.png,1.0,0.007964611053466797,0.03047957643866539,0.2410982996225357,0.29329117241908204
val,central,3_75_2021-12-02_3_R.png,1.0,0.00807320885360241,0.038830723613500595,0.2080308049917221,0.30718795100480994
val,central,3_75_2022-02-11_7_L.png,1.0,0.006891826633363962,0.025591790676116943,0.2312101125717163,0.2794807372519492
val,central,3_75_2022-02-11_2_L.png,1.0,0.00916112307459116,0.058386385440826416,0.2047063410282135,0.3444187486777082
val,central,3_75_2022-02-11_5_L.png,1.0,0.008215314708650112,0.037199024111032486,0.2293897569179535,0.30539141086734495
val,central,5_123_2022-04-30_4_L.png,1.0,0.007968553341925144,0.03743143752217293,0.2352047711610794,0.30437312678814954
val,central,5_123_2022-04-30_1_L.png,1.0,0.0074054524302482605,0.031599175184965134,0.21209311485290527,0.2919270849871365
val,central,5_123_2022-04-30_3_L.png,1.0,0.008764432743191719,0.030628753826022148,0.22160279750823975,0.29802749708548865
val,central,5_123_2022-04-30_5_L.png,1.0,0.01054620835930109,0.0382443405687809,0.2586100399494171,0.3201656911077655
val,central,5_123_2022-04-30_2_L.png,1.0,0.020829949527978897,0.07928591221570969,0.28355419635772705,0.44330514461987397
val,central,5_123_2022-04-30_8_R.png,1.0,0.018207645043730736,0.06263558566570282,0.25601160526275635,0.4020655260209671
val,central,5_123_2022-04-30_1_L.png,1.0,0.0074054524302482605,0.031599175184965134,0.21209311485290527,0.2919270849871365
val,central,5_123_2022-04-30_7_R.png,1.0,0.01023172028362751,0.035119667649269104,0.23874688148498535,0.3134256251283329
val,central,5_123_2022-04-30_9_R.png,1.0,0.014649535529315472,0.06746244430541992,0.24156105518341064,0.38973025329284033
val,central,5_123_2022-04-30_6_R.png,1.0,0.00949781946837902,0.04175090044736862,0.23406225442886353,0.3198471215849912
val,central,5_513_2022-04-11_1_R.png,1.0,0.007947657257318497,0.04101443290710449,0.2237231433391571,0.30995580624281005
val,central,5_513_2022-05-22_3.png,1.0,0.016997219994664192,0.07562600076198578,0.19446775317192078,0.41592345459132707
val,central,5_513_2022-05-22_7.png,1.0,0.008259342983365059,0.02915807068347931,0.22953113913536072,0.29284664400514554
val,central,5_513_2022-05-22_7.png,1.0,0.008259342983365059,0.02915807068347931,0.22953113913536072,0.29284664400514554
val,central,5_513_2022-05-22_6.png,1.0,0.008387752808630466,0.033216752111911774,0.2369629144668579,0.30002594245386055
val,central,5_513_2022-05-22_5.png,1.0,0.017369825392961502,0.0921914353966713,0.2213360071182251,0.44437346051193094
val,central,5_513_2022-05-22_7.png,1.0,0.008259342983365059,0.02915807068347931,0.22953113913536072,0.29284664400514554
val,central,5_513_2022-05-22_7.png,1.0,0.008259342983365059,0.02915807068347931,0.22953113913536072,0.29284664400514554
val,central,5_513_2022-05-22_7.png,1.0,0.008259342983365059,0.02915807068347931,0.22953113913536072,0.29284664400514554
val,central,4_18_2021-06-16_2_L.png,1.0,0.0074567245319485664,0.040340520441532135,0.223906010389328,0.3061221761946482
val,central,4_18_2021-05-04_2_L.png,1.0,0.007416614331305027,0.033807046711444855,0.21478919684886932,0.2955023935636167
val,central,4_18_2021-07-04_1_L.png,1.0,0.00798475556075573,0.036391157656908035,0.2149040848016739,0.30280927357433196
val,central,4_18_2021-07-04_2_R.png,1.0,0.007817313075065613,0.034560419619083405,0.21092826128005981,0.2989548718048768
val,central,4_18_2021-05-04_1_R.png,1.0,0.008638172410428524,0.03553221374750137,0.22048038244247437,0.3051182416796854
val,central,4_18_2021-05-24_2_L.png,1.0,0.009059213101863861,0.03804958984255791,0.21991071105003357,0.3114915120838718
val,central,4_18_2021-05-24_1_R.png,1.0,0.0079191280528903,0.03812432661652565,0.22771811485290527,0.305197433096526
val,central,4_18_2021-07-04_3_L.png,1.0,0.009031068533658981,0.03865915909409523,0.2161729633808136,0.31230296815152875
val,central,4_18_2021-06-16_1_L.png,1.0,0.01430221926420927,0.05415176600217819,0.2563096880912781,0.3666005201828243
val,central,1_8_2021-03-11_1_L.png,1.0,0.007986604236066341,0.032649531960487366,0.23322643339633942,0.2968670860377394
val,central,1_8_2022-06-21_2_L.png,1.0,0.00860314629971981,0.03779873251914978,0.23771287500858307,0.3085270451254804
val,central,1_8_2021-03-11_2_R.png,1.0,0.009633713401854038,0.040939975529909134,0.2534351944923401,0.31932141713755713
val,central,1_8_2022-06-21_1_R.png,1.0,0.008811861276626587,0.04168928042054176,0.24474188685417175,0.3158905748955228
val,central,1_8_2021-10-28_3_R.png,1.0,0.008633002638816833,0.039018917828798294,0.2409668117761612,0.3106361909346147
val,central,1_8_2021-10-28_2_L.png,1.0,0.01229165494441986,0.06371526420116425,0.2882519066333771,0.37050575210966846
val,central,1_8_2021-10-28_4_R.png,1.0,0.011254464276134968,0.0572260245680809,0.29180997610092163,0.3543477642752061
val,central,1_8_2021-10-28_1_L.png,1.0,0.007813841104507446,0.0364491231739521,0.23731043934822083,0.30194009762596
val,central,1_75_2022-05-08_3_R.png,1.0,0.010384778492152691,0.020901968702673912,0.2000143676996231,0.2916675110453401
val,central,1_75_2022-05-08_7_L.png,1.0,0.007665133103728294,0.023223433643579483,0.18705737590789795,0.2800627454141663
val,central,1_75_2022-05-08_2_R.png,1.0,0.011302522383630276,0.03646964952349663,0.17092430591583252,0.3215965853771195
val,central,1_75_2022-05-08_4_L.png,1.0,0.008875269442796707,0.025114217773079872,0.16206055879592896,0.2898778279819949
val,central,1_75_2022-05-08_8_R.png,1.0,0.012924669310450554,0.03487459570169449,0.20403040945529938,0.32818357621488925
val,central,1_75_2022-05-08_6_L.png,1.0,0.008630849421024323,0.033074162900447845,0.1596778780221939,0.30116651442579245
val,central,1_75_2022-05-08_5_L.png,1.0,0.00830480083823204,0.025406936183571815,0.18299761414527893,0.2871346304616468
val,central,1_75_2022-05-08_1_R.png,1.0,0.010164633393287659,0.03348449245095253,0.17760449647903442,0.3104468462819403
val,central,2_167_2022-05-02_6_R.png,1.0,0.007166688796132803,0.031963858753442764,0.20751507580280304,0.2911642179496332
val,central,2_167_2022-05-02_9_R.png,1.0,0.007250743918120861,0.029380571097135544,0.18775725364685059,0.2875272521939637
val,central,2_167_2022-05-02_5_L.png,1.0,0.007712952326983213,0.02807609736919403,0.21491876244544983,0.28805187538118016
val,central,2_167_2022-05-02_4_L.png,1.0,0.007556617259979248,0.034476716071367264,0.2215421497821808,0.297355293110013
val,central,2_167_2022-05-02_7_R.png,1.0,0.006259590853005648,0.027639610692858696,0.20792260766029358,0.2791823064686138
val,central,2_167_2022-05-02_1_L.png,1.0,0.008149376139044762,0.029810234904289246,0.212296724319458,0.29326561449349603
val,central,2_167_2022-05-02_3_L.png,1.0,0.006829040590673685,0.029464295133948326,0.2162805199623108,0.28528836830836635
val,central,2_167_2022-05-02_10_R.png,1.0,0.009684047661721706,0.04804808646440506,0.2221539318561554,0.3309129056541926
val,central,2_62_2022-02-19_3_L.png,1.0,0.01255753543227911,0.05137486755847931,0.2181050330400467,0.35236888064960525
val,central,2_62_2020-10-09_1_L.png,1.0,0.009860297664999962,0.032510433346033096,0.22989654541015625,0.3071853183252229
val,central,2_62_2021-01-25_1_L.png,1.0,0.009403210133314133,0.031804583966732025,0.22984164953231812,0.3034912587651475
val,central,2_62_2021-01-25_3_R.png,1.0,0.011562884785234928,0.048580728471279144,0.22319592535495758,0.34232874948489056
val,central,2_62_2022-02-19_2_L.png,1.0,0.013254715129733086,0.052701178938150406,0.23088589310646057,0.3584005572790788
val,central,2_62_2020-11-13_1_L.png,1.0,0.009112168103456497,0.029241012409329414,0.22823606431484222,0.2977757380513305
val,central,2_62_2022-02-19_1_L.png,1.0,0.011271224357187748,0.04793473705649376,0.2567734122276306,0.3396604459626939
val,central,5_531_2021-09-01_3_R.png,1.0,0.009940806776285172,0.048617489635944366,0.21849405765533447,0.3332630443556065
val,central,5_531_2021-09-01_7_R.png,1.0,0.009504434652626514,0.04067657142877579,0.20788654685020447,0.31817517219407654
val,central,5_531_2021-09-01_5_L.png,1.0,0.013219291344285011,0.046036481857299805,0.1985878348350525,0.3475983713118529
val,central,5_531_2021-09-01_4_L.png,1.0,0.007687618490308523,0.030152171850204468,0.18414905667304993,0.2912122183151289
val,central,5_531_2021-09-01_2_L.png,1.0,0.007569875102490187,0.03627164661884308,0.1888119876384735,0.30028543979966676
val,central,5_531_2021-09-01_6_L.png,1.0,0.009531831368803978,0.03774021938443184,0.19648119807243347,0.3136578095611185
val,central,5_531_2021-09-01_1_L.png,1.0,0.008300322107970715,0.03078840672969818,0.18235646188259125,0.29567086801821874
val,central,1_41_2022-07-04_2_L.png,1.0,0.008523273281753063,0.028459427878260612,0.1975490301847458,0.2932197747434574
val,central,1_41_2022-07-04_3_L.png,1.0,0.011734258383512497,0.033780843019485474,0.2499467134475708,0.31974745366553015
val,central,1_41_2022-07-04_4_L.png,1.0,0.012554692104458809,0.039727456867694855,0.2632646858692169,0.33382291537709535
val,central,1_41_2022-07-04_1_L.png,1.0,0.008969624526798725,0.030845882371068,0.19647321105003357,0.2995271326444874
val,central,1_41_2022-07-04_5_L.png,1.0,0.007605280727148056,0.02705623023211956,0.20754539966583252,0.28582370673221624
val,central,1_41_2022-07-04_6_L.png,1.0,0.009754483588039875,0.03395983204245567,0.2374020218849182,0.30889597570481286
val,central,1_41_2022-07-04_7_L.png,1.0,0.007688936311751604,0.02328859455883503,0.19092628359794617,0.2803003035517494
val,central,1_197_2021-12-24_4_R.png,1.0,0.016052700579166412,0.07255613058805466,0.27441152930259705,0.4057266485115344
val,central,1_197_2021-12-24_3_L.png,0.999904188338352,0.00971080269664526,0.06883025169372559,0.24054044485092163,0.3641259383177385
val,central,1_197_2021-12-24_6_R.png,1.0,0.012384827248752117,0.056620609015226364,0.2900125980377197,0.3597428948893635
val,central,1_197_2021-12-07_1_L.png,1.0,0.00843505747616291,0.026081258431077003,0.19259217381477356,0.28894010944376614
val,central,1_197_2021-12-24_2_R.png,1.0,0.01308123767375946,0.0649668425321579,0.24489763379096985,0.37693830230696634
val,central,1_197_2021-12-24_5_R.png,1.0,0.009121105074882507,0.03588065132498741,0.230657696723938,0.3083890704268759
val,central,1_197_2021-12-24_1_R.png,1.0,0.012890564277768135,0.03917426988482475,0.23435553908348083,0.3348321261519397
val,central,4_85_2022-07-08_6_L.png,1.0,0.007833058014512062,0.041388291865587234,0.13651131093502045,0.3099059611177919
val,central,4_85_2022-07-08_1_L.png,1.0,0.008518240414559841,0.05246618390083313,0.13217169046401978,0.33138403126504273
val,central,4_85_2022-07-08_2_L.png,1.0,0.00868765078485012,0.04988289624452591,0.13141947984695435,0.32822718878107315
val,central,4_85_2022-07-08_3_L.png,1.0,0.008135017938911915,0.045079778879880905,0.1538156270980835,0.3174773059425537
val,central,4_85_2022-07-08_4_L.png,1.0,0.00837151799350977,0.043393056839704514,0.13346004486083984,0.3161241973221133
val,central,4_85_2022-07-08_5_L.png,1.0,0.010236748494207859,0.048143159598112106,0.16040262579917908,0.334173100549643
val,central,5_195_2022-05-13_9_L.png,1.0,0.015035683289170265,0.04358232393860817,0.22877605259418488,0.35391123385845935
val,central,5_195_2022-05-13_6_L.png,1.0,0.013570486567914486,0.044626716524362564,0.21956892311573029,0.34733103596055037
val,central,5_195_2022-05-13_7_L.png,1.0,0.014046741649508476,0.04537050798535347,0.20774230360984802,0.35119327539154754
val,central,5_195_2022-05-13_10_L.png,1.0,0.014631296508014202,0.05028177797794342,0.25250113010406494,0.3622947805497626
val,central,5_195_2022-05-13_8_L.png,1.0,0.012929761782288551,0.04758875444531441,0.2042171061038971,0.3484392920974642
val,central,5_195_2022-05-13_12_L.png,1.0,0.012933628633618355,0.034844450652599335,0.22106918692588806,0.32818601437505673
val,central,5_609_2020-01-07_2_R.png,1.0,0.012688909657299519,0.06170622631907463,0.2617127001285553,0.3695441132390194
val,central,5_609_2019-12-04_2_R.png,1.0,0.010988736525177956,0.04308841750025749,0.21992763876914978,0.330361398068172
val,central,5_609_2020-01-07_1_L.png,1.0,0.009618104435503483,0.04404843598604202,0.22178436815738678,0.3241788947002285
val,central,5_609_2019-12-04_1_R.png,1.0,0.01074377540498972,0.043756380677223206,0.21593010425567627,0.3300461604577405
val,central,5_609_2019-12-26_1_L.png,1.0,0.009283925406634808,0.03934117779135704,0.26177525520324707,0.31481031780766155
val,central,5_609_2019-12-26_2_R.png,1.0,0.01158138271421194,0.059432391077280045,0.2544404864311218,0.35969680902675133
val,central,2_8_2022-06-20_1_L.png,1.0,0.013319212011992931,0.057385608553886414,0.32160183787345886,0.3662158539031886
val,central,2_8_2022-06-20_6_L.png,1.0,0.013105920515954494,0.05199836939573288,0.32992497086524963,0.3564454814863645
val,central,2_8_2022-06-20_2_L.png,1.0,0.015165774151682854,0.06464501470327377,0.3106321096420288,0.3881518211766061
val,central,2_8_2022-06-20_5_L.png,1.0,0.012074094265699387,0.05073993280529976,0.2812477648258209,0.34863940061662685
val,central,2_8_2022-06-20_4_L.png,1.0,0.015381230972707272,0.062119122594594955,0.32328176498413086,0.3853453010765158
val,central,2_8_2022-06-20_3_L.png,1.0,0.0100522106513381,0.04436357319355011,0.316843181848526,0.3271220968126065
val,central,2_21_2022-04-29_4_R.png,1.0,0.009172838181257248,0.03754286468029022,0.24321609735488892,0.31132449948821556
val,central,2_21_2022-04-29_2_R.png,1.0,0.005237118806689978,0.02879934199154377,0.17229627072811127,0.275275928274178
val,central,2_21_2022-04-29_1_R.png,1.0,0.008028227835893631,0.03714752942323685,0.16433218121528625,0.3042571238411421
val,central,2_21_2022-04-29_3_R.png,1.0,0.011876141652464867,0.06769678741693497,0.2767527103424072,0.37450273132205686
val,central,2_21_2022-04-29_6_R.png,1.0,0.007275538053363562,0.029973000288009644,0.17320071160793304,0.28860922019018537
val,central,2_21_2022-04-29_5_R.png,1.0,0.007963687181472778,0.02949272096157074,0.1914011538028717,0.2917159782891924
val,central,4_7_2022-06-20_4_R.png,1.0,0.01193560566753149,0.03714210167527199,0.24873143434524536,0.3262274890905246
val,central,4_7_2022-06-20_5_R.png,1.0,0.009609832428395748,0.03925449401140213,0.21473908424377441,0.3165056387915022
val,central,4_7_2022-06-20_1_R.png,1.0,0.00932967197149992,0.04006613418459892,0.23193711042404175,0.31622098195154896
val,central,4_7_2022-06-20_3_R.png,1.0,0.01106370147317648,0.04561890661716461,0.21862713992595673,0.33480885404119776
val,central,4_7_2022-06-20_2_R.png,1.0,0.01075967587530613,0.05018628388643265,0.23719269037246704,0.3403649920724671
val,central,4_7_2022-06-20_6_R.png,1.0,0.008865137584507465,0.03748312219977379,0.23917005956172943,0.309498638776131
val,central,5_336_2021-09-03_3_R.png,1.0,0.0181534755975008,0.06648311764001846,0.23113194108009338,0.4078818964814259
val,central,5_336_2020-12-25_2_R.png,1.0,0.020226433873176575,0.061190422624349594,0.2197836935520172,0.41112209016626533
val,central,5_336_2021-05-09_1_R.png,1.0,0.020784735679626465,0.06036541983485222,0.18865911662578583,0.4129500333897092
val,central,5_336_2021-09-03_4_R.png,1.0,0.018899254500865936,0.06818395107984543,0.2334054708480835,0.4147827741943977
val,central,5_336_2020-10-08_1_R.png,1.0,0.016952816396951675,0.049871526658535004,0.21018466353416443,0.3747006573714316
val,central,5_336_2020-10-08_2_R.png,1.0,0.020742012187838554,0.06029773876070976,0.21498003602027893,0.41260203931226647
val,central,1_82_2018-12-06_2_R.png,1.0,0.008634709753096104,0.042467426508665085,0.2553270757198334,0.3161320572613146
val,central,1_82_2020-12-10_2_R.png,1.0,0.007171268109232187,0.04373830184340477,0.206393301486969,0.30992204513802957
val,central,1_82_2020-12-10_1_L.png,1.0,0.006639000028371811,0.03477289900183678,0.19252866506576538,0.2926648962988772
val,central,1_82_2022-05-07_1_L.png,1.0,0.006578398868441582,0.0275877695530653,0.20186282694339752,0.2808931270148605
val,central,1_82_2018-12-06_1_L.png,1.0,0.008196545764803886,0.049119070172309875,0.26872098445892334,0.32424954520115123
val,central,1_82_2022-05-07_2_R.png,1.0,0.007205410394817591,0.03708449751138687,0.21342551708221436,0.29952849769350987
val,central,5_627_2022-06-29_7_L.png,1.0,0.01581968553364277,0.0540783628821373,0.31151771545410156,0.37501949025741355
val,central,5_627_2022-06-29_12_R.png,1.0,0.008045099675655365,0.022679466754198074,0.2582190930843353,0.28133465551178566
val,central,5_627_2022-06-29_11_L.png,1.0,0.008174033835530281,0.029311668127775192,0.2262239158153534,0.2926111396190456
val,central,5_627_2022-06-29_8_L.png,1.0,0.013833279721438885,0.0740305706858635,0.2793993353843689,0.39558810634242203
val,central,5_627_2022-06-29_9_L.png,1.0,0.01734042353928089,0.06759278476238251,0.3249604403972626,0.4050738581667908
val,central,5_627_2022-06-29_13_L.png,1.0,0.014608798548579216,0.0443929061293602,0.3088024854660034,0.35279956976883114
val,central,4_24_2020-08-19_6_R.png,1.0,0.017958788201212883,0.05615775287151337,0.22968655824661255,0.39036006320013916
val,central,4_24_2020-09-07_1_L.png,1.0,0.015142910182476044,0.05258544534444809,0.22934189438819885,0.36883753282441334
val,central,4_24_2020-08-19_5_R.png,1.0,0.012323092669248581,0.06894177943468094,0.1728707104921341,0.3789974999106066
val,central,4_24_2020-09-07_2_R.png,1.0,0.013912730850279331,0.04194309562444687,0.2164633870124817,0.3449867631626231
val,central,4_24_2020-08-19_4_L.png,1.0,0.01675776019692421,0.05638864263892174,0.23534199595451355,0.3839716053059833
val,central,5_357_2022-05-04_8_L.png,1.0,0.014773523434996605,0.058132994920015335,0.2008562684059143,0.3755853794218803
val,central,5_357_2022-05-04_9_L.png,1.0,0.016153156757354736,0.052147120237350464,0.21347209811210632,0.37382283441045067
val,central,5_357_2022-05-04_7_L.png,1.0,0.015539533458650112,0.05108623951673508,0.2031760811805725,0.36868343857243996
val,central,5_357_2022-05-04_11_L.png,1.0,0.013735520653426647,0.05416766181588173,0.20380380749702454,0.3634381292917004
val,central,5_357_2022-05-04_10_L.png,1.0,0.014331841841340065,0.04972130060195923,0.1987818479537964,0.35971867949701847
val,central,5_75_2022-03-13_4_R.png,0.9686780406112623,0.024349121376872063,0.11944893002510071,0.19068756699562073,0.526996196421202
val,central,5_75_2022-03-13_3_R.png,1.0,0.015934646129608154,0.06619255244731903,0.22074750065803528,0.39493871791796253
val,central,5_75_2022-03-13_5_R.png,0.9888397529830437,0.026630431413650513,0.11494723707437515,0.23658344149589539,0.5326667811382901
val,central,5_75_2022-03-13_1_R.png,1.0,0.01594001241028309,0.058220136910676956,0.2251739501953125,0.38228551489301027
val,central,5_75_2022-03-13_2_R.png,0.9996859953945991,0.02665272355079651,0.099920853972435,0.25060001015663147,0.508886564929377
val,central,1_96_2020-08-19_2_R.png,1.0,0.006523206364363432,0.044792257249355316,0.1619989573955536,0.3079534450598823
val,central,1_96_2020-08-19_1_R.png,1.0,0.005069493316113949,0.024672260507941246,0.11538916826248169,0.267767223438502
val,central,1_96_2020-03-17_3_R.png,1.0,0.008651691488921642,0.03550393134355545,0.2161991447210312,0.3051492917626588
val,central,1_96_2020-03-17_2_R.png,1.0,0.007858257740736008,0.04465644806623459,0.19834208488464355,0.31524704898792233
val,central,1_96_2020-03-17_1_R.png,1.0,0.008850766345858574,0.04984161630272865,0.19217698276042938,0.32907904117706827
val,central,5_654_2022-04-26_1_R.png,1.0,0.008017347194254398,0.035820748656988144,0.1746138632297516,0.3020851326492531
val,central,5_654_2022-04-26_2_R.png,1.0,0.007016661111265421,0.03616330027580261,0.23621931672096252,0.2970012419169176
val,central,5_654_2022-04-26_11_R.png,1.0,0.007607370615005493,0.032056841999292374,0.17784863710403442,0.2937909810719165
val,central,5_654_2022-04-26_3_R.png,1.0,0.0076753003522753716,0.037348758429288864,0.15894895792007446,0.3025920438008722
val,central,5_654_2022-04-26_5_R.png,1.0,0.008377719670534134,0.036848168820142746,0.18805913627147675,0.30574675990607253
val,central,4_66_2022-02-27_4_R.png,1.0,0.018492398783564568,0.06102936342358589,0.23115012049674988,0.4011119122405282
val,central,4_66_2022-02-27_2_R.png,1.0,0.016194596886634827,0.05944395437836647,0.22893786430358887,0.3856645349074494
val,central,4_66_2022-02-27_3_R.png,1.0,0.011434106156229973,0.04559434577822685,0.18340802192687988,0.33685330632142724
val,central,4_66_2022-02-27_5_R.png,1.0,0.017694739624857903,0.059016089886426926,0.21315425634384155,0.39342214430005035
val,central,4_66_2022-02-27_1_R.png,1.0,0.01808926835656166,0.06337127089500427,0.2261093407869339,0.4025700654749843
val,central,2_25_2021-07-07_2_L.png,1.0,0.009311707690358162,0.04556813836097717,0.22998973727226257,0.32487312133254653
val,central,2_25_2021-05-21_2_R.png,1.0,0.00860579777508974,0.04038563370704651,0.22128556668758392,0.3126574842915447
val,central,2_25_2021-05-21_1_L.png,1.0,0.009248240850865841,0.04159284010529518,0.23056131601333618,0.3181917822263627
val,central,2_25_2021-05-21_3_R.png,1.0,0.00902015995234251,0.03884100541472435,0.22342857718467712,0.31253090834626085
val,central,2_25_2021-07-07_1_L.png,1.0,0.009376437403261662,0.046049684286117554,0.228408083319664,0.3260033217576248
val,central,5_425_2022-06-13_4_R.png,1.0,0.008909911848604679,0.04208972305059433,0.20138508081436157,0.31707917718343775
val,central,5_425_2022-06-13_1_R.png,1.0,0.008328717201948166,0.035928260535001755,0.165083110332489,0.30400763056664304
val,central,5_425_2022-06-13_6_R.png,1.0,0.01027674786746502,0.04267224669456482,0.17312315106391907,0.3256943719503893
val,central,5_425_2022-06-13_2_R.png,1.0,0.01717524603009224,0.06879398971796036,0.3076018691062927,0.4060557425614785
val,central,5_425_2022-06-13_3_R.png,1.0,0.009900347329676151,0.05300702527165413,0.16785801947116852,0.3400188121161508
val,central,5_226_2020-11-24_2_L.png,1.0,0.019174780696630478,0.056128982454538345,0.22903487086296082,0.3971542498689484
val,central,5_226_2020-11-24_1_L.png,1.0,0.01687462069094181,0.04394809156656265,0.2074461579322815,0.3648371597878974
val,central,5_226_2020-12-09_1_R.png,1.0,0.022921167314052582,0.056156449019908905,0.19101819396018982,0.41827137140049175
val,central,5_226_2020-12-01_2_R.png,1.0,0.018519127741456032,0.06925875693559647,0.21973773837089539,0.41435447957959365
val,central,5_226_2020-12-01_1_L.png,1.0,0.013777969405055046,0.05074114352464676,0.20258502662181854,0.3582256244199181
val,central,1_170_2021-04-01_1_R.png,1.0,0.009932564571499825,0.049627095460891724,0.20905524492263794,0.33482287303883246
val,central,1_170_2021-04-01_2_R.png,1.0,0.009903375059366226,0.053138431161642075,0.21887734532356262,0.34024489792063833
val,central,1_170_2021-04-01_3_R.png,1.0,0.009341363795101643,0.046229369938373566,0.1992216408252716,0.3260918962494047
val,central,1_170_2021-04-11_1_R.png,1.0,0.008697684854269028,0.03741338849067688,0.2242104560136795,0.30844577717679467
val,central,1_170_2021-04-01_4_R.png,1.0,0.00960528664290905,0.047880351543426514,0.21232225000858307,0.33020302391272377
val,central,4_92_2021-03-16_1_R.png,1.0,0.0100485198199749,0.04494130238890648,0.21060848236083984,0.3280204505151646
val,central,4_92_2020-03-04_1_R.png,1.0,0.009220698848366737,0.05260557681322098,0.23200637102127075,0.33555712140673266
val,central,4_92_2021-03-16_2_L.png,1.0,0.007021953351795673,0.025594059377908707,0.19247761368751526,0.2802163093414327
val,central,4_92_2020-03-04_2_L.png,1.0,0.008054738864302635,0.032355017960071564,0.22510883212089539,0.2967817983209071
val,central,4_92_2021-07-26_1_L.png,1.0,0.007191746961325407,0.024309230968356133,0.19776540994644165,0.279127353198022
val,central,1_146_2021-11-03_1_L.png,1.0,0.0092681385576725,0.04772110655903816,0.21571595966815948,0.32805322163992306
val,central,1_146_2021-11-03_2_L.png,1.0,0.00855259783565998,0.03474712744355202,0.21398144960403442,0.30338788375851106
val,central,1_146_2021-11-03_3_R.png,1.0,0.008418835699558258,0.044015269726514816,0.21644997596740723,0.3173802435567433
val,central,1_146_2019-06-10_1_L.png,1.0,0.009209883399307728,0.036692555993795395,0.23616249859333038,0.31018011502032594
val,central,1_146_2019-06-10_2_R.png,1.0,0.008949321694672108,0.0543038435280323,0.2406071424484253,0.336732412872582
val,central,5_693_2022-06-24_4_R.png,1.0,0.013224688358604908,0.05598362907767296,0.2717304229736328,0.36345373645890505
val,central,5_693_2022-06-24_1_R.png,1.0,0.011292697861790657,0.044297635555267334,0.23817020654678345,0.33399493658322504
val,central,5_693_2022-06-24_3_R.png,1.0,0.012591199018061161,0.05801841989159584,0.21779131889343262,0.3631275261223147
val,central,5_693_2022-06-24_2_R.png,1.0,0.009007910266518593,0.04764695465564728,0.21179279685020447,0.32647146856496956
val,central,5_693_2022-06-24_5_R.png,1.0,0.012517975643277168,0.03498772159218788,0.2599976360797882,0.32607589734464204
val,central,1_190_2021-10-18_4_R.png,1.0,0.011727262288331985,0.04248087853193283,0.1810569316148758,0.3335490662181242
val,central,1_190_2021-10-18_1_R.png,1.0,0.017013583332300186,0.07349024713039398,0.176896333694458,0.41261770849708806
val,central,1_190_2021-10-18_3_L.png,0.9994515236163727,0.012168830260634422,0.04502032324671745,0.1717080920934677,0.3400729117449373
val,central,1_190_2021-10-18_5_R.png,1.0,0.012345786206424236,0.03934182599186897,0.1792183816432953,0.33203431603456424
val,central,1_190_2021-10-18_2_L.png,1.0,0.012268726713955402,0.04515271261334419,0.2137708067893982,0.340845448741774
val,central,5_463_2022-02-27_4_L.png,1.0,0.019573630765080452,0.06473485380411148,0.222481369972229,0.41308894046920946
val,central,5_463_2022-02-27_5_L.png,1.0,0.01637575402855873,0.06637213379144669,0.21340572834014893,0.3977056474424899
val,central,5_463_2022-02-27_1_L.png,1.0,0.01937446929514408,0.062332358211278915,0.2210146188735962,0.408146505121311
val,central,5_463_2022-02-27_2_L.png,1.0,0.01139839831739664,0.047738317400217056,0.19866569340229034,0.34006331367206505
val,central,5_463_2022-02-27_3_L.png,1.0,0.019620034843683243,0.0660003051161766,0.23516424000263214,0.41536318140781736
val,central,5_550_2021-06-28_6_R.png,1.0,0.015982313081622124,0.04851831495761871,0.2234148532152176,0.36708873942579057
val,central,5_550_2021-06-28_3_R.png,1.0,0.016699910163879395,0.05325320363044739,0.21513386070728302,0.37865800044753334
val,central,5_550_2021-06-06_2_R.png,1.0,0.013785858638584614,0.050699058920145035,0.2312072515487671,0.35820304857863283
val,central,5_550_2021-06-28_4_R.png,1.0,0.01459439191967249,0.052011776715517044,0.23663929104804993,0.3648394629592076
val,central,5_550_2021-06-28_5_R.png,1.0,0.014943714253604412,0.04958080127835274,0.2343597114086151,0.36293694016481326
val,central,2_58_2021-08-25_5_R.png,1.0,0.00786594394594431,0.04010184854269028,0.2087562084197998,0.3080443301047622
val,central,2_58_2021-08-25_4_R.png,1.0,0.007489214651286602,0.0381634347140789,0.20889917016029358,0.30284138764043084
val,central,2_58_2021-08-25_3_R.png,1.0,0.007121724542230368,0.032906025648117065,0.20463454723358154,0.292410195899323
val,central,2_58_2021-08-25_1_L.png,1.0,0.009075028821825981,0.03302101790904999,0.2153288573026657,0.30358047470535066
val,central,2_58_2021-08-25_2_L.png,1.0,0.008359347470104694,0.03175799921154976,0.21819694340229034,0.2975454191740772
val,central,5_375_2022-01-08_6_L.png,1.0,0.00746558653190732,0.029218005016446114,0.1764632612466812,0.28847711404087023
val,central,5_375_2022-01-08_8_L.png,1.0,0.007326787803322077,0.028678536415100098,0.1788274347782135,0.2868381256904369
val,central,5_375_2022-01-08_7_R.png,0.9999501114178335,0.016879567876458168,0.06740441173315048,0.23587368428707123,0.4021818606987257
val,central,5_375_2022-01-08_4_R.png,1.0,0.01240194495767355,0.058405350893735886,0.216691255569458,0.3626785440814935
val,central,5_375_2022-01-08_2_R.png,1.0,0.011942429468035698,0.042057834565639496,0.18658888339996338,0.3340863571121273
val,central,5_644_2022-02-11_2_L.png,1.0,0.011594027280807495,0.05096526816487312,0.2595786452293396,0.3462975118986585
val,central,5_644_2022-02-11_1_L.png,1.0,0.010570742189884186,0.0333462730050087,0.23289325833320618,0.3125113136897033
val,central,5_644_2022-02-11_1_L.png,1.0,0.010570742189884186,0.0333462730050087,0.23289325833320618,0.3125113136897033
val,central,5_644_2022-02-11_3_L.png,1.0,0.010602454654872417,0.04501282796263695,0.22828298807144165,0.3312501246469434
val,central,3_148_2022-03-30_1_R.png,1.0,0.007836376316845417,0.03122672624886036,0.21791483461856842,0.29375849945089694
val,central,3_148_2021-12-09_9_R.png,1.0,0.008278725668787956,0.02678346447646618,0.20131102204322815,0.289177889008583
val,central,3_148_2022-03-30_2_L.png,1.0,0.007066153455525637,0.0263416338711977,0.2054920643568039,0.28165425798241894
val,central,3_148_2021-12-09_10_R.png,1.0,0.010516808368265629,0.04532647877931595,0.19434551894664764,0.3312673542204059
val,central,1_165_2021-07-18_2_R.png,1.0,0.0075655244290828705,0.03072301484644413,0.20845557749271393,0.2914335985329341
val,central,1_165_2021-07-18_1_L.png,1.0,0.006181415636092424,0.027091868221759796,0.20314958691596985,0.27787116239672865
val,central,1_165_2020-07-25_1_L.png,1.0,0.006972194649279118,0.0350511334836483,0.22202947735786438,0.2949817618079992
val,central,1_165_2020-07-25_2_R.png,1.0,0.007305004633963108,0.034089382737874985,0.2062404453754425,0.2953237599672072
val,central,5_730_2021-04-26_1_L.png,1.0,0.008865096606314182,0.032283175736665726,0.2148526906967163,0.3012257661733946
val,central,5_730_2021-08-16_3_R.png,1.0,0.024493105709552765,0.08349283039569855,0.2937857508659363,0.470603222518482
val,central,5_730_2021-07-31_2_R.png,1.0,0.01010099332779646,0.04426129162311554,0.23526796698570251,0.32723377868744796
val,central,5_730_2021-04-26_2_R.png,1.0,0.006678158417344093,0.03496786952018738,0.23477107286453247,0.29319534260694957
val,central,3_153_2021-07-14_2_R.png,1.0,0.012413221411406994,0.0652395561337471,0.20273342728614807,0.37361457337921655
val,central,3_153_2021-07-14_1_R.png,1.0,0.010075593367218971,0.06817706674337387,0.21964648365974426,0.36513872796415603
val,central,3_153_2021-07-14_4_L.png,1.0,0.01170202437788248,0.06899629533290863,0.20328617095947266,0.3755907206097618
val,central,3_153_2021-07-14_3_L.png,1.0,0.009949781000614166,0.07874263823032379,0.2272828072309494,0.3812398971312425
val,central,1_105_2020-04-14_2_R.png,1.0,0.006541259586811066,0.04215601086616516,0.23556189239025116,0.30386096609925684
val,central,1_105_2019-09-15_1_L.png,1.0,0.006501166615635157,0.029863476753234863,0.24024587869644165,0.2840791388658214
val,central,1_105_2019-09-15_2_R.png,1.0,0.007859512232244015,0.039263296872377396,0.2346322238445282,0.30667409223970027
val,central,1_105_2020-04-14_1_L.png,1.0,0.006636688485741615,0.027451936155557632,0.23254793882369995,0.2810049075252292
val,central,1_45_2022-03-06_2_L.png,1.0,0.009938758797943592,0.03562699630856514,0.21576735377311707,0.3125848305475136
val,central,1_45_2019-03-25_2_R.png,1.0,0.010041313245892525,0.04233768582344055,0.21878992021083832,0.32383779627271
val,central,1_45_2019-03-25_1_L.png,1.0,0.010313221253454685,0.050251252949237823,0.2675532400608063,0.33795704469719734
val,central,1_45_2022-03-06_1_R.png,1.0,0.010560744442045689,0.04530876502394676,0.22061249613761902,0.33148631366096776
val,central,5_321_2021-09-15_1_R.png,1.0,0.008805136196315289,0.02793705463409424,0.18259486556053162,0.29397420529487794
val,central,5_321_2021-09-09_2_R.png,1.0,0.00867271889001131,0.0285233985632658,0.18866708874702454,0.2941621778342365
val,central,5_321_2021-09-09_1_R.png,1.0,0.008385282941162586,0.02830626629292965,0.1803344041109085,0.2921999129191549
val,central,5_321_2021-09-15_2_R.png,1.0,0.008597968146204948,0.028002414852380753,0.18824104964733124,0.2929128671784631
val,central,5_18_2021-08-13_1_R.png,1.0,0.013844318687915802,0.06479956954717636,0.20839622616767883,0.38096451689912514
val,central,5_18_2021-08-13_2_R.png,1.0,0.01379955094307661,0.06473872065544128,0.21647775173187256,0.3806158932793716
val,central,5_18_2021-08-21_1_R.png,1.0,0.011933203786611557,0.07636557519435883,0.20587629079818726,0.3886149591088972
val,central,5_18_2021-08-21_2_R.png,1.0,0.01131625846028328,0.05893712118268013,0.2018739879131317,0.35741755572063
test,full,1_200_2021-05-13_4_R.png,0.966796875,0.01650548167526722,0.06357048451900482,0.1612773984670639,0.3939781961581585
test,full,1_200_2021-05-13_3_R.png,0.966796875,0.017874451354146004,0.0698562040925026,0.1622348129749298,0.4116786590142345
test,full,1_200_2021-05-13_2_L.png,0.9653968811035156,0.017086168751120567,0.05917792394757271,0.16460886597633362,0.39025639641437343
test,full,1_200_2021-05-13_1_R.png,0.961273193359375,0.019623758271336555,0.06294898688793182,0.1636102795600891,0.410529755779796
test,full,1_26_2020-11-20_3_R.png,0.9650154113769531,0.022384678944945335,0.07909714430570602,0.16607213020324707,0.4517501850062135
test,full,1_26_2020-11-20_2_R.png,0.7856674194335938,0.014607689343392849,0.10094724595546722,0.1571190357208252,0.4427661438493735
test,full,1_26_2020-11-20_4_L.png,0.9587364196777344,0.022087011486291885,0.07980192452669144,0.16846853494644165,0.45119704681194645
test,full,1_26_2020-11-20_1_R.png,0.7818450927734375,0.01977410353720188,0.1056375652551651,0.1451219916343689,0.4792890953027051
test,full,3_27_2019-04-25_1_L.png,0.6597137451171875,0.02303626947104931,0.1149592325091362,0.14142923057079315,0.512468703857369
test,full,3_27_2019-03-06_1_R.png,0.6774063110351562,0.0204164981842041,0.11517363041639328,0.1452454924583435,0.4980735779485919
test,full,3_27_2019-04-25_2_R.png,0.656036376953125,0.019783958792686462,0.11314351111650467,0.14285418391227722,0.4912858086214824
test,full,3_27_2019-03-06_2_L.png,0.6559562683105469,0.01857137680053711,0.11915012449026108,0.13953451812267303,0.4940210107375275
test,full,5_238_2021-03-09_2_L.png,0.7294692993164062,0.012237278744578362,0.08651591092348099,0.1304894983768463,0.4064736421347003
test,full,5_238_2021-03-16_1_L.png,0.7082672119140625,0.012896471656858921,0.08836715668439865,0.12481044232845306,0.4131267659768293
test,full,5_238_2021-03-16_3_R.png,0.9650917053222656,0.02125335857272148,0.07083761692047119,0.16769015789031982,0.43224635070867157
test,full,5_238_2021-03-09_1_R.png,0.9631423950195312,0.02009124681353569,0.06649341434240341,0.16757239401340485,0.4187982406890528
test,full,5_192_2021-06-04_1_L.png,0.9651679992675781,0.02214936539530754,0.07314339280128479,0.16403347253799438,0.44095466889610346
test,full,5_192_2022-03-08_2_L.png,0.9666862487792969,0.02431674301624298,0.06986427307128906,0.1656751036643982,0.44792938662523574
test,full,5_192_2022-03-08_1_L.png,0.9667320251464844,0.024453777819871902,0.07310100644826889,0.16710932552814484,0.45384955594993454
test,full,5_192_2021-06-04_2_L.png,0.9658050537109375,0.024254124611616135,0.07346122711896896,0.16633540391921997,0.4532995849932459
test,full,5_567_2019-05-17_1_R.png,0.6541099548339844,0.020677877590060234,0.11088915169239044,0.1406058669090271,0.49272762095470996
test,full,5_567_2019-05-24_1_R.png,0.6592178344726562,0.022763870656490326,0.11077345162630081,0.14103540778160095,0.5042772636664185
test,full,5_567_2019-06-14_2_R.png,0.651397705078125,0.023647846654057503,0.11693872511386871,0.14025576412677765,0.5190580182920463
test,full,5_567_2019-05-17_2_L.png,0.6535148620605469,0.018235862255096436,0.1068601980805397,0.13658471405506134,0.4725815857675943
test,full,3_14_2021-01-27_3_R.png,0.7850570678710938,0.017925677821040154,0.10962473601102829,0.1676362156867981,0.47523492685180496
test,full,3_14_2021-01-27_1_L.png,0.9599189758300781,0.015888908877968788,0.05325477942824364,0.16693730652332306,0.37409862516532566
test,full,3_14_2021-01-27_2_L.png,0.7702522277832031,0.026547113433480263,0.13510552048683167,0.17427301406860352,0.5642681138378314
test,full,3_14_2021-01-27_4_R.png,0.7738265991210938,0.014725321903824806,0.0872979462146759,0.14794379472732544,0.4217130319596353
test,full,5_39_2021-11-14_2_L.png,0.9524040222167969,0.027417002245783806,0.08414478600025177,0.171615868806839,0.48808734263293446
test,full,5_39_2021-11-14_5_L.png,0.7587738037109375,0.02287166379392147,0.12633636593818665,0.15031403303146362,0.529642781924287
test,full,5_39_2021-11-14_3_L.png,0.7423133850097656,0.025007305666804314,0.12470511347055435,0.14913418889045715,0.539060593078929
test,full,5_39_2021-11-14_4_L.png,0.7576065063476562,0.021636832505464554,0.11804699152708054,0.1461888551712036,0.509509214818139
test,full,5_35_2021-07-27_1_R.png,0.9563064575195312,0.024895699694752693,0.08523096144199371,0.16261394321918488,0.47563302216797393
test,full,5_35_2021-07-27_2_R.png,0.948944091796875,0.027938658371567726,0.0910082682967186,0.16580277681350708,0.5019408347212118
test,full,5_35_2021-07-27_4_R.png,0.9508132934570312,0.030811524018645287,0.10580333322286606,0.1649666279554367,0.5416383072776212
test,full,5_35_2021-08-23_1_R.png,0.9580192565917969,0.029516268521547318,0.08718179911375046,0.16722899675369263,0.5047273272055794
test,full,1_181_2019-03-01_2_R.png,0.7094802856445312,0.015125163830816746,0.10902739316225052,0.15347351133823395,0.4585317174882882
test,full,1_181_2022-07-08_1_R.png,0.7562141418457031,0.020263737067580223,0.09102129936218262,0.13280260562896729,0.45879013362679294
test,full,1_181_2019-03-01_1_L.png,0.6522254943847656,0.019243896007537842,0.11223411560058594,0.13487125933170319,0.4868011898615144
test,full,1_181_2022-07-08_2_L.png,0.7828254699707031,0.013423892669379711,0.0862041711807251,0.14269046485424042,0.4126523958709599
test,full,5_118_2022-04-21_2_L.png,0.957244873046875,0.03317335620522499,0.10011686384677887,0.1721210777759552,0.5458769575015388
test,full,5_118_2022-04-21_3_R.png,0.9667930603027344,0.03154847025871277,0.09738043695688248,0.16831247508525848,0.5323835676366633
test,full,5_118_2022-04-21_1_L.png,0.9624481201171875,0.02891910821199417,0.08697103708982468,0.16933149099349976,0.5010329972444609
test,full,5_118_2022-04-21_4_R.png,0.9667778015136719,0.030618591234087944,0.09634681791067123,0.16685400903224945,0.5255086041859944
test,full,1_143_2019-09-11_1_L.png,0.6597480773925781,0.01704367995262146,0.11103834956884384,0.1360246241092682,0.4725226195021109
test,full,1_143_2019-09-11_2_R.png,0.6602325439453125,0.01687447540462017,0.10514640808105469,0.13374409079551697,0.4621973006435755
test,full,1_143_2019-03-04_2_R.png,0.6493682861328125,0.020529458299279213,0.12359218299388885,0.14681053161621094,0.5121021304237232
test,full,1_143_2019-03-04_1_L.png,0.6484909057617188,0.021913843229413033,0.13441221415996552,0.1601240187883377,0.5371029816017571
test,full,2_100_2022-05-31_9_L.png,0.638214111328125,0.01720517687499523,0.09929671138525009,0.1062161773443222,0.45475116076201877
test,full,2_100_2022-05-31_2_L.png,0.7852630615234375,0.013637468218803406,0.09213045239448547,0.14724519848823547,0.42328193299472333
test,full,2_100_2022-05-31_13_R.png,0.7618370056152344,0.018654247745871544,0.10512500256299973,0.16848990321159363,0.4721744658298452
test,full,2_100_2022-05-31_1_R.png,0.6382293701171875,0.0234073419123888,0.12530909478664398,0.1357603818178177,0.5310216763268478
test,full,2_4_2021-10-21_3_L.png,0.9636421203613281,0.015655074268579483,0.05686906725168228,0.17023879289627075,0.3785333088429814
test,full,2_4_2021-10-21_2_R.png,0.6714439392089844,0.020777052268385887,0.11197050660848618,0.1285194605588913,0.4950058158868077
test,full,2_4_2021-10-21_1_R.png,0.9654426574707031,0.016064943745732307,0.05760767683386803,0.1675398349761963,0.3820138853508979
test,full,2_4_2021-10-21_4_R.png,0.958984375,0.018892422318458557,0.0734587162733078,0.16360485553741455,0.42313601506704634
test,full,5_179_2020-09-27_1_R.png,0.7856597900390625,0.016031522303819656,0.08868930488824844,0.1484263390302658,0.4312739343721081
test,full,5_179_2020-09-27_2_R.png,0.7855186462402344,0.01638633944094181,0.09170161932706833,0.15068551898002625,0.43806209919381545
test,full,5_179_2020-09-27_4_L.png,0.75872802734375,0.016087861731648445,0.08491890877485275,0.12950527667999268,0.4255924862005155
test,full,5_179_2020-09-27_3_L.png,0.7580909729003906,0.016281595453619957,0.08525954931974411,0.13101288676261902,0.42722416652620515
test,full,1_19_2021-10-10_2_L.png,0.9632759094238281,0.022368092089891434,0.0718044862151146,0.16564735770225525,0.4400549278933216
test,full,1_19_2020-10-25_1_L.png,0.7662277221679688,0.013720786198973656,0.08420449495315552,0.1347225457429886,0.41114111888561056
test,full,1_19_2021-10-10_1_R.png,0.9640655517578125,0.022145504131913185,0.0683421790599823,0.16439250111579895,0.4332946547010744
test,full,1_19_2020-10-25_2_R.png,0.7856979370117188,0.01377260871231556,0.0840577557682991,0.14285577833652496,0.4111991718199781
test,full,1_46_2021-07-29_1_R.png,0.7739944458007812,0.01348402164876461,0.08111384510993958,0.14110882580280304,0.4048923753582957
test,full,1_46_2021-02-28_1_R.png,0.9620361328125,0.01655614748597145,0.0553831122815609,0.16616946458816528,0.3812378264201636
test,full,1_46_2021-07-18_1_R.png,0.7103919982910156,0.01337148156017065,0.08787291496992111,0.1271519660949707,0.41501240304628895
test,full,1_46_2021-02-28_2_R.png,0.7855262756347656,0.018997270613908768,0.10792800039052963,0.16886267066001892,0.47856328418817035
test,full,1_87_2021-05-05_4_L.png,0.9653854370117188,0.01748279295861721,0.06030622497200966,0.16794800758361816,0.3942824319386008
test,full,1_87_2021-05-05_3_L.png,0.7545166015625,0.024614904075860977,0.10102566331624985,0.13213497400283813,0.4991814816116609
test,full,1_87_2021-05-05_1_R.png,0.6898002624511719,0.016145627945661545,0.09278136491775513,0.11868905276060104,0.4384258741089566
test,full,1_87_2021-05-05_2_L.png,0.9631538391113281,0.020106663927435875,0.0690469741821289,0.16807568073272705,0.42294744351794095
test,full,1_40_2019-03-21_1_R.png,0.758941650390625,0.01688919961452484,0.08816663920879364,0.12889283895492554,0.4352668556638739
test,full,1_40_2020-12-11_1_R.png,0.7540473937988281,0.013199327513575554,0.08509429544210434,0.13482213020324707,0.40962350546721027
test,full,1_40_2019-03-21_2_L.png,0.7857666015625,0.015510890632867813,0.0764535591006279,0.13032259047031403,0.4088794220154258
test,full,1_40_2020-12-11_2_L.png,0.9629325866699219,0.015557043254375458,0.05476064234972,0.16306200623512268,0.37462757204405284
test,full,5_588_2019-04-30_1_L.png,0.6594314575195312,0.017364228144288063,0.11897613853216171,0.14575642347335815,0.4869540037036958
test,full,5_588_2019-04-30_3_L.png,0.6594314575195312,0.017364228144288063,0.11897613853216171,0.14575642347335815,0.4869540037036958
test,full,5_588_2019-04-30_4_L.png,0.6603050231933594,0.022235359996557236,0.11487292498350143,0.14075744152069092,0.5078262806362048
test,full,5_588_2019-04-30_2_L.png,0.6603050231933594,0.022235359996557236,0.11487292498350143,0.14075744152069092,0.5078262806362048
test,full,1_195_2021-07-22_1_R.png,0.7855453491210938,0.014639659784734249,0.10281401872634888,0.16250638663768768,0.4459158433537761
test,full,1_195_2021-07-22_2_L.png,0.7859687805175781,0.019043052569031715,0.09328778088092804,0.1524139642715454,0.45552954937500706
test,full,1_195_2020-07-31_1_R.png,0.7854347229003906,0.01549371425062418,0.10547822713851929,0.16069112718105316,0.4549584131074053
test,full,1_195_2020-07-31_2_L.png,0.78570556640625,0.015374286100268364,0.09249002486467361,0.1509491205215454,0.4336235806896267
test,full,5_84_2021-07-06_3_R.png,0.9615936279296875,0.03510834649205208,0.09759791195392609,0.18140862882137299,0.5527538543990389
test,full,5_84_2021-09-19_1_L.png,0.9661445617675781,0.01880558766424656,0.06017274782061577,0.16423068940639496,0.4015108021441847
test,full,5_84_2021-07-06_1_L.png,0.96575927734375,0.019585156813263893,0.06352883577346802,0.16536109149456024,0.41123510944149033
test,full,5_84_2021-09-19_2_L.png,0.9612007141113281,0.02655928209424019,0.08125395327806473,0.1698405146598816,0.4786636147224768
test,full,5_27_2021-10-11_1_L.png,0.7843132019042969,0.01894807070493698,0.09723173826932907,0.1550765335559845,0.4612697540528395
test,full,5_27_2021-11-28_2_L.png,0.9664497375488281,0.026615014299750328,0.09017825126647949,0.1719825565814972,0.49317485517822207
test,full,5_27_2021-10-11_3_R.png,0.9514884948730469,0.02387552708387375,0.08002962172031403,0.17055058479309082,0.46161969258365304
test,full,5_27_2021-10-11_2_L.png,0.9551544189453125,0.020829616114497185,0.07173153012990952,0.1663070023059845,0.4312849340325391
test,full,5_313_2020-09-29_2_L.png,0.785369873046875,0.015818290412425995,0.1020016223192215,0.15899619460105896,0.4512531918050213
test,full,5_313_2020-09-29_1_R.png,0.7853965759277344,0.017557699233293533,0.09787359088659286,0.154151052236557,0.4544700436886739
test,full,5_313_2020-10-21_1_L.png,0.7854995727539062,0.014846745878458023,0.0914178341627121,0.1437726616859436,0.4289504090070047
test,full,5_313_2020-10-21_2_R.png,0.7856826782226562,0.01901942305266857,0.09769956022500992,0.1518924981355667,0.46241537321104925
test,full,5_280_2022-05-24_2_L.png,0.7650070190429688,0.031771913170814514,0.1356258988380432,0.17491161823272705,0.5944854870099914
test,full,5_280_2022-05-24_1_L.png,0.7001113891601562,0.03165716677904129,0.14348916709423065,0.17535266280174255,0.6063497835092924
test,full,5_280_2022-05-24_4_R.png,0.6812744140625,0.02670404128730297,0.14165489375591278,0.16122154891490936,0.5755702904891222
test,full,5_280_2022-05-24_3_R.png,0.6564483642578125,0.024439387023448944,0.12627525627613068,0.15032903850078583,0.5383640051734718
test,full,3_81_2021-01-22_2_L.png,0.7598075866699219,0.017227452248334885,0.08969885110855103,0.1300806850194931,0.4396071365695785
test,full,3_81_2021-01-22_1_L.png,0.7853927612304688,0.018202604725956917,0.11388922482728958,0.15426400303840637,0.483577054717832
test,full,3_81_2021-01-22_3_R.png,0.965423583984375,0.017928270623087883,0.061951644718647,0.16491077840328217,0.399405957034535
test,full,3_81_2021-06-02_3_R.png,0.7598075866699219,0.014478007331490517,0.09441094845533371,0.14773157238960266,0.43163802741857416
test,full,1_202_2021-09-12_1_R.png,0.9544830322265625,0.029662450775504112,0.09382288157939911,0.16516545414924622,0.5161149608521638
test,full,1_202_2021-09-12_2_R.png,0.9451332092285156,0.026346266269683838,0.09568461775779724,0.16249778866767883,0.5004232760180127
test,full,1_202_2021-09-12_3_L.png,0.7851524353027344,0.02334502711892128,0.11435717344284058,0.1389712393283844,0.5132476443848148
test,full,1_202_2021-09-12_4_L.png,0.9643783569335938,0.027190668508410454,0.08854901045560837,0.16378581523895264,0.49382093608464034
test,full,3_115_2022-04-16_1_R.png,0.6365547180175781,0.021388739347457886,0.13211092352867126,0.14189709722995758,0.5304881280796094
test,full,3_115_2022-02-21_2_R.png,0.6929244995117188,0.025878243148326874,0.11618535965681076,0.13100044429302216,0.5304054626179012
test,full,3_115_2022-04-16_2_L.png,0.6933631896972656,0.017903979867696762,0.10069321095943451,0.11938413232564926,0.46090363146398555
test,full,3_115_2022-02-21_1_L.png,0.9596443176269531,0.024139776825904846,0.0808885246515274,0.1732252836227417,0.4644725338640538
test,full,5_496_2019-11-04_1_R.png,0.6549110412597656,0.01990070380270481,0.12162378430366516,0.14107148349285126,0.5054338430096819
test,full,5_496_2019-05-07_1_R.png,0.78546142578125,0.01741696707904339,0.10313341021537781,0.16788163781166077,0.4620463197077201
test,full,5_496_2019-05-19_2_R.png,0.6639442443847656,0.025171037763357162,0.12199177592992783,0.1506175398826599,0.535664912761951
test,full,5_496_2019-06-13_1_R.png,0.63934326171875,0.03717145323753357,0.17142872512340546,0.16148227453231812,0.6818169417029077
test,full,5_234_2020-12-02_1_L.png,0.7858238220214844,0.01401892676949501,0.0770006850361824,0.1385011374950409,0.4013575529086996
test,full,5_234_2020-12-02_2_L.png,0.7859458923339844,0.015099693089723587,0.08088210225105286,0.14062277972698212,0.4136118453927338
test,full,5_234_2020-10-28_1_L.png,0.7858963012695312,0.014158893376588821,0.07975286990404129,0.13955174386501312,0.4065233409997414
test,full,5_234_2020-11-16_1_L.png,0.9602775573730469,0.021759355440735817,0.06899337470531464,0.16806131601333618,0.4321585613853213
test,full,5_291_2019-05-05_1_L.png,0.7855415344238281,0.018795764073729515,0.0821448341012001,0.1340080052614212,0.4364111362575469
test,full,5_291_2019-05-06_2_L.png,0.7856254577636719,0.022116370499134064,0.10219880193471909,0.1336272656917572,0.4869935871355913
test,full,5_291_2019-05-06_1_R.png,0.7855911254882812,0.015595809556543827,0.09094594419002533,0.15443506836891174,0.4324131581487811
test,full,5_291_2019-05-05_2_R.png,0.7835884094238281,0.01880752108991146,0.09264794737100601,0.14306418597698212,0.4531867678573524
test,full,1_59_2019-01-30_1_R.png,0.6600456237792969,0.02660086192190647,0.12364786118268967,0.14366832375526428,0.5463423547377302
test,full,1_59_2019-01-30_2_R.png,0.6742706298828125,0.02684161625802517,0.12615807354450226,0.14499273896217346,0.5516901175449178
test,full,1_59_2019-01-30_4_L.png,0.6602134704589844,0.03389841690659523,0.1492837816476822,0.14664649963378906,0.6281755204481834
test,full,1_59_2019-01-30_3_L.png,0.6603660583496094,0.03419860824942589,0.15315227210521698,0.1500360667705536,0.636018513388593
test,full,3_19_2021-08-06_1_L.png,0.96630859375,0.02266777865588665,0.077736996114254,0.17106026411056519,0.4511787487574938
test,full,3_19_2021-08-06_3_R.png,0.9664993286132812,0.023925641551613808,0.0790814533829689,0.1754346787929535,0.46039313683709643
test,full,3_19_2021-12-09_2_L.png,0.9658584594726562,0.025729013606905937,0.08072353154420853,0.17218264937400818,0.47314950172281406
test,full,3_19_2021-08-06_2_L.png,0.7843666076660156,0.023720938712358475,0.1017942801117897,0.1352708339691162,0.4953757258894091
test,full,5_93_2019-09-09_3_R.png,0.66033935546875,0.0243835486471653,0.11919382214546204,0.1424565315246582,0.5267839963717216
test,full,5_93_2019-09-09_1_L.png,0.6567268371582031,0.026322806254029274,0.12566016614437103,0.1451532542705536,0.5479796858631414
test,full,5_93_2019-09-09_2_L.png,0.6595573425292969,0.026722703129053116,0.13455165922641754,0.16182248294353485,0.5643746629611335
test,full,5_93_2019-08-14_1_R.png,0.6599235534667969,0.02444317564368248,0.13210324943065643,0.14680543541908264,0.5476571234535765
test,full,1_4_2019-10-10_2_L.png,0.6448860168457031,0.015605302527546883,0.11061123013496399,0.1373908519744873,0.46375223829580303
test,full,1_4_2019-02-26_2_R.png,0.7330856323242188,0.014015725813806057,0.08869723230600357,0.13344599306583405,0.41994769091675566
test,full,1_4_2019-02-26_1_L.png,0.7856101989746094,0.014290252700448036,0.07998295873403549,0.13760820031166077,0.40762828760780395
test,full,1_4_2019-10-10_1_R.png,0.6420936584472656,0.016202716156840324,0.11313191056251526,0.13873156905174255,0.47112286336804654
test,full,1_193_2019-08-22_1_R.png,0.6602096557617188,0.01951666735112667,0.11130867153406143,0.13805752992630005,0.4868632312906398
test,full,1_193_2019-08-22_3_R.png,0.6593971252441406,0.018252434208989143,0.11120201647281647,0.140492245554924,0.4795822413595901
test,full,1_193_2019-08-22_4_L.png,0.6583099365234375,0.020112289115786552,0.10810600966215134,0.13958397507667542,0.48511845982972196
test,full,1_193_2019-08-22_2_R.png,0.6560401916503906,0.01915137656033039,0.11194147169589996,0.1376190483570099,0.48581519812260837
test,full,4_82_2019-08-22_3_L.png,0.6468009948730469,0.020173922181129456,0.11365833878517151,0.13858412206172943,0.49429839669980785
test,full,4_82_2019-08-22_1_R.png,0.6596641540527344,0.022844882681965828,0.11927470564842224,0.1371508687734604,0.5182576786176386
test,full,4_82_2019-08-22_4_L.png,0.6521492004394531,0.02348310500383377,0.1178913339972496,0.1388043314218521,0.5196468606421893
test,full,4_82_2019-08-22_2_R.png,0.6563644409179688,0.01890041120350361,0.11831951141357422,0.14413903653621674,0.4945503993594849
test,full,2_207_2019-09-03_2_R.png,0.6544113159179688,0.01758541725575924,0.1113552525639534,0.1318429708480835,0.47607405568811706
test,full,2_207_2019-07-31_2_R.png,0.6481666564941406,0.018804552033543587,0.1134406328201294,0.136341854929924,0.48624933922070673
test,full,2_207_2019-09-03_1_L.png,0.6631736755371094,0.01673031784594059,0.11097189784049988,0.13506051898002625,0.470654238993302
test,full,5_732_2020-07-29_1_R.png,0.78564453125,0.01827409863471985,0.09195052832365036,0.1483098566532135,0.44907673624428834
test,full,5_732_2020-07-29_2_L.png,0.7856483459472656,0.0172419473528862,0.08813308924436569,0.14729785919189453,0.4371976867487485
test,full,5_732_2020-08-26_1_L.png,0.9621696472167969,0.028827086091041565,0.10602805763483047,0.16729538142681122,0.5308333600447936
test,full,3_102_2020-08-05_1_L.png,0.7856903076171875,0.020787188783288002,0.10128577053546906,0.14367789030075073,0.4780643900306049
test,full,3_102_2020-08-05_2_L.png,0.7854461669921875,0.0182819664478302,0.08837797492742538,0.14418181777000427,0.44343738501722163
test,full,3_102_2020-08-05_3_R.png,0.9658432006835938,0.018947117030620575,0.06059346720576286,0.16705602407455444,0.40297623112459074
test,full,5_642_2021-07-02_2_L.png,0.9663772583007812,0.025129979476332664,0.08367221802473068,0.17335198819637299,0.47447102686644277
test,full,5_642_2021-06-23_2_L.png,0.9663619995117188,0.025174153968691826,0.07990585267543793,0.1691974401473999,0.4687275635120883
test,full,5_642_2021-06-23_1_L.png,0.965728759765625,0.026191705837845802,0.08127118647098541,0.17632314562797546,0.47662341472354125
test,full,1_2_2021-11-30_1_L.png,0.9656982421875,0.027293667197227478,0.07627861946821213,0.17012038826942444,0.47487922713837843
test,full,1_2_2021-11-30_3_R.png,0.965057373046875,0.01982780359685421,0.06527271121740341,0.16165590286254883,0.41537434489635583
test,full,1_2_2021-11-30_2_L.png,0.9582099914550781,0.033775489777326584,0.10545828193426132,0.1726396679878235,0.5577616694383323
test,full,2_19_2021-03-29_1_L.png,0.7839317321777344,0.01726837083697319,0.12204007059335709,0.17445620894432068,0.4912892437201332
test,full,2_19_2021-03-29_4_R.png,0.7649040222167969,0.01628122478723526,0.11539813131093979,0.1682138592004776,0.47516982560469345
test,full,2_19_2021-03-29_3_L.png,0.7728996276855469,0.017279982566833496,0.11680147796869278,0.17601104080677032,0.48302043507044967
test,full,3_155_2021-03-12_1_R.png,0.725921630859375,0.015658508986234665,0.09291654825210571,0.1236366480588913,0.43590089435773816
test,full,3_155_2020-12-25_1_R.png,0.9630126953125,0.020456558093428612,0.07002495229244232,0.16445505619049072,0.42647147246805783
test,full,3_155_2020-10-11_1_R.png,0.7855300903320312,0.016246220096945763,0.09565407782793045,0.1566045731306076,0.44356193004430017
test,full,1_188_2022-01-08_1_R.png,0.9654808044433594,0.01690869964659214,0.05792061984539032,0.16957880556583405,0.38725787617520174
test,full,1_188_2022-01-08_2_L.png,0.9661178588867188,0.021689431741833687,0.06962388008832932,0.16506876051425934,0.43276831732470206
test,full,1_188_2022-01-08_3_L.png,0.9659614562988281,0.017849218100309372,0.06787729263305664,0.1627824604511261,0.40838845373046667
test,full,5_439_2022-05-17_2_R.png,0.7541313171386719,0.014734955504536629,0.0881127342581749,0.1282631903886795,0.4230634746692059
test,full,5_439_2022-06-06_7_L.png,0.6602668762207031,0.023727167397737503,0.15506823360919952,0.1827748566865921,0.5801647791723636
test,full,5_439_2022-05-17_1_L.png,0.9571037292480469,0.0237030740827322,0.07470908015966415,0.17320486903190613,0.4521851465148343
test,full,5_155_2022-02-13_3_L.png,0.7788581848144531,0.014922349713742733,0.08761967718601227,0.14118924736976624,0.4233331581175497
test,full,5_155_2022-02-13_1__L.png,0.7164382934570312,0.02400982193648815,0.10514043271541595,0.12800756096839905,0.5023241186218167
test,full,5_155_2022-02-13_2_R.png,0.7572860717773438,0.0249946191906929,0.1150314211845398,0.14655077457427979,0.5235992666503244
test,full,4_34_2021-06-07_2_R.png,0.9653587341308594,0.026130948215723038,0.08264623582363129,0.16944988071918488,0.47846923161467364
test,full,4_34_2021-05-22_1_R.png,0.9650077819824219,0.027143610641360283,0.0861629918217659,0.17002975940704346,0.4897602968468246
test,full,4_34_2021-06-07_1_L.png,0.7854995727539062,0.015100756660103798,0.09569590538740158,0.15591618418693542,0.4371852420566773
test,full,3_161_2021-05-18_2_L.png,0.9628181457519531,0.017727386206388474,0.06069711968302727,0.16454216837882996,0.39628014690666036
test,full,3_161_2021-05-18_1_L.png,0.7808570861816406,0.017237648367881775,0.10008096694946289,0.14986468851566315,0.4561814922162078
test,full,3_161_2021-05-18_3_R.png,0.9659309387207031,0.023962153121829033,0.0765262246131897,0.16764068603515625,0.4565333777403628
test,full,5_467_2021-10-16_3_R.png,0.9636764526367188,0.019948476925492287,0.07486826181411743,0.1635911464691162,0.4313187810465355
test,full,5_467_2021-10-16_1_R.png,0.9617767333984375,0.019431130960583687,0.07605623453855515,0.1623315066099167,0.4302986666009846
test,full,5_467_2021-10-16_2_L.png,0.7820587158203125,0.022524068132042885,0.11102142184972763,0.167591854929924,0.5033228725491261
test,full,2_149_2021-02-06_1_L.png,0.7548789978027344,0.013123131357133389,0.09534949064254761,0.13785520195960999,0.4255099853606556
test,full,2_149_2021-02-06_3_L.png,0.7857666015625,0.014001437462866306,0.09256050735712051,0.15719211101531982,0.4260134383422238
test,full,2_149_2021-02-06_2_R.png,0.7193489074707031,0.014901245012879372,0.0924079492688179,0.1229192316532135,0.43083214976147494
test,full,5_139_2021-11-23_1_R.png,0.6531715393066406,0.02344086393713951,0.14246827363967896,0.16328349709510803,0.558508931345899
test,full,5_139_2021-11-18_1_R.png,0.6536140441894531,0.03093673102557659,0.16518042981624603,0.18306273221969604,0.6368061594538053
test,full,5_139_2021-11-18_2_R.png,0.7509994506835938,0.022661037743091583,0.11849706619977951,0.1615958958864212,0.5159863971681757
test,full,5_490_2022-03-31_2_L.png,0.961944580078125,0.026087500154972076,0.098098523914814,0.16967518627643585,0.5028080218725584
test,full,5_490_2022-03-31_3_L.png,0.962310791015625,0.02592196688055992,0.09625344723463058,0.17051835358142853,0.49894154794006185
test,full,5_490_2022-03-31_1_R.png,0.742431640625,0.014912344515323639,0.10096026957035065,0.1389741152524948,0.4445005485787988
test,full,5_158_2022-03-06_2_R.png,0.778411865234375,0.019839320331811905,0.10367023199796677,0.1508246660232544,0.4765260914086618
test,full,5_158_2022-03-06_3_L.png,0.784637451171875,0.02077302895486355,0.10098205506801605,0.1468730866909027,0.4775015572974966
test,full,5_158_2022-03-06_1_R.png,0.7726974487304688,0.021825220435857773,0.1032821536064148,0.150661900639534,0.4870793820528144
test,full,5_573_2021-06-09_2_R.png,0.9333572387695312,0.01728910021483898,0.07020973414182663,0.16046550869941711,0.40894849302501163
test,full,5_573_2021-06-09_3_R.png,0.9446563720703125,0.019897399470210075,0.07623503357172012,0.1649225950241089,0.433205879974941
test,full,5_573_2021-06-09_1_L.png,0.9519996643066406,0.01950591802597046,0.07043888419866562,0.164291650056839,0.42178265012123367
test,full,5_74_2018-11-29_3_L.png,0.6442527770996094,0.025951197370886803,0.12403319776058197,0.14263972640037537,0.5433010271030732
test,full,5_74_2018-12-04_1_L.png,0.6556282043457031,0.026096051558852196,0.12235912680625916,0.1402110904455185,0.5414525372103196
test,full,5_74_2018-11-29_2_L.png,0.6476211547851562,0.02918185107409954,0.1351107656955719,0.1464320421218872,0.5790968577165834
test,full,5_701_2021-07-25_2_R.png,0.9658203125,0.03881901502609253,0.10631308704614639,0.18165084719657898,0.5874914161860942
test,full,5_701_2021-07-25_3_L.png,0.9661636352539062,0.029845785349607468,0.08993290364742279,0.16881543397903442,0.5109576165760783
test,full,5_701_2021-07-25_1_R.png,0.9667167663574219,0.022717807441949844,0.07675246894359589,0.16722135245800018,0.44989386745305227
test,full,5_261_2021-05-29_1_R.png,0.9663887023925781,0.01593705080449581,0.05813641846179962,0.16945530474185944,0.3821356674190611
test,full,5_261_2021-05-29_2_L.png,0.9666099548339844,0.015316243283450603,0.05735872685909271,0.16262000799179077,0.3774063884725117
test,full,5_261_2021-06-11_1_R.png,0.9583740234375,0.016102246940135956,0.05760984495282173,0.1685665100812912,0.38222716509957205
test,full,2_126_2019-07-03_3_R.png,0.6594047546386719,0.02667003683745861,0.11728156358003616,0.1342179924249649,0.5366032629062167
test,full,2_126_2019-07-03_1_L.png,0.6583137512207031,0.017768146470189095,0.11531849205493927,0.14092275500297546,0.4834070612549443
test,full,2_126_2019-07-03_2_R.png,0.6397018432617188,0.0309431254863739,0.1471012383699417,0.14180709421634674,0.6080797782675786
test,full,5_442_2021-01-13_2_R.png,0.7856826782226562,0.020541643723845482,0.10272631049156189,0.15933704376220703,0.4789749671832066
test,full,5_442_2020-12-30_2_R.png,0.785430908203125,0.020739350467920303,0.10686587542295456,0.15619830787181854,0.4866727391003885
test,full,5_442_2020-12-30_3_R.png,0.7855567932128906,0.023621773347258568,0.10891058295965195,0.16027657687664032,0.5061393116050485
test,full,5_67_2020-07-30_1_R.png,0.7854766845703125,0.018798038363456726,0.08967923372983932,0.12845084071159363,0.44841047400100664
test,full,5_67_2020-07-30_2_L.png,0.7837371826171875,0.023989161476492882,0.10958505421876907,0.13744543492794037,0.5092788922896778
test,full,5_67_2020-10-14_1_L.png,0.7857398986816406,0.019426880404353142,0.08356635272502899,0.1376780867576599,0.4422226725188507
test,full,4_95_2022-01-11_2_L.png,0.6445846557617188,0.020913606509566307,0.10990083962678909,0.11873278021812439,0.4924812814771113
test,full,4_95_2022-01-11_3_L.png,0.6521415710449219,0.020947208628058434,0.11822617053985596,0.12565137445926666,0.505915138028054
test,full,4_95_2022-01-11_1_L.png,0.6453285217285156,0.022222574800252914,0.1071234792470932,0.11832012981176376,0.4954257002354346
test,full,1_111_2020-10-21_3_L.png,0.7279624938964844,0.013251403346657753,0.08965431898832321,0.132258802652359,0.4171710149427368
test,full,1_111_2020-10-21_2_L.png,0.966796875,0.020098894834518433,0.06979494541883469,0.15977202355861664,0.4240936966104941
test,full,1_111_2020-10-21_1_R.png,0.966796875,0.029869504272937775,0.12307243794202805,0.17772865295410156,0.5638130218975923
test,full,4_94_2020-10-11_1_R.png,0.7855300903320312,0.016246220096945763,0.09565407782793045,0.1566045731306076,0.44356193004430017
test,full,4_94_2020-12-25_1_R.png,0.9630126953125,0.020456558093428612,0.07002495229244232,0.16445505619049072,0.42647147246805783
test,full,4_94_2021-03-12_1_R.png,0.725921630859375,0.015658508986234665,0.09291654825210571,0.1236366480588913,0.43590089435773816
test,full,1_68_2018-11-22_1_L.png,0.659149169921875,0.020143093541264534,0.11417759209871292,0.13469766080379486,0.49495107041756536
test,full,1_68_2018-11-22_3_R.png,0.6598091125488281,0.02338138222694397,0.11648374050855637,0.13892751932144165,0.5168353167447177
test,full,1_68_2018-11-22_2_R.png,0.6600341796875,0.021689947694540024,0.11268776655197144,0.13602973520755768,0.5012819480235604
test,full,3_54_2021-06-08_2_R.png,0.9655876159667969,0.014916794374585152,0.06182001903653145,0.16032476723194122,0.3822569986424324
test,full,3_54_2021-06-08_1_R.png,0.9623794555664062,0.015530944801867008,0.06407300382852554,0.15998265147209167,0.3892958887831562
test,full,3_54_2021-06-02_1_R.png,0.965362548828125,0.015151291154325008,0.05798950046300888,0.16869288682937622,0.3774820362069559
test,full,5_597_2022-06-08_2_R.png,0.7474555969238281,0.017014898359775543,0.11271121352910995,0.15233705937862396,0.4750220975245942
test,full,5_597_2022-06-08_1_L.png,0.7857017517089844,0.018500199541449547,0.09648135304450989,0.15217971801757812,0.457556684082374
test,full,5_597_2022-06-13_1_R.png,0.7845649719238281,0.019374268129467964,0.10537516325712204,0.15677595138549805,0.47662256341004233
test,full,5_366_2021-11-04_1_R.png,0.9553108215332031,0.01567636802792549,0.05774302780628204,0.1625162959098816,0.3800434780307114
test,full,5_366_2021-10-24_2_R.png,0.9609146118164062,0.016261151060461998,0.059131015092134476,0.16205322742462158,0.38554104417985813
test,full,5_366_2022-06-05_1_R.png,0.9667472839355469,0.01822965033352375,0.06401240825653076,0.16344721615314484,0.40437970535237006
test,full,3_73_2021-12-08_5_L.png,0.64349365234375,0.014224397949874401,0.0959562212228775,0.1143883466720581,0.43266986314080313
test,full,3_73_2021-12-08_3_L.png,0.6914901733398438,0.023834947496652603,0.1208612248301506,0.1568688154220581,0.5263508009893649
test,full,3_73_2021-12-08_6_L.png,0.6775321960449219,0.01703677326440811,0.10033679008483887,0.13071513175964355,0.45545856111090294
test,full,5_329_2021-04-21_3_R.png,0.95880126953125,0.03157251328229904,0.1045646145939827,0.17521384358406067,0.5439481831579045
test,full,5_329_2021-04-21_1_R.png,0.96343994140625,0.02286958508193493,0.07764875888824463,0.16618478298187256,0.45217353249900044
test,full,5_329_2021-04-21_2_L.png,0.9629478454589844,0.01611850969493389,0.062368620187044144,0.16247829794883728,0.3898894218770279
test,full,1_55_2020-07-20_3_L.png,0.9418983459472656,0.017271796241402626,0.06593985110521317,0.16248789429664612,0.40205816243436526
test,full,1_55_2020-07-20_1_R.png,0.7850265502929688,0.012662005610764027,0.08626870065927505,0.14675885438919067,0.4084694417003034
test,full,1_55_2020-07-20_2_L.png,0.7856864929199219,0.012819400988519192,0.08689084649085999,0.14933013916015625,0.4103445681595159
test,full,5_262_2021-10-21_1_L.png,0.7856636047363281,0.013105937279760838,0.0825783982872963,0.1403878927230835,0.40509562174662606
test,full,5_262_2021-10-21_5_L.png,0.9512710571289062,0.03469887003302574,0.10828446596860886,0.17829671502113342,0.5674518852494657
test,full,5_262_2021-10-21_3_L.png,0.9545707702636719,0.031543415039777756,0.08776180446147919,0.17632028460502625,0.5170527621511032
test,full,1_20_2022-04-10_2_R.png,0.9661865234375,0.016534214839339256,0.06056654080748558,0.16953636705875397,0.38936081884682855
test,full,1_20_2022-04-10_3_L.png,0.9661483764648438,0.01795131340622902,0.06795744597911835,0.16410592198371887,0.40909025651318104
test,full,1_20_2022-04-10_1_L.png,0.966796875,0.017636973410844803,0.06420116871595383,0.1634105145931244,0.4013461983932013
test,full,1_201_2020-07-19_1_R.png,0.7543106079101562,0.025134282186627388,0.1238645687699318,0.13430288434028625,0.5384376057973979
test,full,1_201_2020-07-19_2_L.png,0.9666862487792969,0.02802133373916149,0.09554558247327805,0.16529054939746857,0.5096243380357257
test,full,1_201_2020-07-19_3_L.png,0.9663009643554688,0.026875637471675873,0.09810076653957367,0.16677582263946533,0.507244862091135
test,full,1_160_2021-01-14_2_L.png,0.9632453918457031,0.018713507801294327,0.06900215148925781,0.1695781648159027,0.4150396314788271
test,full,1_160_2021-01-14_1_R.png,0.9619674682617188,0.01724494807422161,0.07064654678106308,0.163070946931839,0.4093950664328242
test,full,1_160_2021-01-14_3_L.png,0.785614013671875,0.012279707007110119,0.08133789151906967,0.14521804451942444,0.39847454296805984
test,full,1_139_2021-11-26_3_R.png,0.9610786437988281,0.01947198435664177,0.07018481194972992,0.16715911030769348,0.4211875673806803
test,full,1_139_2021-11-26_1_L.png,0.9556312561035156,0.018176035955548286,0.0664098784327507,0.16724398732185364,0.4078922815747898
test,full,1_139_2021-11-26_2_L.png,0.7754478454589844,0.024461977183818817,0.1390613615512848,0.18551497161388397,0.5588326059451156
test,full,1_155_2020-09-30_1_R.png,0.7598495483398438,0.022985156625509262,0.09753267467021942,0.13164383172988892,0.48445712481202047
test,full,1_155_2020-09-30_2_R.png,0.6939468383789062,0.020031653344631195,0.0956043004989624,0.11921530961990356,0.4647758008573543
test,full,1_155_2020-09-30_3_R.png,0.7360267639160156,0.015728503465652466,0.09553579241037369,0.1358155906200409,0.44046159264716234
test,full,1_74_2020-05-07_1_R.png,0.6600341796875,0.024644093587994576,0.12232338637113571,0.1378309428691864,0.5332284138410945
test,full,1_74_2020-01-08_1_R.png,0.6546134948730469,0.023287499323487282,0.12122464179992676,0.1385030597448349,0.5238495683763176
test,full,1_74_2020-05-07_2_R.png,0.6551933288574219,0.023086078464984894,0.12739026546478271,0.1370822638273239,0.5325255227867853
test,full,3_147_2020-10-20_4_R.png,0.7857093811035156,0.013413473032414913,0.08671823889017105,0.14963555335998535,0.4134116204053333
test,full,3_147_2020-10-20_2_L.png,0.7379417419433594,0.01494014635682106,0.09861177951097488,0.1423751711845398,0.4409206997518512
test,full,3_147_2020-10-20_3_L.png,0.7857208251953125,0.013796736486256123,0.08272892236709595,0.1423298418521881,0.40922083741011606
test,full,1_28_2020-11-11_1_R.png,0.7857894897460938,0.01270068995654583,0.08350057154893875,0.14596259593963623,0.4042831993788819
test,full,1_28_2021-03-24_1_R.png,0.72320556640625,0.014988981187343597,0.08955864608287811,0.12457747757434845,0.4267926834015684
test,full,1_28_2020-12-15_1_R.png,0.7094650268554688,0.016895176842808723,0.09105680137872696,0.12325975298881531,0.43989846284331924
test,full,1_18_2019-05-27_1_R.png,0.6602134704589844,0.015813861042261124,0.10700134932994843,0.13620398938655853,0.4591823877512731
test,full,1_18_2019-09-23_1_R.png,0.6604232788085938,0.016658775508403778,0.10672906041145325,0.13836422562599182,0.4635018447075378
test,full,1_18_2019-04-15_1_R.png,0.6593894958496094,0.017310870811343193,0.1104046031832695,0.13956163823604584,0.4730173351962797
test,full,5_373_2019-01-10_3_L.png,0.6603279113769531,0.024997279047966003,0.12738017737865448,0.14604461193084717,0.5432599768381228
test,full,5_373_2019-01-10_2_R.png,0.6593666076660156,0.02674490585923195,0.13177601993083954,0.14094510674476624,0.5600837635299698
test,full,5_373_2019-01-10_1_R.png,0.6591339111328125,0.02526409551501274,0.12483840435743332,0.13935962319374084,0.5407170896587723
test,full,5_512_2020-10-27_4_L.png,0.7811813354492188,0.01314625609666109,0.08349372446537018,0.14187029004096985,0.40677861582953484
test,full,5_512_2020-10-27_2_L.png,0.7856597900390625,0.013056553900241852,0.08357436954975128,0.14604175090789795,0.40640233997255565
test,full,5_512_2019-12-04_1_L.png,0.6568679809570312,0.014773748815059662,0.10753437876701355,0.13550251722335815,0.454179757850414
test,full,3_77_2021-01-14_2_L.png,0.757293701171875,0.01745021529495716,0.08955662697553635,0.13060885667800903,0.4406339130406691
test,full,3_77_2021-01-14_3_R.png,0.7567634582519531,0.016384655609726906,0.08736929297447205,0.1293763518333435,0.4311602902641012
test,full,3_77_2021-01-14_1_L.png,0.7566871643066406,0.017728291451931,0.0895913690328598,0.13081981241703033,0.4422533628784797
test,full,4_38_2021-12-13_2_L.png,0.6098976135253906,0.018435025587677956,0.1071590706706047,0.11493758857250214,0.47417735863392324
test,full,4_38_2021-12-13_4_L.png,0.6292533874511719,0.02385384403169155,0.11821114271879196,0.12183064967393875,0.5222410542763432
test,full,4_38_2021-12-13_16_L.png,0.6560707092285156,0.018533622846007347,0.10582565516233444,0.1270214319229126,0.4726106253579598
test,full,5_727_2022-04-28_2_R.png,0.9652976989746094,0.02728780172765255,0.09725458174943924,0.1774599254131317,0.5082170829557899
test,full,5_727_2022-05-06_1_R.png,0.9604721069335938,0.024038193747401237,0.08713306486606598,0.17256498336791992,0.4738356248433278
test,full,5_727_2022-04-28_1_L.png,0.9600753784179688,0.018437819555401802,0.06504277884960175,0.1668996512889862,0.4071898831689561
test,full,5_429_2021-03-18_3_R.png,0.7790184020996094,0.014235327951610088,0.08528286218643188,0.13702863454818726,0.4157510004789484
test,full,5_429_2021-04-01_1_L.png,0.7858467102050781,0.019130323082208633,0.09076739102602005,0.14217060804367065,0.4520107348788191
test,full,5_429_2021-04-01_3_L.png,0.7850151062011719,0.017420334741473198,0.08655235171318054,0.13558709621429443,0.4356863061008467
test,full,1_25_2019-02-09_2_L.png,0.6632728576660156,0.020663972944021225,0.11349567770957947,0.14391659200191498,0.49679615325717763
test,full,1_25_2019-02-09_3_L.png,0.6523971557617188,0.02112269587814808,0.1142934039235115,0.14156359434127808,0.500645579647442
test,full,1_25_2019-02-09_1_R.png,0.6560821533203125,0.026997053995728493,0.13950203359127045,0.15700605511665344,0.5737934821666303
test,full,5_659_2019-04-30_4_R.png,0.6524467468261719,0.023218488320708275,0.11750015616416931,0.13960057497024536,0.5175360634287989
test,full,5_659_2019-04-30_2_R.png,0.6524467468261719,0.023218488320708275,0.11750015616416931,0.13960057497024536,0.5175360634287989
test,full,5_659_2019-05-30_1_R.png,0.6531524658203125,0.017286093905568123,0.11219920963048935,0.1347174346446991,0.475733020812781
test,full,5_629_2020-12-01_1_R.png,0.7740211486816406,0.017016243189573288,0.09063127636909485,0.1390283703804016,0.439902489437637
test,full,5_629_2020-11-25_2_R.png,0.9646720886230469,0.022792622447013855,0.07638517767190933,0.16422878205776215,0.4497303748333996
test,full,5_629_2020-11-25_1_R.png,0.9646224975585938,0.022794287651777267,0.0733688697218895,0.16357070207595825,0.4449410698715259
test,full,5_633_2021-10-18_3_R.png,0.9585800170898438,0.02672475576400757,0.08393555879592896,0.16912594437599182,0.4838605947115205
test,full,5_633_2021-10-18_2_R.png,0.9613609313964844,0.02110229805111885,0.07070539146661758,0.16647103428840637,0.4311862765980715
test,full,5_633_2021-10-13_1_R.png,0.9667930603027344,0.024960918352007866,0.07662728428840637,0.17106281220912933,0.4623122089161453
test,full,2_6_2021-12-23_1_L.png,0.6240806579589844,0.01572963409125805,0.1018766313791275,0.11801184713840485,0.45055565077557486
test,full,2_6_2021-12-23_3_R.png,0.6308364868164062,0.014679571613669395,0.09108519554138184,0.09675054252147675,0.4274808559609069
test,full,2_6_2021-12-23_2_R.png,0.6198577880859375,0.014132789336144924,0.09083476662635803,0.09952607750892639,0.42400679601229385
test,full,4_37_2019-07-12_2_L.png,0.6489753723144531,0.024640729650855064,0.1265185922384262,0.13791200518608093,0.5398836828471922
test,full,4_37_2019-07-12_3_R.png,0.6358070373535156,0.017658622935414314,0.11129409819841385,0.1394272744655609,0.47638854660009117
test,full,4_37_2019-07-12_1_L.png,0.6405906677246094,0.024499328806996346,0.1393216997385025,0.13849349319934845,0.5594568832142448
test,full,1_172_2020-11-23_1_L.png,0.7856826782226562,0.012700640596449375,0.08113246411085129,0.14660629630088806,0.40051547807683663
test,full,1_172_2020-11-26_1_R.png,0.7856254577636719,0.01258284505456686,0.08146993815898895,0.14200016856193542,0.4003897686848755
test,full,1_172_2020-11-23_2_R.png,0.7820816040039062,0.012846691533923149,0.08571143448352814,0.14233654737472534,0.40862174019302155
test,full,1_50_2021-06-08_1_L.png,0.9612846374511719,0.019959717988967896,0.07248619198799133,0.16571339964866638,0.4275923554870215
test,full,1_50_2021-04-09_1_L.png,0.9515647888183594,0.022862296551465988,0.08618731796741486,0.16985517740249634,0.4657166057774289
test,full,1_50_2021-04-09_2_R.png,0.9618110656738281,0.019489658996462822,0.06612521409988403,0.16666221618652344,0.4148285361049189
test,full,5_59_2021-07-12_1_R.png,0.9609756469726562,0.020684069022536278,0.07146774977445602,0.16486163437366486,0.4300465810747648
test,full,5_59_2021-07-12_3_R.png,0.9463310241699219,0.03462700918316841,0.10810614377260208,0.18224859237670898,0.5667639735662802
test,full,5_59_2021-07-12_2_L.png,0.9661178588867188,0.016594158485531807,0.05606086924672127,0.1636888086795807,0.38252988800999116
test,full,4_13_2021-12-04_1_R.png,0.8992195129394531,0.034339580684900284,0.10083720088005066,0.17299869656562805,0.5535829609344629
test,full,4_13_2021-12-04_2_L.png,0.7855453491210938,0.014515038579702377,0.08787259459495544,0.1474759578704834,0.42144440159370955
test,full,4_13_2021-12-04_3_R.png,0.7527847290039062,0.0213190708309412,0.1000647321343422,0.1321142315864563,0.4791136654559523
test,full,1_149_2021-03-21_3_L.png,0.9667854309082031,0.022336117923259735,0.08995912969112396,0.16580629348754883,0.468757460554215
test,full,1_149_2021-03-21_1_R.png,0.9620552062988281,0.022085996344685555,0.08096397668123245,0.17148789763450623,0.4530400559771806
test,full,1_149_2021-03-21_2_L.png,0.7288322448730469,0.02498670667409897,0.1106826588511467,0.13756926357746124,0.5166362732140855
test,full,3_6_2019-06-11_2_R.png,0.64508056640625,0.02644394151866436,0.13252399861812592,0.1431969404220581,0.5595808052076874
test,full,3_6_2019-12-06_2_R.png,0.6477241516113281,0.01897631771862507,0.11591161042451859,0.13721981644630432,0.4911466219335456
test,full,3_6_2019-12-06_1_L.png,0.6600608825683594,0.020125925540924072,0.1120152696967125,0.14341425895690918,0.4914144420488314
test,full,1_64_2020-11-11_2_R.png,0.9636688232421875,0.02662310004234314,0.08263754844665527,0.17146843671798706,0.4812237648124044
test,full,1_64_2020-11-11_1_L.png,0.9545936584472656,0.03256330266594887,0.08604183048009872,0.1735345423221588,0.5200533078052103
test,full,4_90_2019-08-29_2_L.png,0.6527862548828125,0.020431356504559517,0.11695820838212967,0.1362515389919281,0.5009962573097172
test,full,4_90_2019-08-29_1_R.png,0.6555519104003906,0.02188749425113201,0.1208767369389534,0.13859273493289948,0.5154210548382252
test,full,2_121_2021-02-09_1_L.png,0.7552528381347656,0.015432925894856453,0.08845983445644379,0.12839370965957642,0.4275417629756372
test,full,2_121_2021-02-09_2_R.png,0.7855873107910156,0.012932667508721352,0.09133663773536682,0.14700202643871307,0.418054542042823
test,full,2_134_2020-12-28_2_R.png,0.9489517211914062,0.019525351002812386,0.0740092545747757,0.16626711189746857,0.42757209530523554
test,full,2_134_2020-12-28_1_L.png,0.9512710571289062,0.017438463866710663,0.05978725105524063,0.16363582015037537,0.39320744047449396
test,full,5_180_2020-09-17_2_L.png,0.7441329956054688,0.01528153382241726,0.09534285217523575,0.13409194350242615,0.43764043802988123
test,full,5_180_2020-09-17_3_L.png,0.7480087280273438,0.0194025207310915,0.09373332560062408,0.13293473422527313,0.4582603789315644
test,full,1_91_2020-11-26_2_L.png,0.7837486267089844,0.020662778988480568,0.11625730246305466,0.1511530578136444,0.5011829311832448
test,full,1_91_2020-11-26_1_R.png,0.7077217102050781,0.02523793652653694,0.11525740474462509,0.1280742734670639,0.5253274459645829
test,full,5_345_2019-01-07_1_R.png,0.6665229797363281,0.020914407446980476,0.1212553083896637,0.14787039160728455,0.5105497143273665
test,full,5_345_2018-12-07_1_R.png,0.6584320068359375,0.02109520509839058,0.11663799732923508,0.140189066529274,0.5042209789749574
test,full,1_156_2019-12-14_1_L.png,0.6394424438476562,0.02304406650364399,0.126825749874115,0.1383080631494522,0.5313911125190895
test,full,1_156_2019-12-14_2_R.png,0.6747207641601562,0.023486794903874397,0.12744460999965668,0.14599642157554626,0.5348660099701109
test,full,1_89_2021-11-25_1_L.png,0.9658584594726562,0.01897590048611164,0.06904251128435135,0.16250033676624298,0.416579799095846
test,full,1_89_2021-11-25_2_R.png,0.9667510986328125,0.017613137140870094,0.0680960938334465,0.16246840357780457,0.4074085911524228
test,full,3_154_2019-04-18_1_L.png,0.7037620544433594,0.020911933854222298,0.10959848016500473,0.147635817527771,0.49199084637432616
test,full,3_154_2019-04-18_2_R.png,0.6498451232910156,0.021685810759663582,0.12124958634376526,0.13997524976730347,0.5148797547063706
test,full,1_159_2021-02-12_1_R.png,0.7858047485351562,0.014953701756894588,0.07903005182743073,0.12954837083816528,0.4098442002898082
test,full,1_159_2021-02-27_1_R.png,0.9630203247070312,0.023311635479331017,0.07865001261234283,0.1690407395362854,0.45625296963632783
test,full,1_198_2021-08-17_2_R.png,0.9659881591796875,0.017191343009471893,0.06255444884300232,0.16199257969856262,0.39621974576941943
test,full,1_198_2021-08-17_1_L.png,0.9667129516601562,0.017118215560913086,0.056269578635692596,0.1647014319896698,0.38580974672328344
test,full,4_4_2021-09-04_1_L.png,0.9636497497558594,0.021826623007655144,0.07074333727359772,0.16755324602127075,0.43532097280787474
test,full,4_4_2021-10-15_1_L.png,0.9572906494140625,0.02608933113515377,0.08188454806804657,0.1726827621459961,0.4770233595616777
test,full,3_37_2022-01-07_2_R.png,0.6088523864746094,0.011743273586034775,0.09110014140605927,0.10212451219558716,0.41098795706744895
test,full,3_37_2022-01-07_1_L.png,0.618408203125,0.01892627775669098,0.12058704346418381,0.13095352053642273,0.49830333607440647
test,full,1_128_2019-01-15_2_R.png,0.6600608825683594,0.01600543037056923,0.1113554835319519,0.13590112328529358,0.46718699690801174
test,full,1_128_2019-01-15_1_L.png,0.6589889526367188,0.015930933877825737,0.11041523516178131,0.13532382249832153,0.46527210445651274
test,full,1_144_2018-11-30_1_L.png,0.6536483764648438,0.01518058031797409,0.11520804464817047,0.13979078829288483,0.46867628986523907
test,full,1_144_2018-11-30_2_R.png,0.6572151184082031,0.017650408670306206,0.11446385085582733,0.13713842630386353,0.48138512967747044
test,full,1_97_2019-07-17_1_L.png,0.6424369812011719,0.018328746780753136,0.11615972965955734,0.13955143094062805,0.4878987705546685
test,full,1_97_2019-07-17_2_R.png,0.6580543518066406,0.018307320773601532,0.12461335211992264,0.1467374563217163,0.5012271940877491
test,full,4_84_2019-11-20_2_R.png,0.7019004821777344,0.01514463871717453,0.11087314039468765,0.1509220004081726,0.4615776797756553
test,full,4_84_2020-01-08_2_R.png,0.6588783264160156,0.015329289250075817,0.10929834842681885,0.13764426112174988,0.4601109881652519
test,full,1_127_2020-08-18_1_L.png,0.9638557434082031,0.017589394003152847,0.06604869663715363,0.16355189681053162,0.4040178131904792
test,full,1_127_2020-08-18_2_R.png,0.9624137878417969,0.01684499904513359,0.062485214322805405,0.1625303328037262,0.3941614151424305
test,full,2_28_2021-07-08_2_L.png,0.9648780822753906,0.021788040176033974,0.097963847219944,0.1621524691581726,0.47840930111282925
test,full,2_28_2021-07-08_1_L.png,0.9623222351074219,0.023148201406002045,0.11243182420730591,0.15997308492660522,0.5090774441476573
test,full,2_186_2021-09-25_2_R.png,0.966796875,0.018752513453364372,0.06733842194080353,0.162113219499588,0.41261219580827113
test,full,2_186_2021-09-25_1_L.png,0.966796875,0.0194547176361084,0.06174977496266365,0.16291967034339905,0.40767106505280193
test,full,5_176_2021-11-11_1_R.png,0.9663543701171875,0.028173943981528282,0.0775027796626091,0.1707276999950409,0.4817783116320656
test,full,5_176_2021-11-11_2_R.png,0.9667167663574219,0.029670676216483116,0.08822952210903168,0.17043378949165344,0.5072627025275407
test,full,1_39_2019-11-11_1_R.png,0.6546363830566406,0.02525877207517624,0.13023026287555695,0.1511319875717163,0.5492651020430706
test,full,1_39_2019-11-11_2_L.png,0.6543121337890625,0.02172224037349224,0.12426705658435822,0.1475905179977417,0.5198851921214638
test,full,1_83_2020-12-05_1_L.png,0.9628067016601562,0.019984029233455658,0.06776274740695953,0.16574692726135254,0.42021453531289643
test,full,1_83_2020-12-05_2_R.png,0.7513313293457031,0.013434254564344883,0.09292508661746979,0.13789287209510803,0.4234030469976874
test,full,1_54_2020-08-12_2_R.png,0.6883468627929688,0.01420306134968996,0.0910259410738945,0.11781589686870575,0.42470621725502
test,full,1_54_2020-08-12_1_L.png,0.9563064575195312,0.01938941888511181,0.06333627551794052,0.16332626342773438,0.4098277377345684
test,full,4_35_2019-08-28_2_R.png,0.6653060913085938,0.023380743339657784,0.12334270775318146,0.14705117046833038,0.5277437163474545
test,full,4_35_2019-09-01_1_R.png,0.6602516174316406,0.01781989447772503,0.1086159497499466,0.1356809139251709,0.47303500831211837
test,full,4_42_2020-05-21_2_L.png,0.7855491638183594,0.01559498906135559,0.09283782541751862,0.15000799298286438,0.4354183539070866
test,full,4_42_2020-05-21_1_R.png,0.7856292724609375,0.014051523990929127,0.08663967996835709,0.14687150716781616,0.4168756769440899
test,full,5_385_2022-05-11_1_L.png,0.9631195068359375,0.019952356815338135,0.07207190245389938,0.16764578223228455,0.42689185189929874
test,full,5_385_2022-05-11_3_L.png,0.95306396484375,0.022256918251514435,0.07694651186466217,0.16642062366008759,0.44761007040400397
test,central,1_200_2021-05-13_4_R.png,1.0,0.00916723906993866,0.05172615498304367,0.19199123978614807,0.3338573299687017
test,central,1_200_2021-05-13_3_R.png,1.0,0.010489251464605331,0.05590841919183731,0.2015877366065979,0.3479472518390553
test,central,1_200_2021-05-13_2_L.png,1.0,0.008665611036121845,0.029122885316610336,0.19777657091617584,0.2950759250818836
test,central,1_200_2021-05-13_1_R.png,1.0,0.010363477282226086,0.036798976361751556,0.19441606104373932,0.31683838574258105
test,central,1_26_2020-11-20_3_R.png,0.9999738329495499,0.008674345910549164,0.042567238211631775,0.2288130819797516,0.31651380199261686
test,central,1_26_2020-11-20_2_R.png,1.0,0.008080539293587208,0.051202937960624695,0.23827329277992249,0.3269122530092401
test,central,1_26_2020-11-20_4_L.png,1.0,0.008138728328049183,0.04654349759221077,0.22423185408115387,0.31982682028743015
test,central,1_26_2020-11-20_1_R.png,1.0,0.007876889780163765,0.039636582136154175,0.20473633706569672,0.3073657038663937
test,central,3_27_2019-04-25_1_L.png,1.0,0.011650116182863712,0.05590883642435074,0.2418830394744873,0.3544777796582573
test,central,3_27_2019-03-06_1_R.png,1.0,0.012034879066050053,0.05592260882258415,0.251268595457077,0.3566639815097336
test,central,3_27_2019-04-25_2_R.png,1.0,0.011228271760046482,0.043760593980550766,0.2516027092933655,0.33277815543750133
test,central,3_27_2019-03-06_2_L.png,1.0,0.013042929582297802,0.0683661699295044,0.25974616408348083,0.3821308401519094
test,central,5_238_2021-03-09_2_L.png,1.0,0.0076881274580955505,0.02800811640918255,0.21098123490810394,0.28780408396639606
test,central,5_238_2021-03-16_1_L.png,1.0,0.007916401140391827,0.025574831292033195,0.2019674926996231,0.285216988015666
test,central,5_238_2021-03-16_3_R.png,1.0,0.011073493398725986,0.050628867000341415,0.20318502187728882,0.3428343251411041
test,central,5_238_2021-03-09_1_R.png,1.0,0.012936203740537167,0.049246080219745636,0.2038200944662094,0.3511121827537533
test,central,5_192_2021-06-04_1_L.png,1.0,0.014650415629148483,0.05602692812681198,0.21520854532718658,0.37154233720661567
test,central,5_192_2022-03-08_2_L.png,1.0,0.015142766758799553,0.06965795159339905,0.1844388246536255,0.39599753146229144
test,central,5_192_2022-03-08_1_L.png,1.0,0.015941480174660683,0.07494588941335678,0.19212369620800018,0.408902922776443
test,central,5_192_2021-06-04_2_L.png,1.0,0.015116533264517784,0.0556366890668869,0.2054559886455536,0.37354341403750535
test,central,5_567_2019-05-17_1_R.png,1.0,0.012327347882091999,0.051295336335897446,0.22508776187896729,0.3509475487347862
test,central,5_567_2019-05-24_1_R.png,1.0,0.012988831847906113,0.047872599214315414,0.23688215017318726,0.3492231324399737
test,central,5_567_2019-06-14_2_R.png,1.0,0.01357659138739109,0.05975682660937309,0.21691401302814484,0.3714360052508048
test,central,5_567_2019-05-17_2_L.png,1.0,0.010471292771399021,0.04091842845082283,0.2287588268518448,0.32399852164724674
test,central,3_14_2021-01-27_3_R.png,1.0,0.010549388825893402,0.04213326796889305,0.25869303941726685,0.32637051118707117
test,central,3_14_2021-01-27_1_L.png,1.0,0.006794292014092207,0.02305474318563938,0.19651344418525696,0.2748958931018768
test,central,3_14_2021-01-27_2_L.png,1.0,0.021309543401002884,0.08129078894853592,0.24609088897705078,0.44919243677603926
test,central,3_14_2021-01-27_4_R.png,1.0,0.007728334050625563,0.03011787310242653,0.20821046829223633,0.2913866771522655
test,central,5_39_2021-11-14_2_L.png,1.0,0.008954774588346481,0.03455975279211998,0.18021664023399353,0.30535203195600347
test,central,5_39_2021-11-14_5_L.png,1.0,0.007930927909910679,0.03559451922774315,0.19965343177318573,0.3012391137192026
test,central,5_39_2021-11-14_3_L.png,1.0,0.008778777904808521,0.03654185310006142,0.1943962574005127,0.3075153920101002
test,central,5_39_2021-11-14_4_L.png,1.0,0.008260960690677166,0.03557195886969566,0.1990429162979126,0.30305965663230217
test,central,5_35_2021-07-27_1_R.png,1.0,0.008997809141874313,0.05094999819993973,0.23625600337982178,0.3316694917411289
test,central,5_35_2021-07-27_2_R.png,1.0,0.00982047151774168,0.05753912404179573,0.23861700296401978,0.34677966780833563
test,central,5_35_2021-07-27_4_R.png,1.0,0.008849523030221462,0.05264965817332268,0.19887153804302216,0.3335393868661909
test,central,5_35_2021-08-23_1_R.png,1.0,0.009374839253723621,0.04803326353430748,0.22477343678474426,0.3291500264249573
test,central,1_181_2019-03-01_2_R.png,1.0,0.007145998068153858,0.0448690727353096,0.25375401973724365,0.31157885484863074
test,central,1_181_2022-07-08_1_R.png,1.0,0.007050510961562395,0.04229211434721947,0.2164021134376526,0.3069420333475467
test,central,1_181_2019-03-01_1_L.png,1.0,0.006998739670962095,0.032596442848443985,0.22176268696784973,0.29122588790804993
test,central,1_181_2022-07-08_2_L.png,1.0,0.00753135746344924,0.041010353714227676,0.21610116958618164,0.3076076302772642
test,central,5_118_2022-04-21_2_L.png,1.0,0.01895890198647976,0.06591957807540894,0.24958130717277527,0.4115158797030083
test,central,5_118_2022-04-21_3_R.png,1.0,0.02101418562233448,0.08083561062812805,0.2444320172071457,0.4468069019431079
test,central,5_118_2022-04-21_1_L.png,1.0,0.01743621751666069,0.058203067630529404,0.23189851641654968,0.39067451294342226
test,central,5_118_2022-04-21_4_R.png,1.0,0.020199626684188843,0.08251072466373444,0.2339891791343689,0.4448899620635943
test,central,1_143_2019-09-11_1_L.png,1.0,0.008212495595216751,0.047097694128751755,0.2541928291320801,0.3211234374733811
test,central,1_143_2019-09-11_2_R.png,1.0,0.006993078161031008,0.046522628515958786,0.24012237787246704,0.3133493372948248
test,central,1_143_2019-03-04_2_R.png,1.0,0.009791345335543156,0.06578029692173004,0.28281348943710327,0.35972678988790985
test,central,1_143_2019-03-04_1_L.png,1.0,0.01069051492959261,0.0591549351811409,0.2999039590358734,0.3542442706307735
test,central,2_100_2022-05-31_9_L.png,1.0,0.01255644392222166,0.06756008416414261,0.2060285359621048,0.3781119491418146
test,central,2_100_2022-05-31_2_L.png,1.0,0.008059530518949032,0.028491484001278877,0.22432152926921844,0.2906622200802138
test,central,2_100_2022-05-31_13_R.png,1.0,0.008013499900698662,0.03164537250995636,0.24264228343963623,0.2954208477527242
test,central,2_100_2022-05-31_1_R.png,1.0,0.008612477220594883,0.03788807988166809,0.23762384057044983,0.3087216750866818
test,central,2_4_2021-10-21_3_L.png,1.0,0.007664036937057972,0.03142479062080383,0.20785783231258392,0.2931041928495026
test,central,2_4_2021-10-21_2_R.png,1.0,0.011300761252641678,0.053432244807481766,0.2344755381345749,0.34857262605801226
test,central,2_4_2021-10-21_1_R.png,1.0,0.007411906961351633,0.03661616891622543,0.20916661620140076,0.29994497266068887
test,central,2_4_2021-10-21_4_R.png,1.0,0.013009998947381973,0.047570567578077316,0.2376110851764679,0.34886169249869203
test,central,5_179_2020-09-27_1_R.png,1.0,0.011675885878503323,0.040022112429142,0.20456784963607788,0.32934840056748893
test,central,5_179_2020-09-27_2_R.png,1.0,0.011994821019470692,0.04324951767921448,0.21624509990215302,0.3362769190878184
test,central,5_179_2020-09-27_4_L.png,1.0,0.006714251358062029,0.026039890944957733,0.2005026489496231,0.2791947631197135
test,central,5_179_2020-09-27_3_L.png,1.0,0.008145233616232872,0.027227910235524178,0.20486240088939667,0.289134069011462
test,central,1_19_2021-10-10_2_L.png,1.0,0.0077975112944841385,0.03540656715631485,0.18826499581336975,0.3001896305983378
test,central,1_19_2020-10-25_1_L.png,1.0,0.007645564619451761,0.0393625944852829,0.19106414914131165,0.3056286103928208
test,central,1_19_2021-10-10_1_R.png,1.0,0.008197941817343235,0.037904731929302216,0.19544175267219543,0.3064164053373547
test,central,1_19_2020-10-25_2_R.png,1.0,0.008069346658885479,0.04202757030725479,0.19634076952934265,0.3122521186268634
test,central,1_46_2021-07-29_1_R.png,1.0,0.007907925173640251,0.027940254658460617,0.1933261901140213,0.28893248424018647
test,central,1_46_2021-02-28_1_R.png,1.0,0.008100016042590141,0.02710862085223198,0.19520559906959534,0.2886899415953932
test,central,1_46_2021-07-18_1_R.png,1.0,0.008035899139940739,0.027958877384662628,0.197942852973938,0.28968196486503905
test,central,1_46_2021-02-28_2_R.png,1.0,0.012132289819419384,0.031179403886198997,0.25278961658477783,0.31784772732591426
test,central,1_87_2021-05-05_4_L.png,1.0,0.00751117430627346,0.03620138019323349,0.20824909210205078,0.29984346032565967
test,central,1_87_2021-05-05_3_L.png,1.0,0.007806343026459217,0.03653391823172569,0.18464437127113342,0.3020328221652149
test,central,1_87_2021-05-05_1_R.png,1.0,0.008959413506090641,0.0405852310359478,0.21822822093963623,0.314964113983495
test,central,1_87_2021-05-05_2_L.png,0.9995944107180239,0.008021538145840168,0.035972677171230316,0.19226856529712677,0.30235041120639916
test,central,1_40_2019-03-21_1_R.png,1.0,0.006210819352418184,0.028888225555419922,0.19795626401901245,0.28089439951370215
test,central,1_40_2020-12-11_1_R.png,1.0,0.0073244646191596985,0.037831030786037445,0.19813114404678345,0.301385844278742
test,central,1_40_2019-03-21_2_L.png,1.0,0.011480806395411491,0.05231914669275284,0.18133553862571716,0.3478145420762964
test,central,1_40_2020-12-11_2_L.png,1.0,0.006220319774001837,0.02567416802048683,0.199466735124588,0.2758345660340803
test,central,5_588_2019-04-30_1_L.png,1.0,0.01095511857420206,0.04751940816640854,0.256286084651947,0.33722160042644567
test,central,5_588_2019-04-30_3_L.png,1.0,0.01095511857420206,0.04751940816640854,0.256286084651947,0.33722160042644567
test,central,5_588_2019-04-30_4_L.png,1.0,0.019590327516198158,0.08058003336191177,0.24103732407093048,0.43839109989983793
test,central,5_588_2019-04-30_2_L.png,1.0,0.019590327516198158,0.08058003336191177,0.24103732407093048,0.43839109989983793
test,central,1_195_2021-07-22_1_R.png,1.0,0.009503079578280449,0.04934985935688019,0.25343042612075806,0.3319659625137733
test,central,1_195_2021-07-22_2_L.png,1.0,0.00951278954744339,0.04754588380455971,0.2112327218055725,0.3291506199843504
test,central,1_195_2020-07-31_1_R.png,1.0,0.00964403711259365,0.05963140353560448,0.2313971370458603,0.34911585074680096
test,central,1_195_2020-07-31_2_L.png,1.0,0.00818570051342249,0.04415149241685867,0.20813420414924622,0.3162855760511858
test,central,5_84_2021-07-06_3_R.png,1.0,0.014329388737678528,0.056385330855846405,0.18867316842079163,0.3703067471019246
test,central,5_84_2021-09-19_1_L.png,1.0,0.0074472674168646336,0.03183257207274437,0.20052340626716614,0.2925336075174114
test,central,5_84_2021-07-06_1_L.png,1.0,0.008631989359855652,0.030367378145456314,0.2072572112083435,0.29686667810786854
test,central,5_84_2021-09-19_2_L.png,1.0,0.010638227686285973,0.040904927998781204,0.20408594608306885,0.32491605255160144
test,central,5_27_2021-10-11_1_L.png,1.0,0.01308127399533987,0.03384397178888321,0.2186051309108734,0.3274248486151919
test,central,5_27_2021-11-28_2_L.png,1.0,0.012903460301458836,0.045631472021341324,0.2280031144618988,0.3451774878660217
test,central,5_27_2021-10-11_3_R.png,1.0,0.015260509215295315,0.0691656619310379,0.20546653866767883,0.3958766446808692
test,central,5_27_2021-10-11_2_L.png,1.0,0.011379554867744446,0.0334584042429924,0.22071431577205658,0.3172392756085504
test,central,5_313_2020-09-29_2_L.png,1.0,0.012725125066936016,0.0576920360326767,0.2527851462364197,0.3633616130989553
test,central,5_313_2020-09-29_1_R.png,1.0,0.015628434717655182,0.07362867891788483,0.22300955653190613,0.4050464799288999
test,central,5_313_2020-10-21_1_L.png,1.0,0.011948096565902233,0.055861685425043106,0.2249629944562912,0.356078906359405
test,central,5_313_2020-10-21_2_R.png,1.0,0.015940489247441292,0.08139753341674805,0.21869352459907532,0.4191613279071382
test,central,5_280_2022-05-24_2_L.png,1.0,0.01608508639037609,0.06049763411283493,0.2243078052997589,0.3867248470344665
test,central,5_280_2022-05-24_1_L.png,1.0,0.022621000185608864,0.09531165659427643,0.2676090896129608,0.4788753069894896
test,central,5_280_2022-05-24_4_R.png,1.0,0.020531482994556427,0.08072745054960251,0.26303616166114807,0.44391962680965663
test,central,5_280_2022-05-24_3_R.png,1.0,0.017854297533631325,0.06585651636123657,0.2547500729560852,0.40520215420137073
test,central,3_81_2021-01-22_2_L.png,1.0,0.008868901059031487,0.0376151017844677,0.2106068879365921,0.3097297758414326
test,central,3_81_2021-01-22_1_L.png,1.0,0.016921313479542732,0.0610155314207077,0.2603815793991089,0.39225255194628106
test,central,3_81_2021-01-22_3_R.png,1.0,0.008549148216843605,0.03675316646695137,0.21059858798980713,0.3065599053717134
test,central,3_81_2021-06-02_3_R.png,1.0,0.01003451831638813,0.03575501963496208,0.2249087393283844,0.3133271513125775
test,central,1_202_2021-09-12_1_R.png,1.0,0.01161345187574625,0.038106903433799744,0.19101084768772125,0.3259502859002995
test,central,1_202_2021-09-12_2_R.png,1.0,0.011615867726504803,0.03792857378721237,0.19706904888153076,0.32568016880488193
test,central,1_202_2021-09-12_3_L.png,1.0,0.014047848992049694,0.034014686942100525,0.1738370656967163,0.333133425260894
test,central,1_202_2021-09-12_4_L.png,1.0,0.01222067791968584,0.03773906081914902,0.20031245052814484,0.32878072823778814
test,central,3_115_2022-04-16_1_R.png,1.0,0.012353460304439068,0.047378357499837875,0.2827490270137787,0.34486287387130277
test,central,3_115_2022-02-21_2_R.png,1.0,0.012412376701831818,0.04458346590399742,0.23696863651275635,0.34074786015870895
test,central,3_115_2022-04-16_2_L.png,1.0,0.009113093838095665,0.04312760382890701,0.19802804291248322,0.319873249839822
test,central,3_115_2022-02-21_1_L.png,1.0,0.010408934205770493,0.0457184761762619,0.236557275056839,0.33128419427878475
test,central,5_496_2019-11-04_1_R.png,1.0,0.015602261759340763,0.07456797361373901,0.2691039443016052,0.4063935895090584
test,central,5_496_2019-05-07_1_R.png,1.0,0.014578631147742271,0.04906191676855087,0.2554109990596771,0.36005784961056303
test,central,5_496_2019-05-19_2_R.png,1.0,0.015277181752026081,0.053298044949769974,0.2623768448829651,0.37072649159341714
test,central,5_496_2019-06-13_1_R.png,1.0,0.018890121951699257,0.06985733658075333,0.22062015533447266,0.41739360781132495
test,central,5_234_2020-12-02_1_L.png,1.0,0.00842592678964138,0.030917659401893616,0.1873583197593689,0.29658302360383626
test,central,5_234_2020-12-02_2_L.png,1.0,0.009873351082205772,0.0384354330599308,0.19077053666114807,0.3166848797054792
test,central,5_234_2020-10-28_1_L.png,1.0,0.008229091763496399,0.03028252348303795,0.18900729715824127,0.2944653830745003
test,central,5_234_2020-11-16_1_L.png,1.0,0.009450068697333336,0.034451283514499664,0.20094211399555206,0.307965496559204
test,central,5_291_2019-05-05_1_L.png,1.0,0.014857403934001923,0.05548236519098282,0.19195708632469177,0.3718402962962335
test,central,5_291_2019-05-06_2_L.png,0.9999362236763224,0.009696227498352528,0.03212098032236099,0.1481391191482544,0.3056428392819891
test,central,5_291_2019-05-06_1_R.png,1.0,0.007980934344232082,0.03831437602639198,0.2002696841955185,0.3058474448192018
test,central,5_291_2019-05-05_2_R.png,1.0,0.00844507198780775,0.04093524068593979,0.16524556279182434,0.3126277764772319
test,central,1_59_2019-01-30_1_R.png,1.0,0.011822622269392014,0.055858783423900604,0.1996930092573166,0.3553684966215356
test,central,1_59_2019-01-30_2_R.png,0.9999710673263317,0.012093424797058105,0.05519188940525055,0.19748455286026,0.3558307930827141
test,central,1_59_2019-01-30_4_L.png,1.0,0.010706781409680843,0.05792837589979172,0.1657009720802307,0.3523844252700325
test,central,1_59_2019-01-30_3_L.png,1.0,0.01121215708553791,0.06788227707147598,0.1738342046737671,0.3710629153107716
test,central,3_19_2021-08-06_1_L.png,1.0,0.009532211348414421,0.04460916668176651,0.22431738674640656,0.3245878176467324
test,central,3_19_2021-08-06_3_R.png,1.0,0.008758164942264557,0.03575029596686363,0.2128663808107376,0.3061401486566121
test,central,3_19_2021-12-09_2_L.png,1.0,0.011185575276613235,0.04809795320034027,0.22335676848888397,0.3394383319314908
test,central,3_19_2021-08-06_2_L.png,0.9991611591255719,0.011120381765067577,0.05151132494211197,0.1908697932958603,0.34450198256368325
test,central,5_93_2019-09-09_3_R.png,1.0,0.012390490621328354,0.06032427027821541,0.2473313957452774,0.365666939733042
test,central,5_93_2019-09-09_1_L.png,1.0,0.014372075907886028,0.06482164561748505,0.25522303581237793,0.3839682722824033
test,central,5_93_2019-09-09_2_L.png,1.0,0.012870240025222301,0.0722501277923584,0.2672998607158661,0.387338485266082
test,central,5_93_2019-08-14_1_R.png,1.0,0.009749935008585453,0.05357242748141289,0.22195672988891602,0.34007224632554095
test,central,1_4_2019-10-10_2_L.png,1.0,0.00865913275629282,0.034613437950611115,0.23233509063720703,0.3037744548573921
test,central,1_4_2019-02-26_2_R.png,1.0,0.007930103689432144,0.028676390647888184,0.18872933089733124,0.29022836382924155
test,central,1_4_2019-02-26_1_L.png,1.0,0.008936460129916668,0.031041594222187996,0.17358621954917908,0.29965194267517126
test,central,1_4_2019-10-10_1_R.png,1.0,0.008825979195535183,0.03641626238822937,0.2343236207962036,0.3075810958652503
test,central,1_193_2019-08-22_1_R.png,1.0,0.009833837859332561,0.05099247768521309,0.23179414868354797,0.3364397342761301
test,central,1_193_2019-08-22_3_R.png,1.0,0.007890204899013042,0.04697005823254585,0.24372607469558716,0.31910749519963494
test,central,1_193_2019-08-22_4_L.png,1.0,0.00752281816676259,0.04007783159613609,0.22783364355564117,0.30607603881825607
test,central,1_193_2019-08-22_2_R.png,1.0,0.007700711023062468,0.04585351049900055,0.23824423551559448,0.3162652662076818
test,central,4_82_2019-08-22_3_L.png,1.0,0.01059291698038578,0.04638346657156944,0.24084873497486115,0.3333770366512578
test,central,4_82_2019-08-22_1_R.png,1.0,0.00861192587763071,0.04951730743050575,0.233860582113266,0.3272196176102046
test,central,4_82_2019-08-22_4_L.png,1.0,0.009145786985754967,0.037103913724422455,0.22805768251419067,0.310474005447362
test,central,4_82_2019-08-22_2_R.png,1.0,0.009560448117554188,0.0504910834133625,0.26328253746032715,0.3341042442734099
test,central,2_207_2019-09-03_2_R.png,1.0,0.01078962441533804,0.05756231024861336,0.2513493299484253,0.352268040004525
test,central,2_207_2019-07-31_2_R.png,1.0,0.009870479814708233,0.04879574105143547,0.2547494173049927,0.3331510369941084
test,central,2_207_2019-09-03_1_L.png,1.0,0.009910333901643753,0.04585310071706772,0.2542359232902527,0.3286937429738993
test,central,5_732_2020-07-29_1_R.png,1.0,0.015401223674416542,0.05289787799119949,0.22988921403884888,0.3707875981545923
test,central,5_732_2020-07-29_2_L.png,1.0,0.014120576903223991,0.056770529597997665,0.21869957447052002,0.36974499671381306
test,central,5_732_2020-08-26_1_L.png,1.0,0.015416148118674755,0.060352783650159836,0.18979206681251526,0.38273162533825433
test,central,3_102_2020-08-05_1_L.png,1.0,0.008752633817493916,0.038518067449331284,0.191896453499794,0.31051230889279396
test,central,3_102_2020-08-05_2_L.png,1.0,0.008421453647315502,0.03793769329786301,0.20822259783744812,0.30772609792184086
test,central,3_102_2020-08-05_3_R.png,1.0,0.008968482725322247,0.04057362675666809,0.21300360560417175,0.3149966669882732
test,central,5_642_2021-07-02_2_L.png,1.0,0.011162620969116688,0.05280047655105591,0.1882815957069397,0.3467905011006885
test,central,5_642_2021-06-23_2_L.png,1.0,0.012634181417524815,0.0534321628510952,0.17925094068050385,0.35607298410031946
test,central,5_642_2021-06-23_1_L.png,1.0,0.012696698307991028,0.05238872393965721,0.18769054114818573,0.35476462515917695
test,central,1_2_2021-11-30_1_L.png,1.0,0.009501959197223186,0.04035176336765289,0.2144196331501007,0.31764450766019187
test,central,1_2_2021-11-30_3_R.png,1.0,0.007755666971206665,0.04105690121650696,0.21245980262756348,0.30894342410293496
test,central,1_2_2021-11-30_2_L.png,1.0,0.008931132033467293,0.045514483004808426,0.19504347443580627,0.3226470224686306
test,central,2_19_2021-03-29_1_L.png,1.0,0.011645333841443062,0.05336576700210571,0.28365790843963623,0.3504050867251036
test,central,2_19_2021-03-29_4_R.png,1.0,0.010814638808369637,0.05268922448158264,0.2746831178665161,0.34465610951777886
test,central,2_19_2021-03-29_3_L.png,1.0,0.011139819398522377,0.049284931272268295,0.27177831530570984,0.3410693293225697
test,central,3_155_2021-03-12_1_R.png,1.0,0.011276994831860065,0.0406087301671505,0.2300698459148407,0.32803789392240684
test,central,3_155_2020-12-25_1_R.png,1.0,0.014629450626671314,0.04927132651209831,0.22625359892845154,0.36067686104427343
test,central,3_155_2020-10-11_1_R.png,1.0,0.012893056496977806,0.0460730642080307,0.22813332080841064,0.34582149949009444
test,central,1_188_2022-01-08_1_R.png,1.0,0.007575069088488817,0.038951124995946884,0.20604512095451355,0.30457746247993783
test,central,1_188_2022-01-08_2_L.png,1.0,0.00828069169074297,0.03965034335851669,0.18921378254890442,0.30965898246716034
test,central,1_188_2022-01-08_3_L.png,1.0,0.007774929981678724,0.03558836877346039,0.19468414783477783,0.30035184055926617
test,central,5_439_2022-05-17_2_R.png,1.0,0.00869348831474781,0.03565622866153717,0.228271484375,0.3056266900956292
test,central,5_439_2022-06-06_7_L.png,1.0,0.01500473078340292,0.06371723115444183,0.30285343527793884,0.3857699329477989
test,central,5_439_2022-05-17_1_L.png,1.0,0.012754557654261589,0.04519914463162422,0.2050982415676117,0.34365211690098724
test,central,5_155_2022-02-13_3_L.png,1.0,0.010067377239465714,0.032506801187992096,0.21031039953231812,0.30834436249834574
test,central,5_155_2022-02-13_1__L.png,1.0,0.018834972754120827,0.06607778370380402,0.20567110180854797,0.41107046854343604
test,central,5_155_2022-02-13_2_R.png,1.0,0.019782226532697678,0.08367471396923065,0.18612676858901978,0.4443938873792914
test,central,4_34_2021-06-07_2_R.png,1.0,0.009680839255452156,0.04356912150979042,0.2116377055644989,0.3237692323047668
test,central,4_34_2021-05-22_1_R.png,1.0,0.010525509715080261,0.045135803520679474,0.22378027439117432,0.331012952293862
test,central,4_34_2021-06-07_1_L.png,1.0,0.010976052843034267,0.041628703474998474,0.23170670866966248,0.3279677800432017
test,central,3_161_2021-05-18_2_L.png,1.0,0.007835392840206623,0.03073825128376484,0.21422718465328217,0.2929758481321518
test,central,3_161_2021-05-18_1_L.png,1.0,0.01472919899970293,0.05163945257663727,0.23751437664031982,0.3650054189270701
test,central,3_161_2021-05-18_3_R.png,1.0,0.006826427299529314,0.033891819417476654,0.2094445824623108,0.2923174571785653
test,central,5_467_2021-10-16_3_R.png,1.0,0.009908124804496765,0.03832217678427696,0.2355775237083435,0.31670030145482586
test,central,5_467_2021-10-16_1_R.png,1.0,0.009541420266032219,0.0398896187543869,0.23679886758327484,0.3171312461056831
test,central,5_467_2021-10-16_2_L.png,1.0,0.0165699515491724,0.06895814836025238,0.23970972001552582,0.4029121225826781
test,central,2_149_2021-02-06_1_L.png,1.0,0.007917981594800949,0.03790036588907242,0.2318962663412094,0.3048346831124615
test,central,2_149_2021-02-06_3_L.png,1.0,0.00929379090666771,0.03793364763259888,0.2462925910949707,0.3126265587200495
test,central,2_149_2021-02-06_2_R.png,1.0,0.0075480034574866295,0.037966422736644745,0.23231017589569092,0.30285864652938804
test,central,5_139_2021-11-23_1_R.png,1.0,0.01696069911122322,0.09157451242208481,0.2755230963230133,0.4410906568084928
test,central,5_139_2021-11-18_1_R.png,1.0,0.02236057259142399,0.06362024694681168,0.2866581380367279,0.426992250060324
test,central,5_139_2021-11-18_2_R.png,1.0,0.018313322216272354,0.0640605092048645,0.2385413646697998,0.40492688392881643
test,central,5_490_2022-03-31_2_L.png,1.0,0.014831711538136005,0.06084730103611946,0.20259588956832886,0.3802309017776596
test,central,5_490_2022-03-31_3_L.png,1.0,0.014857386238873005,0.05808081850409508,0.21171589195728302,0.37597409975926643
test,central,5_490_2022-03-31_1_R.png,1.0,0.01125754788517952,0.0465112067759037,0.2395048439502716,0.3373188085430725
test,central,5_158_2022-03-06_2_R.png,1.0,0.015485914424061775,0.06999030709266663,0.22340400516986847,0.39845648446458987
test,central,5_158_2022-03-06_3_L.png,1.0,0.012088366784155369,0.06586053967475891,0.2023986577987671,0.37277519446162677
test,central,5_158_2022-03-06_1_R.png,1.0,0.017225420102477074,0.06758201122283936,0.21111847460269928,0.4044098241127689
test,central,5_573_2021-06-09_2_R.png,1.0,0.00890667736530304,0.04316789284348488,0.22629860043525696,0.3187762533399192
test,central,5_573_2021-06-09_3_R.png,1.0,0.011512556113302708,0.039473749697208405,0.2351626455783844,0.3275572753828866
test,central,5_573_2021-06-09_1_L.png,1.0,0.009822306223213673,0.03980811685323715,0.21854767203330994,0.3185815674993633
test,central,5_74_2018-11-29_3_L.png,0.9998778122279413,0.014445872977375984,0.06846512109041214,0.24119499325752258,0.39017981905066834
test,central,5_74_2018-12-04_1_L.png,1.0,0.013793968595564365,0.06546516716480255,0.24204134941101074,0.38174020293041727
test,central,5_74_2018-11-29_2_L.png,1.0,0.013680724427103996,0.06661012768745422,0.2248675674200058,0.38292473258704623
test,central,5_701_2021-07-25_2_R.png,1.0,0.014311665669083595,0.05476769059896469,0.19705788791179657,0.3676335362505845
test,central,5_701_2021-07-25_3_L.png,1.0,0.01353971753269434,0.05620146170258522,0.21054720878601074,0.3655723274664276
test,central,5_701_2021-07-25_1_R.png,1.0,0.013121138326823711,0.06071115657687187,0.2230178415775299,0.3703923340061341
test,central,5_261_2021-05-29_1_R.png,1.0,0.007087322883307934,0.03804902359843254,0.2088286429643631,0.300398728761568
test,central,5_261_2021-05-29_2_L.png,1.0,0.007244257256388664,0.026986798271536827,0.2065257430076599,0.2836824897719039
test,central,5_261_2021-06-11_1_R.png,1.0,0.0073297289200127125,0.03144937753677368,0.21020221710205078,0.2912628258017569
test,central,2_126_2019-07-03_3_R.png,1.0,0.010835920460522175,0.061008110642433167,0.22501885890960693,0.35801041043067183
test,central,2_126_2019-07-03_1_L.png,1.0,0.008679085411131382,0.04493357613682747,0.24338939785957336,0.32030509020074865
test,central,2_126_2019-07-03_2_R.png,0.9916963226571768,0.010363772511482239,0.05372413247823715,0.18664249777793884,0.34376643113791944
test,central,5_442_2021-01-13_2_R.png,1.0,0.014236719347536564,0.05544647201895714,0.23266348242759705,0.36829184272368864
test,central,5_442_2020-12-30_2_R.png,1.0,0.020697342231869698,0.06988638639450073,0.25086647272109985,0.4276054375000637
test,central,5_442_2020-12-30_3_R.png,1.0,0.02368442341685295,0.06886191666126251,0.24913771450519562,0.44277793095362455
test,central,5_67_2020-07-30_1_R.png,1.0,0.016768747940659523,0.06386104226112366,0.1976291388273239,0.3959213198543611
test,central,5_67_2020-07-30_2_L.png,1.0,0.0166492722928524,0.05304848402738571,0.1953294277191162,0.3780474721454084
test,central,5_67_2020-10-14_1_L.png,1.0,0.019473334774374962,0.055270690470933914,0.20167899131774902,0.3974681520368904
test,central,4_95_2022-01-11_2_L.png,1.0,0.008151065558195114,0.030658453702926636,0.1883358359336853,0.294624556474049
test,central,4_95_2022-01-11_3_L.png,1.0,0.008850930258631706,0.04007197543978691,0.2077978253364563,0.31353735272264616
test,central,4_95_2022-01-11_1_L.png,1.0,0.00798009056597948,0.029463976621627808,0.1894320845603943,0.2917625176953152
test,central,1_111_2020-10-21_3_L.png,1.0,0.010230783373117447,0.03637850284576416,0.20794974267482758,0.3154230473647741
test,central,1_111_2020-10-21_2_L.png,1.0,0.0077718873508274555,0.03629689663648605,0.18191222846508026,0.3014619291791777
test,central,1_111_2020-10-21_1_R.png,1.0,0.005514045245945454,0.03125465661287308,0.13586251437664032,0.2807398218471049
test,central,4_94_2020-10-11_1_R.png,1.0,0.012893056496977806,0.0460730642080307,0.22813332080841064,0.34582149949009444
test,central,4_94_2020-12-25_1_R.png,1.0,0.014629450626671314,0.04927132651209831,0.22625359892845154,0.36067686104427343
test,central,4_94_2021-03-12_1_R.png,1.0,0.011276994831860065,0.0406087301671505,0.2300698459148407,0.32803789392240684
test,central,1_68_2018-11-22_1_L.png,1.0,0.008848671801388264,0.05776681751012802,0.23211200535297394,0.3416755340125581
test,central,1_68_2018-11-22_3_R.png,1.0,0.007816622965037823,0.03481206297874451,0.21118134260177612,0.2993513316445222
test,central,1_68_2018-11-22_2_R.png,1.0,0.008237925358116627,0.03885553404688835,0.2082286775112152,0.3081539524867284
test,central,3_54_2021-06-08_2_R.png,1.0,0.006611957214772701,0.032873909920454025,0.2189197838306427,0.2894916614792733
test,central,3_54_2021-06-08_1_R.png,1.0,0.006720042321830988,0.03608379885554314,0.2174699604511261,0.29520628169411794
test,central,3_54_2021-06-02_1_R.png,1.0,0.006616360507905483,0.029447823762893677,0.21498098969459534,0.28406583838884464
test,central,5_597_2022-06-08_2_R.png,1.0,0.01381903886795044,0.054549362510442734,0.2681193947792053,0.3645151703533801
test,central,5_597_2022-06-08_1_L.png,1.0,0.0162324458360672,0.051734503358602524,0.22664645314216614,0.3736123995347457
test,central,5_597_2022-06-13_1_R.png,1.0,0.016728635877370834,0.06480534374713898,0.24876046180725098,0.39719798731702294
test,central,5_366_2021-11-04_1_R.png,1.0,0.00730553874745965,0.03543386980891228,0.20049181580543518,0.29746572105954827
test,central,5_366_2021-10-24_2_R.png,1.0,0.006936583202332258,0.03370428830385208,0.20453527569770813,0.29263873917833816
test,central,5_366_2022-06-05_1_R.png,1.0,0.008285016752779484,0.03803765028715134,0.20997276902198792,0.30711766287303444
test,central,3_73_2021-12-08_5_L.png,1.0,0.008815933018922806,0.03470410406589508,0.20116294920444489,0.3048006978817284
test,central,3_73_2021-12-08_3_L.png,1.0,0.01071243267506361,0.05183554068207741,0.24456223845481873,0.34272306670053776
test,central,3_73_2021-12-08_6_L.png,1.0,0.007807954680174589,0.03127400949597359,0.19554005563259125,0.2936738510923037
test,central,5_329_2021-04-21_3_R.png,1.0,0.017438512295484543,0.07956280559301376,0.20018543303012848,0.4246688223782588
test,central,5_329_2021-04-21_1_R.png,1.0,0.015297419391572475,0.061118535697460175,0.2145032435655594,0.38328201814173635
test,central,5_329_2021-04-21_2_L.png,1.0,0.00825726892799139,0.030362017452716827,0.20753103494644165,0.29475034730381927
test,central,1_55_2020-07-20_3_L.png,1.0,0.006926402449607849,0.038112446665763855,0.2154494822025299,0.29959445165639575
test,central,1_55_2020-07-20_1_R.png,1.0,0.006815420929342508,0.04211065173149109,0.20456209778785706,0.30533096139128746
test,central,1_55_2020-07-20_2_L.png,1.0,0.007105445023626089,0.039310187101364136,0.21217098832130432,0.3025070622827942
test,central,5_262_2021-10-21_1_L.png,1.0,0.007796690333634615,0.03370276466012001,0.20625001192092896,0.2974744178132493
test,central,5_262_2021-10-21_5_L.png,1.0,0.017907408997416496,0.06282287836074829,0.20567812025547028,0.40067466391165824
test,central,5_262_2021-10-21_3_L.png,1.0,0.012583879753947258,0.041422098875045776,0.2366092950105667,0.3366831172807989
test,central,1_20_2022-04-10_2_R.png,1.0,0.006916014477610588,0.04217786341905594,0.2103968858718872,0.30600372778505763
test,central,1_20_2022-04-10_3_L.png,1.0,0.007333793677389622,0.04157218337059021,0.2084638774394989,0.3073901538885283
test,central,1_20_2022-04-10_1_L.png,1.0,0.00713497307151556,0.04064633697271347,0.20674532651901245,0.3047988505293192
test,central,1_201_2020-07-19_1_R.png,1.0,0.005734057165682316,0.02962537296116352,0.17101716995239258,0.27938534672245047
test,central,1_201_2020-07-19_2_L.png,1.0,0.008956565521657467,0.0646936446428299,0.21663253009319305,0.35330238844564354
test,central,1_201_2020-07-19_3_L.png,1.0,0.009848569519817829,0.07012016326189041,0.2273622751235962,0.3669530087383464
test,central,1_160_2021-01-14_2_L.png,1.0,0.005704715382307768,0.031327228993177414,0.2047213315963745,0.281927797423718
test,central,1_160_2021-01-14_1_R.png,1.0,0.0060404445976018906,0.04185350984334946,0.22422417998313904,0.3005626301577484
test,central,1_160_2021-01-14_3_L.png,1.0,0.006036242004483938,0.03253760188817978,0.21118292212486267,0.28571822791550816
test,central,1_139_2021-11-26_3_R.png,1.0,0.00810413621366024,0.03405382111668587,0.22145599126815796,0.2997622997965664
test,central,1_139_2021-11-26_1_L.png,1.0,0.007535855285823345,0.029859380796551704,0.21047890186309814,0.2898927463409068
test,central,1_139_2021-11-26_2_L.png,1.0,0.017455248162150383,0.0687679648399353,0.2691945731639862,0.4075893513392657
test,central,1_155_2020-09-30_1_R.png,1.0,0.009675745852291584,0.034526366740465164,0.19251398742198944,0.3093543811426075
test,central,1_155_2020-09-30_2_R.png,1.0,0.011502143926918507,0.04135886952280998,0.2166200876235962,0.33049776110247797
test,central,1_155_2020-09-30_3_R.png,1.0,0.010483639314770699,0.03974699601531029,0.23068609833717346,0.3222043284426697
test,central,1_74_2020-05-07_1_R.png,1.0,0.011523530818521976,0.07091891765594482,0.2488897442817688,0.37764541167046195
test,central,1_74_2020-01-08_1_R.png,1.0,0.013023008592426777,0.061325423419475555,0.27143174409866333,0.37081759695429356
test,central,1_74_2020-05-07_2_R.png,1.0,0.011440250091254711,0.05861230567097664,0.2436715066432953,0.3575982566944069
test,central,3_147_2020-10-20_4_R.png,1.0,0.008080655708909035,0.03628895804286003,0.21427218616008759,0.30318612161261793
test,central,3_147_2020-10-20_2_L.png,1.0,0.008833062835037708,0.0363687127828598,0.22177575528621674,0.3075452942380004
test,central,3_147_2020-10-20_3_L.png,1.0,0.008246623910963535,0.03810911998152733,0.19703011214733124,0.307015404924327
test,central,1_28_2020-11-11_1_R.png,1.0,0.006844544317573309,0.03413898125290871,0.20622479915618896,0.2928125774159773
test,central,1_28_2021-03-24_1_R.png,1.0,0.007045648992061615,0.03681710734963417,0.2178950309753418,0.2982044463638555
test,central,1_28_2020-12-15_1_R.png,1.0,0.006790377199649811,0.03762984275817871,0.20673160254955292,0.2980615306814963
test,central,1_18_2019-05-27_1_R.png,1.0,0.00722886249423027,0.05111490562558174,0.2416829615831375,0.3219815195707435
test,central,1_18_2019-09-23_1_R.png,1.0,0.0070200758054852486,0.03873147442936897,0.24415022134780884,0.3011061811798506
test,central,1_18_2019-04-15_1_R.png,1.0,0.007542322855442762,0.04817097634077072,0.23555710911750793,0.31906121024036443
test,central,5_373_2019-01-10_3_L.png,1.0,0.010581372305750847,0.05396712198853493,0.22722280025482178,0.34537700420160866
test,central,5_373_2019-01-10_2_R.png,1.0,0.00827561505138874,0.03929959982633591,0.19884313642978668,0.3090724252968688
test,central,5_373_2019-01-10_1_R.png,1.0,0.010623445734381676,0.043910782784223557,0.20472612977027893,0.3296149457762526
test,central,5_512_2020-10-27_4_L.png,1.0,0.007037606090307236,0.03552586957812309,0.20425891876220703,0.296104963132265
test,central,5_512_2020-10-27_2_L.png,1.0,0.007026372477412224,0.033855732530355453,0.20825675129890442,0.2933847378473729
test,central,5_512_2019-12-04_1_L.png,1.0,0.007491329684853554,0.04133705794811249,0.24328726530075073,0.3079022307583893
test,central,3_77_2021-01-14_2_L.png,1.0,0.007386475335806608,0.03242962062358856,0.20483431220054626,0.29314150202871214
test,central,3_77_2021-01-14_3_R.png,1.0,0.006534425541758537,0.031545087695121765,0.1983848512172699,0.2869415104600855
test,central,3_77_2021-01-14_1_L.png,1.0,0.007657784037292004,0.03070441260933876,0.2011849731206894,0.2919229643609883
test,central,4_38_2021-12-13_2_L.png,1.0,0.010623208247125149,0.040098223835229874,0.2320421040058136,0.32354817521885376
test,central,4_38_2021-12-13_4_L.png,0.9986422558561648,0.012583307921886444,0.06748079508543015,0.21675603091716766,0.37813691742379557
test,central,4_38_2021-12-13_16_L.png,1.0,0.00951024517416954,0.03373938798904419,0.22621336579322815,0.30717142817818305
test,central,5_727_2022-04-28_2_R.png,1.0,0.0145952757447958,0.07649963349103928,0.24345320463180542,0.40380238843658434
test,central,5_727_2022-05-06_1_R.png,1.0,0.013958191499114037,0.06957407295703888,0.23764777183532715,0.38920085234144197
test,central,5_727_2022-04-28_1_L.png,1.0,0.008800111711025238,0.04010399058461189,0.2162533849477768,0.31330243157730864
test,central,5_429_2021-03-18_3_R.png,1.0,0.010436021722853184,0.03332445025444031,0.21655945479869843,0.311718793050386
test,central,5_429_2021-04-01_1_L.png,0.9999745805795628,0.016091573983430862,0.07008816301822662,0.19528858363628387,0.4020189993676137
test,central,5_429_2021-04-01_3_L.png,1.0,0.01342514343559742,0.055711984634399414,0.19880962371826172,0.3641491346526891
test,central,1_25_2019-02-09_2_L.png,1.0,0.012791631743311882,0.04529866203665733,0.24838677048683167,0.344018981796266
test,central,1_25_2019-02-09_3_L.png,1.0,0.013499841094017029,0.04817512631416321,0.2602245509624481,0.3525788525627418
test,central,1_25_2019-02-09_1_R.png,1.0,0.014683426357805729,0.06355265527963638,0.27871477603912354,0.3837007702984424
test,central,5_659_2019-04-30_4_R.png,1.0,0.01083466038107872,0.055364713072776794,0.2392961084842682,0.3490251899866218
test,central,5_659_2019-04-30_2_R.png,1.0,0.01083466038107872,0.055364713072776794,0.2392961084842682,0.3490251899866218
test,central,5_659_2019-05-30_1_R.png,1.0,0.010246959514915943,0.059508442878723145,0.2522212266921997,0.3523116700330072
test,central,5_629_2020-12-01_1_R.png,1.0,0.010072463192045689,0.044155459851026535,0.18650494515895844,0.3269049279455265
test,central,5_629_2020-11-25_2_R.png,1.0,0.013291661627590656,0.07327067852020264,0.2168993353843689,0.39133258521006525
test,central,5_629_2020-11-25_1_R.png,1.0,0.00884042214602232,0.036564648151397705,0.18274421989917755,0.30789840572132643
test,central,5_633_2021-10-18_3_R.png,1.0,0.009290007874369621,0.03475625067949295,0.1953517645597458,0.30755032946524974
test,central,5_633_2021-10-18_2_R.png,1.0,0.008386965841054916,0.034359902143478394,0.2041969895362854,0.30184016353874044
test,central,5_633_2021-10-13_1_R.png,1.0,0.008199218660593033,0.03789615258574486,0.20577609539031982,0.30640993862497534
test,central,2_6_2021-12-23_1_L.png,1.0,0.00882879737764597,0.02850121632218361,0.21747314929962158,0.29500482939818706
test,central,2_6_2021-12-23_3_R.png,1.0,0.008181693032383919,0.04001634195446968,0.1848696768283844,0.30968438550745225
test,central,2_6_2021-12-23_2_R.png,1.0,0.008485821075737476,0.034334447234869,0.19271409511566162,0.3023557277883149
test,central,4_37_2019-07-12_2_L.png,1.0,0.009791921824216843,0.0333891436457634,0.2068937122821808,0.30819865242493427
test,central,4_37_2019-07-12_3_R.png,1.0,0.009378653019666672,0.03518780693411827,0.234469473361969,0.30873552517626773
test,central,4_37_2019-07-12_1_L.png,1.0,0.010249171406030655,0.03736778348684311,0.18805626034736633,0.31710033561526374
test,central,1_172_2020-11-23_1_L.png,1.0,0.00688150804489851,0.029464658349752426,0.20123092830181122,0.28558407558170573
test,central,1_172_2020-11-26_1_R.png,1.0,0.007058563642203808,0.03589976578950882,0.1988581418991089,0.2968176842434332
test,central,1_172_2020-11-23_2_R.png,1.0,0.007384152617305517,0.0405091866850853,0.20918799936771393,0.30598229183497927
test,central,1_50_2021-06-08_1_L.png,1.0,0.009281309321522713,0.03138585388660431,0.2261093258857727,0.3021394052077085
test,central,1_50_2021-04-09_1_L.png,1.0,0.010421554557979107,0.0345047302544117,0.2424887716770172,0.313515133429742
test,central,1_50_2021-04-09_2_R.png,1.0,0.008667930029332638,0.036839559674263,0.20685158669948578,0.30736549680586905
test,central,5_59_2021-07-12_1_R.png,1.0,0.01021210290491581,0.0500616617500782,0.22733961045742035,0.33708663162436675
test,central,5_59_2021-07-12_3_R.png,1.0,0.016722755506634712,0.0491812527179718,0.2093328833580017,0.37230840177613905
test,central,5_59_2021-07-12_2_L.png,1.0,0.008220827206969261,0.029975248500704765,0.20419251918792725,0.2939300483812324
test,central,4_13_2021-12-04_1_R.png,0.9922283860163282,0.012727757915854454,0.05587147921323776,0.21625275909900665,0.36048008247955954
test,central,4_13_2021-12-04_2_L.png,1.0,0.010868987999856472,0.03443881869316101,0.22080813348293304,0.3159270872383124
test,central,4_13_2021-12-04_3_R.png,1.0,0.011835348792374134,0.050194576382637024,0.23538093268871307,0.3464288448385725
test,central,1_149_2021-03-21_3_L.png,1.0,0.009367936290800571,0.054984040558338165,0.26179757714271545,0.34016925161492756
test,central,1_149_2021-03-21_1_R.png,1.0,0.010437714867293835,0.050319261848926544,0.24217763543128967,0.33876551725182
test,central,1_149_2021-03-21_2_L.png,1.0,0.00993989035487175,0.04720427095890045,0.20268970727920532,0.3310095870444043
test,central,3_6_2019-06-11_2_R.png,1.0,0.012702275067567825,0.044837336987257004,0.2565535306930542,0.34278242428025063
test,central,3_6_2019-12-06_2_R.png,1.0,0.011522367596626282,0.05499481037259102,0.2548394203186035,0.3523050615055995
test,central,3_6_2019-12-06_1_L.png,1.0,0.010815978050231934,0.04130909964442253,0.25165697932243347,0.3265588986941359
test,central,1_64_2020-11-11_2_R.png,1.0,0.008091045543551445,0.053625401109457016,0.22107651829719543,0.3308252693111585
test,central,1_64_2020-11-11_1_L.png,1.0,0.009208654053509235,0.03890671953558922,0.20273661613464355,0.31369573285760866
test,central,4_90_2019-08-29_2_L.png,1.0,0.011112246662378311,0.037889499217271805,0.23655441403388977,0.3227851362306286
test,central,4_90_2019-08-29_1_R.png,1.0,0.009922274388372898,0.03905505686998367,0.22414280474185944,0.3179458384550261
test,central,2_121_2021-02-09_1_L.png,1.0,0.007371549028903246,0.0350932776927948,0.2093370407819748,0.29729517779884523
test,central,2_121_2021-02-09_2_R.png,1.0,0.007548647932708263,0.04439172148704529,0.20946022868156433,0.3130843378963288
test,central,2_134_2020-12-28_2_R.png,1.0,0.008750513195991516,0.0440523661673069,0.22947657108306885,0.31930494653907693
test,central,2_134_2020-12-28_1_L.png,1.0,0.0071443296037614346,0.03011292964220047,0.2026606649160385,0.28809378754284065
test,central,5_180_2020-09-17_2_L.png,1.0,0.010746091604232788,0.052107226103544235,0.18335792422294617,0.34334462498399343
test,central,5_180_2020-09-17_3_L.png,1.0,0.010326575487852097,0.04799668863415718,0.17166469991207123,0.33444535540078174
test,central,1_91_2020-11-26_2_L.png,1.0,0.007672749925404787,0.03941122069954872,0.20985659956932068,0.3058588876251385
test,central,1_91_2020-11-26_1_R.png,1.0,0.00857898686081171,0.0511123463511467,0.22256436944007874,0.32957189755979927
test,central,5_345_2019-01-07_1_R.png,1.0,0.01626206748187542,0.0655575692653656,0.2630259394645691,0.3957702625077218
test,central,5_345_2018-12-07_1_R.png,1.0,0.014846527948975563,0.0552472360432148,0.25029587745666504,0.3714050497817384
test,central,1_156_2019-12-14_1_L.png,1.0,0.006780808325856924,0.033685728907585144,0.2162984013557434,0.29173297918592156
test,central,1_156_2019-12-14_2_R.png,1.0,0.008627401664853096,0.041429903358221054,0.23372173309326172,0.3144403442528776
test,central,1_89_2021-11-25_1_L.png,1.0,0.009077836759388447,0.0528671033680439,0.2103988081216812,0.3351695871298117
test,central,1_89_2021-11-25_2_R.png,1.0,0.008278703317046165,0.036304254084825516,0.21507161855697632,0.3043244740206071
test,central,3_154_2019-04-18_1_L.png,1.0,0.007886133156716824,0.02512538991868496,0.230901837348938,0.28433171024080367
test,central,3_154_2019-04-18_2_R.png,1.0,0.007811437826603651,0.029864700511097908,0.22737887501716614,0.2914513613150286
test,central,1_159_2021-02-12_1_R.png,1.0,0.007127189543098211,0.04353465139865875,0.1862279325723648,0.3093501138596118
test,central,1_159_2021-02-27_1_R.png,1.0,0.008276095613837242,0.0376918688416481,0.19618280231952667,0.3065173746213656
test,central,1_198_2021-08-17_2_R.png,1.0,0.008085427805781364,0.04565506801009178,0.21136802434921265,0.318113594150848
test,central,1_198_2021-08-17_1_L.png,1.0,0.007809467613697052,0.034469202160835266,0.19823899865150452,0.29876562240110205
test,central,4_4_2021-09-04_1_L.png,1.0,0.009847300127148628,0.031660404056310654,0.220597505569458,0.3057598878502507
test,central,4_4_2021-10-15_1_L.png,1.0,0.009653578512370586,0.04065382480621338,0.21889841556549072,0.3189779185965149
test,central,3_37_2022-01-07_2_R.png,1.0,0.009950926527380943,0.0365595817565918,0.19668513536453247,0.3141369326929139
test,central,3_37_2022-01-07_1_L.png,1.0,0.00888758897781372,0.028551630675792694,0.22299838066101074,0.29541573680259964
test,central,1_128_2019-01-15_2_R.png,1.0,0.008683022111654282,0.06135505065321922,0.24320460855960846,0.34645230723544956
test,central,1_128_2019-01-15_1_L.png,1.0,0.009040198288857937,0.03896396979689598,0.252977579832077,0.31283924914261496
test,central,1_144_2018-11-30_1_L.png,1.0,0.008195445872843266,0.04734959825873375,0.26238417625427246,0.32142828935545614
test,central,1_144_2018-11-30_2_R.png,1.0,0.007491451222449541,0.038045112043619156,0.2585982382297516,0.3026657277411273
test,central,1_97_2019-07-17_1_L.png,1.0,0.008924146182835102,0.042980123311281204,0.24825718998908997,0.31857579118275847
test,central,1_97_2019-07-17_2_R.png,1.0,0.010258039459586143,0.07031460851430893,0.2662355303764343,0.3695656218692999
test,central,4_84_2019-11-20_2_R.png,1.0,0.007582534104585648,0.047375693917274475,0.26474419236183167,0.3180221764794128
test,central,4_84_2020-01-08_2_R.png,1.0,0.007279887795448303,0.042685918509960175,0.2577308118343353,0.308858784660697
test,central,1_127_2020-08-18_1_L.png,1.0,0.006896674633026123,0.03940512612462044,0.21496504545211792,0.30148376819084993
test,central,1_127_2020-08-18_2_R.png,1.0,0.006027088034898043,0.03352510184049606,0.20885416865348816,0.2872377594879998
test,central,2_28_2021-07-08_2_L.png,1.0,0.006714236922562122,0.03537575900554657,0.1919609159231186,0.29404719928914513
test,central,2_28_2021-07-08_1_L.png,1.0,0.0078011793084442616,0.04465574398636818,0.1875842660665512,0.3149248626792211
test,central,2_186_2021-09-25_2_R.png,1.0,0.007231893017888069,0.04228142276406288,0.207167848944664,0.3079452980775386
test,central,2_186_2021-09-25_1_L.png,1.0,0.006935672368854284,0.030790267512202263,0.1924581378698349,0.28799767357149075
test,central,5_176_2021-11-11_1_R.png,1.0,0.013602018356323242,0.043380118906497955,0.19624057412147522,0.3455251787873832
test,central,5_176_2021-11-11_2_R.png,1.0,0.01223068404942751,0.04604996740818024,0.19026310741901398,0.34205890956377105
test,central,1_39_2019-11-11_1_R.png,0.9999848565154842,0.011781901121139526,0.07155691832304001,0.26702380180358887,0.3801137456839735
test,central,1_39_2019-11-11_2_L.png,1.0,0.010940300300717354,0.05760878324508667,0.25378307700157166,0.35318952617235483
test,central,1_83_2020-12-05_1_L.png,1.0,0.008402022533118725,0.03646333888173103,0.20429974794387817,0.30527123406063766
test,central,1_83_2020-12-05_2_R.png,1.0,0.008989973925054073,0.05071478709578514,0.21487024426460266,0.3312512191626328
test,central,1_54_2020-08-12_2_R.png,1.0,0.007635721005499363,0.043391723185777664,0.21944859623908997,0.3119832175423984
test,central,1_54_2020-08-12_1_L.png,1.0,0.009071440435945988,0.03791189566254616,0.21524779498577118,0.3113412319153378
test,central,4_35_2019-08-28_2_R.png,1.0,0.009403559379279613,0.06226102262735367,0.23733437061309814,0.3519466484156014
test,central,4_35_2019-09-01_1_R.png,1.0,0.007832640781998634,0.047465503215789795,0.24295854568481445,0.319571904969317
test,central,4_42_2020-05-21_2_L.png,1.0,0.01105585228651762,0.04957739636301994,0.20308959484100342,0.3410622996891933
test,central,4_42_2020-05-21_1_R.png,1.0,0.010583789087831974,0.03713291138410568,0.20953522622585297,0.3186088999119503
test,central,5_385_2022-05-11_1_L.png,1.0,0.012528895400464535,0.05366262048482895,0.2003721296787262,0.3558473873989318
test,central,5_385_2022-05-11_3_L.png,1.0,0.01483223121613264,0.06567695736885071,0.20630300045013428,0.3879173691320995
