split,model,image,severity,risk_target,risk_score
val,central_uncertainty,5_154_2022-07-15_12_R.png,1,0,0.1628452548552612
val,central_uncertainty,5_154_2022-07-15_1_R.png,1,0,0.3490868572390933
val,central_uncertainty,5_154_2022-07-15_2_R.png,1,0,0.3282700453185493
val,central_uncertainty,5_154_2022-07-15_6_L.png,1,0,0.17594098370089972
val,central_uncertainty,5_154_2022-07-15_3_R.png,1,0,0.4320113073587119
val,central_uncertainty,5_154_2022-07-15_11_L.png,1,0,0.03223866947307814
val,central_uncertainty,5_154_2022-07-15_4_R.png,1,0,0.41091286978652986
val,central_uncertainty,5_154_2022-07-15_13_L.png,1,0,0.1254056954764513
val,central_uncertainty,5_154_2022-07-15_7_L.png,1,0,0.4631402928575448
val,central_uncertainty,5_154_2022-07-15_10_L.png,1,0,0.1135791270277804
val,central_uncertainty,5_154_2022-07-15_9_L.png,1,0,0.03005153036574973
val,central_uncertainty,5_154_2022-07-15_5_R.png,1,0,0.03984053692018285
val,central_uncertainty,5_154_2022-07-15_8_L.png,1,0,0.19259025856124376
val,central_uncertainty,5_154_2022-06-20_2_R.png,1,0,0.34076950135201767
val,central_uncertainty,5_154_2022-06-07_1_L.png,2,0,0.2776058178194506
val,central_uncertainty,5_154_2022-06-20_1_L.png,2,0,0.0268935041797455
val,central_uncertainty,5_110_2022-02-14_1_R.png,2,0,0.28118755185935557
val,central_uncertainty,5_110_2022-01-24_2R.png,2,1,0.38920952134738734
val,central_uncertainty,5_110_2022-01-24_1_R.png,2,1,0.3429016395693213
val,central_uncertainty,5_110_2022-02-14_1_R.png,2,0,0.28118755185935557
val,central_uncertainty,5_110_2022-01-24_2R.png,2,1,0.38920952134738734
val,central_uncertainty,5_110_2022-01-24_8_L.png,2,0,0.06428424552309867
val,central_uncertainty,5_110_2022-02-14_8_L.png,2,0,0.17920171658395448
val,central_uncertainty,5_110_2022-01-24_3_R.png,2,1,0.6869542685445942
val,central_uncertainty,5_110_2022-02-14_7_L.png,2,0,0.058446295090038014
val,central_uncertainty,5_110_2022-02-14_1_R.png,2,0,0.28118755185935557
val,central_uncertainty,5_110_2022-01-24_1_R.png,2,1,0.3429016395693213
val,central_uncertainty,5_110_2022-02-14_2_R.png,2,1,0.26544553473858146
val,central_uncertainty,5_110_2022-01-24_2R.png,2,1,0.38920952134738734
val,central_uncertainty,5_110_2022-02-14_9_L.png,2,0,0.06837744188755958
val,central_uncertainty,5_110_2022-01-24_5_R.png,2,0,0.30857168934421775
val,central_uncertainty,5_110_2022-01-24_11_R.png,2,1,0.24877823474137803
val,central_uncertainty,1_187_2021-12-01_8_R.png,0,0,0.5403822349828055
val,central_uncertainty,1_187_2021-12-01_6_L.png,0,0,0.7415043804882663
val,central_uncertainty,1_187_2021-12-01_10_R.png,0,0,0.7074111454827937
val,central_uncertainty,1_187_2021-12-01_11_R.png,0,0,0.06904491936825695
val,central_uncertainty,1_187_2021-12-01_1_L.png,0,0,0.7594858061753899
val,central_uncertainty,1_187_2021-12-01_1_L.png,0,0,0.7594858061753899
val,central_uncertainty,1_187_2021-12-01_15_L.png,0,0,0.7109349258446359
val,central_uncertainty,1_187_2021-12-01_1_L.png,0,0,0.7594858061753899
val,central_uncertainty,1_187_2021-12-01_9_R.png,0,0,0.530151171105644
val,central_uncertainty,1_187_2021-12-01_2_L.png,0,0,0.4847218168711785
val,central_uncertainty,1_187_2021-12-01_3_L.png,0,0,0.11035333094142061
val,central_uncertainty,1_187_2021-12-01_7_L.png,0,0,0.5147249637180461
val,central_uncertainty,1_187_2021-12-01_14_R.png,0,0,0.7198043507353205
val,central_uncertainty,1_187_2021-12-01_5_L.png,0,0,0.42830781631389236
val,central_uncertainty,1_187_2021-12-01_4_L.png,0,0,0.09645255015892468
val,central_uncertainty,1_70_2021-12-02_1_L.png,0,0,0.0740783257050781
val,central_uncertainty,1_70_2021-12-02_3_L.png,0,0,0.2155262563733464
val,central_uncertainty,1_70_2021-12-02_4_L.png,0,0,0.08284069320213994
val,central_uncertainty,1_70_2021-12-02_1_L.png,0,0,0.0740783257050781
val,central_uncertainty,1_70_2021-12-02_5_L.png,0,0,0.4001523178967144
val,central_uncertainty,1_70_2021-12-02_7_R.png,0,0,0.5275251932289018
val,central_uncertainty,1_70_2021-12-02_1_L.png,0,0,0.0740783257050781
val,central_uncertainty,1_70_2021-12-02_2_L.png,0,0,0.03569764687605052
val,central_uncertainty,1_70_2021-12-02_9_R.png,0,0,0.2599522234480282
val,central_uncertainty,1_70_2021-12-02_6_L.png,0,0,0.035406013945567555
val,central_uncertainty,1_70_2021-12-02_8_R.png,0,0,0.7067108513725652
val,central_uncertainty,1_70_2021-12-02_1_L.png,0,0,0.0740783257050781
val,central_uncertainty,3_182_2022-02-23_4_R.png,1,0,0.6275678206015965
val,central_uncertainty,3_182_2022-02-23_3_R.png,1,1,0.5596885561075029
val,central_uncertainty,3_182_2022-02-23_1_R.png,1,0,0.46269061757208724
val,central_uncertainty,3_182_2022-02-23_1_R.png,1,0,0.46269061757208724
val,central_uncertainty,3_182_2022-02-23_8_L.png,1,0,0.5173893421772052
val,central_uncertainty,3_182_2022-02-23_5_R.png,1,0,0.48325114942432057
val,central_uncertainty,3_182_2022-02-23_2_R.png,1,0,0.423935167498188
val,central_uncertainty,3_182_2022-02-23_9_L.png,1,1,0.7915045462231474
val,central_uncertainty,3_182_2022-02-23_10_L.png,1,1,0.5582773682262419
val,central_uncertainty,3_182_2022-02-23_1_R.png,1,0,0.46269061757208724
val,central_uncertainty,3_182_2022-02-23_6_L.png,1,0,0.4883429962055664
val,central_uncertainty,3_182_2022-02-23_7_L.png,1,1,0.5205815289991363
val,central_uncertainty,1_175_2022-05-07_4_R.png,0,0,0.5742943869808302
val,central_uncertainty,1_175_2022-05-07_11_L.png,0,0,0.44666625919509706
val,central_uncertainty,1_175_2022-05-07_8_L.png,0,0,0.5874408972669075
val,central_uncertainty,1_175_2022-05-07_5_L.png,0,0,0.6721042835331144
val,central_uncertainty,1_175_2022-05-07_3_R.png,0,0,0.7288795362738394
val,central_uncertainty,1_175_2022-05-07_1_R.png,0,0,0.6768793065248458
val,central_uncertainty,1_175_2022-05-07_2_R.png,0,0,0.6408176762565522
val,central_uncertainty,1_175_2022-05-07_1_R.png,0,0,0.6768793065248458
val,central_uncertainty,1_175_2022-05-07_1_R.png,0,0,0.6768793065248458
val,central_uncertainty,1_175_2022-05-07_6_L.png,0,0,0.4708251195615478
val,central_uncertainty,1_175_2022-05-07_9_L.png,0,0,0.7674450887560363
val,central_uncertainty,1_175_2022-05-07_7_L.png,0,0,0.5413249306196782
val,central_uncertainty,5_197_2022-07-10_2_R.png,1,1,0.5887642595904667
val,central_uncertainty,5_197_2022-07-10_7_R.png,1,0,0.4904515405411525
val,central_uncertainty,5_197_2022-07-10_6_R.png,1,0,0.14247355236984355
val,central_uncertainty,5_197_2022-07-10_8_R.png,1,0,0.3501804522679604
val,central_uncertainty,5_197_2022-07-10_14_R.png,1,0,0.5420977961149387
val,central_uncertainty,5_197_2022-07-10_4_R.png,1,0,0.6891532877595624
val,central_uncertainty,5_197_2022-07-10_3_R.png,1,1,0.7572343733874127
val,central_uncertainty,5_197_2022-07-10_1_R.png,1,0,0.4828407126589567
val,central_uncertainty,5_197_2022-07-10_5_R.png,1,1,0.656210319771232
val,central_uncertainty,5_197_2022-07-10_1_R.png,2,1,0.4828407126589567
val,central_uncertainty,5_197_2022-07-10_1_R.png,2,1,0.4828407126589567
val,central_uncertainty,3_75_2022-02-11_6_L.png,1,0,0.5300581936393035
val,central_uncertainty,3_75_2021-12-02_2_L.png,1,1,0.643666872383786
val,central_uncertainty,3_75_2022-01-06_1_L.png,1,0,0.47610416220161317
val,central_uncertainty,3_75_2022-02-11_3_L.png,1,0,0.23461305007490033
val,central_uncertainty,3_75_2022-02-11_1_L.png,1,0,0.24116063472572385
val,central_uncertainty,3_75_2022-02-11_4_L.png,1,0,0.31182846970080985
val,central_uncertainty,3_75_2021-12-02_3_R.png,1,1,0.5892675305861971
val,central_uncertainty,3_75_2022-02-11_7_L.png,1,0,0.43311980399368616
val,central_uncertainty,3_75_2022-02-11_2_L.png,1,1,0.663582186924604
val,central_uncertainty,3_75_2022-02-11_5_L.png,1,0,0.219174586507754
val,central_uncertainty,5_123_2022-04-30_4_L.png,1,0,0.39712833324979646
val,central_uncertainty,5_123_2022-04-30_1_L.png,1,0,0.3523213127999989
val,central_uncertainty,5_123_2022-04-30_3_L.png,1,0,0.5006351232661739
val,central_uncertainty,5_123_2022-04-30_5_L.png,1,1,0.736563614594456
val,central_uncertainty,5_123_2022-04-30_2_L.png,1,0,0.06542347573521512
val,central_uncertainty,5_123_2022-04-30_8_R.png,2,0,0.15500234926109843
val,central_uncertainty,5_123_2022-04-30_1_L.png,2,1,0.3523213127999989
val,central_uncertainty,5_123_2022-04-30_7_R.png,2,1,0.5151498120585194
val,central_uncertainty,5_123_2022-04-30_9_R.png,2,1,0.7692831201486108
val,central_uncertainty,5_123_2022-04-30_6_R.png,2,0,0.14948229154270776
val,central_uncertainty,5_513_2022-04-11_1_R.png,2,1,0.40224088869430813
val,central_uncertainty,5_513_2022-05-22_3.png,2,0,0.03274360452593169
val,central_uncertainty,5_513_2022-05-22_7.png,2,1,0.25820972268841985
val,central_uncertainty,5_513_2022-05-22_7.png,2,1,0.25820972268841985
val,central_uncertainty,5_513_2022-05-22_6.png,2,1,0.2868732290633334
val,central_uncertainty,5_513_2022-05-22_5.png,2,0,0.045305458467661826
val,central_uncertainty,5_513_2022-05-22_7.png,2,1,0.25820972268841985
val,central_uncertainty,5_513_2022-05-22_7.png,2,1,0.25820972268841985
val,central_uncertainty,5_513_2022-05-22_7.png,2,1,0.25820972268841985
val,central_uncertainty,4_18_2021-06-16_2_L.png,1,0,0.43729604705232505
val,central_uncertainty,4_18_2021-05-04_2_L.png,1,0,0.4120283885773813
val,central_uncertainty,4_18_2021-07-04_1_L.png,1,0,0.47376145020554017
val,central_uncertainty,4_18_2021-07-04_2_R.png,1,0,0.558692548028207
val,central_uncertainty,4_18_2021-05-04_1_R.png,1,0,0.4681921582241103
val,central_uncertainty,4_18_2021-05-24_2_L.png,1,0,0.4359808437325828
val,central_uncertainty,4_18_2021-05-24_1_R.png,1,0,0.4688468015299065
val,central_uncertainty,4_18_2021-07-04_3_L.png,1,0,0.5833654343601048
val,central_uncertainty,4_18_2021-06-16_1_L.png,1,1,0.7241835556971664
val,central_uncertainty,1_8_2021-03-11_1_L.png,0,0,0.45911052895462223
val,central_uncertainty,1_8_2022-06-21_2_L.png,0,0,0.5949142213423859
val,central_uncertainty,1_8_2021-03-11_2_R.png,0,0,0.3572880614688961
val,central_uncertainty,1_8_2022-06-21_1_R.png,0,0,0.5918985150082057
val,central_uncertainty,1_8_2021-10-28_3_R.png,0,0,0.4875656775055521
val,central_uncertainty,1_8_2021-10-28_2_L.png,0,0,0.8527546814061246
val,central_uncertainty,1_8_2021-10-28_4_R.png,0,0,0.7992186310011407
val,central_uncertainty,1_8_2021-10-28_1_L.png,0,0,0.5398630923651575
val,central_uncertainty,1_75_2022-05-08_3_R.png,0,0,0.6574073361915926
val,central_uncertainty,1_75_2022-05-08_7_L.png,0,0,0.22753848326990445
val,central_uncertainty,1_75_2022-05-08_2_R.png,0,0,0.5125615912060032
val,central_uncertainty,1_75_2022-05-08_4_L.png,0,0,0.5218698365022126
val,central_uncertainty,1_75_2022-05-08_8_R.png,0,0,0.5338221724903366
val,central_uncertainty,1_75_2022-05-08_6_L.png,0,0,0.6494838805661776
val,central_uncertainty,1_75_2022-05-08_5_L.png,0,0,0.4492318158812174
val,central_uncertainty,1_75_2022-05-08_1_R.png,0,0,0.49350751333949844
val,central_uncertainty,2_167_2022-05-02_6_R.png,1,0,0.45615131140559206
val,central_uncertainty,2_167_2022-05-02_9_R.png,1,1,0.6311235652095037
val,central_uncertainty,2_167_2022-05-02_5_L.png,1,0,0.5237741826886281
val,central_uncertainty,2_167_2022-05-02_4_L.png,1,1,0.61050917423934
val,central_uncertainty,2_167_2022-05-02_7_R.png,1,0,0.3162823414070444
val,central_uncertainty,2_167_2022-05-02_1_L.png,1,0,0.2701907060527966
val,central_uncertainty,2_167_2022-05-02_3_L.png,1,0,0.38816270993867713
val,central_uncertainty,2_167_2022-05-02_10_R.png,1,0,0.6393258976035776
val,central_uncertainty,2_62_2022-02-19_3_L.png,1,1,0.7191101999543276
val,central_uncertainty,2_62_2020-10-09_1_L.png,1,0,0.6405454982396646
val,central_uncertainty,2_62_2021-01-25_1_L.png,1,0,0.36132606413181395
val,central_uncertainty,2_62_2021-01-25_3_R.png,1,0,0.040607184886247226
val,central_uncertainty,2_62_2022-02-19_2_L.png,1,0,0.6466448551065423
val,central_uncertainty,2_62_2020-11-13_1_L.png,1,0,0.4560593726075137
val,central_uncertainty,2_62_2022-02-19_1_L.png,1,0,0.567196518774223
val,central_uncertainty,5_531_2021-09-01_3_R.png,1,0,0.6683938431501301
val,central_uncertainty,5_531_2021-09-01_7_R.png,1,0,0.644114812978069
val,central_uncertainty,5_531_2021-09-01_5_L.png,2,0,0.2659075691389453
val,central_uncertainty,5_531_2021-09-01_4_L.png,2,1,0.5613304525296205
val,central_uncertainty,5_531_2021-09-01_2_L.png,2,1,0.682181779810376
val,central_uncertainty,5_531_2021-09-01_6_L.png,2,1,0.48453536734454206
val,central_uncertainty,5_531_2021-09-01_1_L.png,2,1,0.6777903211508266
val,central_uncertainty,1_41_2022-07-04_2_L.png,0,0,0.6126921093109002
val,central_uncertainty,1_41_2022-07-04_3_L.png,0,0,0.6267055232354243
val,central_uncertainty,1_41_2022-07-04_4_L.png,0,0,0.7427632502284691
val,central_uncertainty,1_41_2022-07-04_1_L.png,0,0,0.2561017262312725
val,central_uncertainty,1_41_2022-07-04_5_L.png,0,0,0.4179367047109316
val,central_uncertainty,1_41_2022-07-04_6_L.png,0,0,0.5007606035438918
val,central_uncertainty,1_41_2022-07-04_7_L.png,0,0,0.34569994842208523
val,central_uncertainty,1_197_2021-12-24_4_R.png,0,0,0.36316521168967636
val,central_uncertainty,1_197_2021-12-24_3_L.png,0,0,0.792909922369055
val,central_uncertainty,1_197_2021-12-24_6_R.png,0,0,0.8453332288637943
val,central_uncertainty,1_197_2021-12-07_1_L.png,0,0,0.6030489265638772
val,central_uncertainty,1_197_2021-12-24_2_R.png,0,0,0.7233138967490609
val,central_uncertainty,1_197_2021-12-24_5_R.png,0,0,0.408603668355908
val,central_uncertainty,1_197_2021-12-24_1_R.png,0,0,0.761917883342007
val,central_uncertainty,4_85_2022-07-08_6_L.png,1,1,0.5871490977938163
val,central_uncertainty,4_85_2022-07-08_1_L.png,1,0,0.05884277829622473
val,central_uncertainty,4_85_2022-07-08_2_L.png,1,0,0.19688063515941995
val,central_uncertainty,4_85_2022-07-08_3_L.png,1,0,0.2308920355472269
val,central_uncertainty,4_85_2022-07-08_4_L.png,1,0,0.27839813273130654
val,central_uncertainty,4_85_2022-07-08_5_L.png,1,0,0.299806132690058
val,central_uncertainty,5_195_2022-05-13_9_L.png,2,0,0.3318263484237702
val,central_uncertainty,5_195_2022-05-13_6_L.png,2,0,0.28857654718745634
val,central_uncertainty,5_195_2022-05-13_7_L.png,2,1,0.5288290978823331
val,central_uncertainty,5_195_2022-05-13_10_L.png,2,0,0.16430144372284317
val,central_uncertainty,5_195_2022-05-13_8_L.png,2,0,0.10418696126784993
val,central_uncertainty,5_195_2022-05-13_12_L.png,2,0,0.24898179044927413
val,central_uncertainty,5_609_2020-01-07_2_R.png,2,0,0.07844582621759232
val,central_uncertainty,5_609_2019-12-04_2_R.png,2,1,0.578978111013609
val,central_uncertainty,5_609_2020-01-07_1_L.png,2,0,0.4156196356427
val,central_uncertainty,5_609_2019-12-04_1_R.png,2,0,0.3380215033798243
val,central_uncertainty,5_609_2019-12-26_1_L.png,2,1,0.5501695833462049
val,central_uncertainty,5_609_2019-12-26_2_R.png,2,0,0.4082771619310586
val,central_uncertainty,2_8_2022-06-20_1_L.png,1,0,0.3956682982825336
val,central_uncertainty,2_8_2022-06-20_6_L.png,1,0,0.33190129059424356
val,central_uncertainty,2_8_2022-06-20_2_L.png,1,0,0.17648964745689216
val,central_uncertainty,2_8_2022-06-20_5_L.png,1,0,0.2175619906135456
val,central_uncertainty,2_8_2022-06-20_4_L.png,1,0,0.11685294956931377
val,central_uncertainty,2_8_2022-06-20_3_L.png,1,0,0.6985503090409142
val,central_uncertainty,2_21_2022-04-29_4_R.png,1,1,0.7020342926634412
val,central_uncertainty,2_21_2022-04-29_2_R.png,1,1,0.5759632620964013
val,central_uncertainty,2_21_2022-04-29_1_R.png,1,0,0.5699967685603614
val,central_uncertainty,2_21_2022-04-29_3_R.png,1,1,0.792997218605294
val,central_uncertainty,2_21_2022-04-29_6_R.png,1,1,0.562161302370532
val,central_uncertainty,2_21_2022-04-29_5_R.png,1,0,0.4621032218011282
val,central_uncertainty,4_7_2022-06-20_4_R.png,1,0,0.664817473342788
val,central_uncertainty,4_7_2022-06-20_5_R.png,1,0,0.5282513647295984
val,central_uncertainty,4_7_2022-06-20_1_R.png,1,0,0.49199413411119
val,central_uncertainty,4_7_2022-06-20_3_R.png,1,1,0.6634373532888314
val,central_uncertainty,4_7_2022-06-20_2_R.png,1,0,0.5261606324546242
val,central_uncertainty,4_7_2022-06-20_6_R.png,1,0,0.4007298698033196
val,central_uncertainty,5_336_2021-09-03_3_R.png,2,0,0.038070345931160945
val,central_uncertainty,5_336_2020-12-25_2_R.png,2,0,0.04671528726079767
val,central_uncertainty,5_336_2021-05-09_1_R.png,2,0,0.040754822457430846
val,central_uncertainty,5_336_2021-09-03_4_R.png,2,0,0.04053666434644453
val,central_uncertainty,5_336_2020-10-08_1_R.png,2,0,0.08390980843771366
val,central_uncertainty,5_336_2020-10-08_2_R.png,2,0,0.04266548587127165
val,central_uncertainty,1_82_2018-12-06_2_R.png,0,0,0.2873636325166298
val,central_uncertainty,1_82_2020-12-10_2_R.png,0,0,0.5890757948987256
val,central_uncertainty,1_82_2020-12-10_1_L.png,0,0,0.5358890293406213
val,central_uncertainty,1_82_2022-05-07_1_L.png,0,0,0.41247993768587565
val,central_uncertainty,1_82_2018-12-06_1_L.png,0,0,0.4670138088340101
val,central_uncertainty,1_82_2022-05-07_2_R.png,0,0,0.5731178079356273
val,central_uncertainty,5_627_2022-06-29_7_L.png,2,0,0.1039667149517511
val,central_uncertainty,5_627_2022-06-29_12_R.png,2,1,0.39647972529861986
val,central_uncertainty,5_627_2022-06-29_11_L.png,2,1,0.6064607227743236
val,central_uncertainty,5_627_2022-06-29_8_L.png,2,0,0.03978852267550779
val,central_uncertainty,5_627_2022-06-29_9_L.png,2,0,0.15182428126861697
val,central_uncertainty,5_627_2022-06-29_13_L.png,2,0,0.19513948166486667
val,central_uncertainty,4_24_2020-08-19_6_R.png,1,0,0.044720371717380136
val,central_uncertainty,4_24_2020-09-07_1_L.png,1,0,0.2796441180933473
val,central_uncertainty,4_24_2020-08-19_5_R.png,1,0,0.022950368246716344
val,central_uncertainty,4_24_2020-09-07_2_R.png,1,0,0.14144193442933878
val,central_uncertainty,4_24_2020-08-19_4_L.png,1,0,0.14663465857644067
val,central_uncertainty,5_357_2022-05-04_8_L.png,2,0,0.030945265787418977
val,central_uncertainty,5_357_2022-05-04_9_L.png,2,0,0.02926930543192508
val,central_uncertainty,5_357_2022-05-04_7_L.png,2,0,0.030014057636751582
val,central_uncertainty,5_357_2022-05-04_11_L.png,2,0,0.0633747921603728
val,central_uncertainty,5_357_2022-05-04_10_L.png,2,0,0.053339524515753516
val,central_uncertainty,5_75_2022-03-13_4_R.png,2,0,0.8432039891960833
val,central_uncertainty,5_75_2022-03-13_3_R.png,2,0,0.0297147211325538
val,central_uncertainty,5_75_2022-03-13_5_R.png,2,0,0.3537098841272647
val,central_uncertainty,5_75_2022-03-13_1_R.png,2,0,0.028377290020162756
val,central_uncertainty,5_75_2022-03-13_2_R.png,2,0,0.11240425285873783
val,central_uncertainty,1_96_2020-08-19_2_R.png,0,0,0.6198157424235543
val,central_uncertainty,1_96_2020-08-19_1_R.png,0,0,0.5290924442467487
val,central_uncertainty,1_96_2020-03-17_3_R.png,0,0,0.5409480958129421
val,central_uncertainty,1_96_2020-03-17_2_R.png,0,0,0.6035153890227377
val,central_uncertainty,1_96_2020-03-17_1_R.png,0,0,0.7128813160287931
val,central_uncertainty,5_654_2022-04-26_1_R.png,1,0,0.380161996878237
val,central_uncertainty,5_654_2022-04-26_2_R.png,1,1,0.6615404996937345
val,central_uncertainty,5_654_2022-04-26_11_R.png,1,0,0.17002771323836716
val,central_uncertainty,5_654_2022-04-26_3_R.png,1,1,0.6474157673549027
val,central_uncertainty,5_654_2022-04-26_5_R.png,1,1,0.5802870307208559
val,central_uncertainty,4_66_2022-02-27_4_R.png,1,0,0.03714454342756773
val,central_uncertainty,4_66_2022-02-27_2_R.png,1,0,0.24393510882721697
val,central_uncertainty,4_66_2022-02-27_3_R.png,1,0,0.45963753963268045
val,central_uncertainty,4_66_2022-02-27_5_R.png,1,0,0.03593603282979262
val,central_uncertainty,4_66_2022-02-27_1_R.png,1,0,0.055509803389364
val,central_uncertainty,2_25_2021-07-07_2_L.png,1,0,0.5409759819559523
val,central_uncertainty,2_25_2021-05-21_2_R.png,1,0,0.372016620431373
val,central_uncertainty,2_25_2021-05-21_1_L.png,1,0,0.45615628875033626
val,central_uncertainty,2_25_2021-05-21_3_R.png,1,0,0.4051420177605676
val,central_uncertainty,2_25_2021-07-07_1_L.png,1,0,0.4935096642997881
val,central_uncertainty,5_425_2022-06-13_4_R.png,2,1,0.7214789167450422
val,central_uncertainty,5_425_2022-06-13_1_R.png,2,1,0.517955162739541
val,central_uncertainty,5_425_2022-06-13_6_R.png,2,0,0.47004277545534967
val,central_uncertainty,5_425_2022-06-13_2_R.png,2,0,0.06762130039426838
val,central_uncertainty,5_425_2022-06-13_3_R.png,2,0,0.35896407550994835
val,central_uncertainty,5_226_2020-11-24_2_L.png,2,0,0.0517106711963701
val,central_uncertainty,5_226_2020-11-24_1_L.png,2,0,0.05664558796578055
val,central_uncertainty,5_226_2020-12-09_1_R.png,2,0,0.047626006748759726
val,central_uncertainty,5_226_2020-12-01_2_R.png,2,0,0.19432976925563858
val,central_uncertainty,5_226_2020-12-01_1_L.png,2,0,0.13361931916008052
val,central_uncertainty,1_170_2021-04-01_1_R.png,0,0,0.7505081731180978
val,central_uncertainty,1_170_2021-04-01_2_R.png,0,0,0.7416815848297595
val,central_uncertainty,1_170_2021-04-01_3_R.png,0,0,0.7164233840836496
val,central_uncertainty,1_170_2021-04-11_1_R.png,0,0,0.4353712982005923
val,central_uncertainty,1_170_2021-04-01_4_R.png,0,0,0.745677554051573
val,central_uncertainty,4_92_2021-03-16_1_R.png,1,0,0.559714721902145
val,central_uncertainty,4_92_2020-03-04_1_R.png,1,1,0.729973608782786
val,central_uncertainty,4_92_2021-03-16_2_L.png,1,0,0.45819784156866467
val,central_uncertainty,4_92_2020-03-04_2_L.png,1,1,0.6459326710774701
val,central_uncertainty,4_92_2021-07-26_1_L.png,1,0,0.46464934611717773
val,central_uncertainty,1_146_2021-11-03_1_L.png,0,0,0.629355411889277
val,central_uncertainty,1_146_2021-11-03_2_L.png,0,0,0.3123426655563748
val,central_uncertainty,1_146_2021-11-03_3_R.png,0,0,0.5618913255007664
val,central_uncertainty,1_146_2019-06-10_1_L.png,0,0,0.5648509860079481
val,central_uncertainty,1_146_2019-06-10_2_R.png,0,0,0.11778874013445255
val,central_uncertainty,5_693_2022-06-24_4_R.png,1,0,0.7033342419063819
val,central_uncertainty,5_693_2022-06-24_1_R.png,1,0,0.196363906039027
val,central_uncertainty,5_693_2022-06-24_3_R.png,1,0,0.256405107943136
val,central_uncertainty,5_693_2022-06-24_2_R.png,1,1,0.6414866104913349
val,central_uncertainty,5_693_2022-06-24_5_R.png,1,0,0.18014341920719798
val,central_uncertainty,1_190_2021-10-18_4_R.png,0,0,0.5992234548679568
val,central_uncertainty,1_190_2021-10-18_1_R.png,0,0,0.05741084051278124
val,central_uncertainty,1_190_2021-10-18_3_L.png,0,0,0.6545103469708414
val,central_uncertainty,1_190_2021-10-18_5_R.png,0,0,0.6879685070508907
val,central_uncertainty,1_190_2021-10-18_2_L.png,0,0,0.6663882344727949
val,central_uncertainty,5_463_2022-02-27_4_L.png,2,0,0.040290375766732674
val,central_uncertainty,5_463_2022-02-27_5_L.png,2,0,0.030301169447076035
val,central_uncertainty,5_463_2022-02-27_1_L.png,2,0,0.03850152425432201
val,central_uncertainty,5_463_2022-02-27_2_L.png,2,0,0.0202666857223024
val,central_uncertainty,5_463_2022-02-27_3_L.png,2,0,0.042919838951951866
val,central_uncertainty,5_550_2021-06-28_6_R.png,2,0,0.13412861893468594
val,central_uncertainty,5_550_2021-06-28_3_R.png,2,0,0.04656233183008571
val,central_uncertainty,5_550_2021-06-06_2_R.png,2,1,0.4349342067834911
val,central_uncertainty,5_550_2021-06-28_4_R.png,2,0,0.11794788694693059
val,central_uncertainty,5_550_2021-06-28_5_R.png,2,0,0.07576338454633666
val,central_uncertainty,2_58_2021-08-25_5_R.png,1,1,0.674060399755532
val,central_uncertainty,2_58_2021-08-25_4_R.png,1,1,0.6708516008013011
val,central_uncertainty,2_58_2021-08-25_3_R.png,1,1,0.5961514931766527
val,central_uncertainty,2_58_2021-08-25_1_L.png,1,0,0.4226663933584421
val,central_uncertainty,2_58_2021-08-25_2_L.png,1,0,0.40812742551740866
val,central_uncertainty,5_375_2022-01-08_6_L.png,1,0,0.5357122444854209
val,central_uncertainty,5_375_2022-01-08_8_L.png,1,1,0.5688587361527281
val,central_uncertainty,5_375_2022-01-08_7_R.png,2,0,0.06831412045816553
val,central_uncertainty,5_375_2022-01-08_4_R.png,2,0,0.1313528435817951
val,central_uncertainty,5_375_2022-01-08_2_R.png,2,0,0.036300277598549584
val,central_uncertainty,5_644_2022-02-11_2_L.png,2,0,0.5303751711862865
val,central_uncertainty,5_644_2022-02-11_1_L.png,2,1,0.4843929764567638
val,central_uncertainty,5_644_2022-02-11_1_L.png,2,1,0.4843929764567638
val,central_uncertainty,5_644_2022-02-11_3_L.png,2,1,0.7236506494342194
val,central_uncertainty,3_148_2022-03-30_1_R.png,1,0,0.36526128695068566
val,central_uncertainty,3_148_2021-12-09_9_R.png,1,0,0.43712111428644324
val,central_uncertainty,3_148_2022-03-30_2_L.png,1,0,0.33024085556213945
val,central_uncertainty,3_148_2021-12-09_10_R.png,1,1,0.6965266391342811
val,central_uncertainty,1_165_2021-07-18_2_R.png,0,0,0.3554838493158474
val,central_uncertainty,1_165_2021-07-18_1_L.png,0,0,0.5604354696944881
val,central_uncertainty,1_165_2020-07-25_1_L.png,0,0,0.6168926440123006
val,central_uncertainty,1_165_2020-07-25_2_R.png,0,0,0.5921012662065847
val,central_uncertainty,5_730_2021-04-26_1_L.png,2,1,0.2529380892862573
val,central_uncertainty,5_730_2021-08-16_3_R.png,2,0,0.09844249572512996
val,central_uncertainty,5_730_2021-07-31_2_R.png,2,1,0.4616323767873015
val,central_uncertainty,5_730_2021-04-26_2_R.png,1,0,0.3181362655901396
val,central_uncertainty,3_153_2021-07-14_2_R.png,1,1,0.6245675615058132
val,central_uncertainty,3_153_2021-07-14_1_R.png,1,0,0.3929465809179098
val,central_uncertainty,3_153_2021-07-14_4_L.png,1,0,0.12053150833523887
val,central_uncertainty,3_153_2021-07-14_3_L.png,1,0,0.47147343303912975
val,central_uncertainty,1_105_2020-04-14_2_R.png,0,0,0.33102125234528057
val,central_uncertainty,1_105_2019-09-15_1_L.png,0,0,0.4815365468992618
val,central_uncertainty,1_105_2019-09-15_2_R.png,0,0,0.6223376493491649
val,central_uncertainty,1_105_2020-04-14_1_L.png,0,0,0.5169986967751435
val,central_uncertainty,1_45_2022-03-06_2_L.png,0,0,0.7173129461305502
val,central_uncertainty,1_45_2019-03-25_2_R.png,0,0,0.7577135279008314
val,central_uncertainty,1_45_2019-03-25_1_L.png,0,0,0.7085172938949421
val,central_uncertainty,1_45_2022-03-06_1_R.png,0,0,0.7612656563434735
val,central_uncertainty,5_321_2021-09-15_1_R.png,2,1,0.3018413799662721
val,central_uncertainty,5_321_2021-09-09_2_R.png,2,1,0.25414809018596685
val,central_uncertainty,5_321_2021-09-09_1_R.png,2,1,0.2604131923473794
val,central_uncertainty,5_321_2021-09-15_2_R.png,2,1,0.29064168906595167
val,central_uncertainty,5_18_2021-08-13_1_R.png,2,0,0.15279096224733107
val,central_uncertainty,5_18_2021-08-13_2_R.png,2,0,0.06581473161941706
val,central_uncertainty,5_18_2021-08-21_1_R.png,2,0,0.07609577094193658
val,central_uncertainty,5_18_2021-08-21_2_R.png,2,0,0.19988447340886487
test,central_uncertainty,1_200_2021-05-13_4_R.png,0,0,0.5929482780154895
test,central_uncertainty,1_200_2021-05-13_3_R.png,0,0,0.28217460018515617
test,central_uncertainty,1_200_2021-05-13_2_L.png,0,0,0.42094193394108625
test,central_uncertainty,1_200_2021-05-13_1_R.png,0,0,0.2894868603513996
test,central_uncertainty,1_26_2020-11-20_3_R.png,0,0,0.6409601082939687
test,central_uncertainty,1_26_2020-11-20_2_R.png,0,0,0.6705694617223636
test,central_uncertainty,1_26_2020-11-20_4_L.png,0,0,0.6518359859700837
test,central_uncertainty,1_26_2020-11-20_1_R.png,0,0,0.5274257941653124
test,central_uncertainty,3_27_2019-04-25_1_L.png,1,1,0.7104137913459896
test,central_uncertainty,3_27_2019-03-06_1_R.png,1,0,0.7200688700933875
test,central_uncertainty,3_27_2019-04-25_2_R.png,1,1,0.7649876533217516
test,central_uncertainty,3_27_2019-03-06_2_L.png,1,0,0.5655821882776367
test,central_uncertainty,5_238_2021-03-09_2_L.png,1,0,0.3619658232252667
test,central_uncertainty,5_238_2021-03-16_1_L.png,1,0,0.36344289472529395
test,central_uncertainty,5_238_2021-03-16_3_R.png,2,0,0.23238645900131344
test,central_uncertainty,5_238_2021-03-09_1_R.png,2,0,0.03416983728366931
test,central_uncertainty,5_192_2021-06-04_1_L.png,2,0,0.02420845620435563
test,central_uncertainty,5_192_2022-03-08_2_L.png,2,0,0.035421214145192635
test,central_uncertainty,5_192_2022-03-08_1_L.png,2,0,0.032198003985869805
test,central_uncertainty,5_192_2021-06-04_2_L.png,2,0,0.029592230068148494
test,central_uncertainty,5_567_2019-05-17_1_R.png,2,0,0.1914154589883372
test,central_uncertainty,5_567_2019-05-24_1_R.png,2,0,0.2699422250832725
test,central_uncertainty,5_567_2019-06-14_2_R.png,2,0,0.03282838729222442
test,central_uncertainty,5_567_2019-05-17_2_L.png,2,1,0.29916900800525736
test,central_uncertainty,3_14_2021-01-27_3_R.png,1,1,0.749813247597937
test,central_uncertainty,3_14_2021-01-27_1_L.png,1,0,0.34964595894191186
test,central_uncertainty,3_14_2021-01-27_2_L.png,1,0,0.07851563168046385
test,central_uncertainty,3_14_2021-01-27_4_R.png,1,1,0.5944684082430436
test,central_uncertainty,5_39_2021-11-14_2_L.png,2,0,0.16719573759443684
test,central_uncertainty,5_39_2021-11-14_5_L.png,2,0,0.12164375405226627
test,central_uncertainty,5_39_2021-11-14_3_L.png,2,0,0.1450184427232113
test,central_uncertainty,5_39_2021-11-14_4_L.png,2,0,0.10751680761899776
test,central_uncertainty,5_35_2021-07-27_1_R.png,1,0,0.4762055767599252
test,central_uncertainty,5_35_2021-07-27_2_R.png,1,0,0.41947275653829
test,central_uncertainty,5_35_2021-07-27_4_R.png,2,0,0.49460117842888046
test,central_uncertainty,5_35_2021-08-23_1_R.png,2,0,0.5249198398384185
test,central_uncertainty,1_181_2019-03-01_2_R.png,0,0,0.4002377122795251
test,central_uncertainty,1_181_2022-07-08_1_R.png,0,0,0.529903257088449
test,central_uncertainty,1_181_2019-03-01_1_L.png,0,0,0.5057690276744967
test,central_uncertainty,1_181_2022-07-08_2_L.png,0,0,0.5715311243877867
test,central_uncertainty,5_118_2022-04-21_2_L.png,2,0,0.042101338327738935
test,central_uncertainty,5_118_2022-04-21_3_R.png,2,0,0.05601811657324426
test,central_uncertainty,5_118_2022-04-21_1_L.png,2,0,0.034119288548200004
test,central_uncertainty,5_118_2022-04-21_4_R.png,2,0,0.05215853229450337
test,central_uncertainty,1_143_2019-09-11_1_L.png,0,0,0.6886509363071531
test,central_uncertainty,1_143_2019-09-11_2_R.png,0,0,0.5638132595914503
test,central_uncertainty,1_143_2019-03-04_2_R.png,0,0,0.5334220789309476
test,central_uncertainty,1_143_2019-03-04_1_L.png,0,0,0.7442340467962422
test,central_uncertainty,2_100_2022-05-31_9_L.png,1,0,0.1825673434925942
test,central_uncertainty,2_100_2022-05-31_2_L.png,1,1,0.6353157971589428
test,central_uncertainty,2_100_2022-05-31_13_R.png,1,0,0.27264194836041766
test,central_uncertainty,2_100_2022-05-31_1_R.png,1,1,0.6822611491206494
test,central_uncertainty,2_4_2021-10-21_3_L.png,1,0,0.3752010459049889
test,central_uncertainty,2_4_2021-10-21_2_R.png,1,1,0.7970150162539165
test,central_uncertainty,2_4_2021-10-21_1_R.png,1,0,0.4037966017318666
test,central_uncertainty,2_4_2021-10-21_4_R.png,1,1,0.7020061344687789
test,central_uncertainty,5_179_2020-09-27_1_R.png,2,0,0.06081236128239829
test,central_uncertainty,5_179_2020-09-27_2_R.png,2,0,0.05454777438768179
test,central_uncertainty,5_179_2020-09-27_4_L.png,1,0,0.3247931759523319
test,central_uncertainty,5_179_2020-09-27_3_L.png,1,0,0.2717414717325726
test,central_uncertainty,1_19_2021-10-10_2_L.png,0,0,0.6039115933107433
test,central_uncertainty,1_19_2020-10-25_1_L.png,0,0,0.6289438638558323
test,central_uncertainty,1_19_2021-10-10_1_R.png,0,0,0.6311004421288243
test,central_uncertainty,1_19_2020-10-25_2_R.png,0,0,0.7040626615539646
test,central_uncertainty,1_46_2021-07-29_1_R.png,0,0,0.6118851115042648
test,central_uncertainty,1_46_2021-02-28_1_R.png,0,0,0.2777128057586071
test,central_uncertainty,1_46_2021-07-18_1_R.png,0,0,0.3958478750967035
test,central_uncertainty,1_46_2021-02-28_2_R.png,0,0,0.7538380616126343
test,central_uncertainty,1_87_2021-05-05_4_L.png,0,0,0.3866819488827521
test,central_uncertainty,1_87_2021-05-05_3_L.png,0,0,0.3719298143404337
test,central_uncertainty,1_87_2021-05-05_1_R.png,0,0,0.5118616243602209
test,central_uncertainty,1_87_2021-05-05_2_L.png,0,0,0.408037754633136
test,central_uncertainty,1_40_2019-03-21_1_R.png,0,0,0.5312170436503271
test,central_uncertainty,1_40_2020-12-11_1_R.png,0,0,0.6637255512226186
test,central_uncertainty,1_40_2019-03-21_2_L.png,0,0,0.6254962364437704
test,central_uncertainty,1_40_2020-12-11_2_L.png,0,0,0.5485919880108487
test,central_uncertainty,5_588_2019-04-30_1_L.png,2,0,0.1318421077239893
test,central_uncertainty,5_588_2019-04-30_3_L.png,2,0,0.1318421077239893
test,central_uncertainty,5_588_2019-04-30_4_L.png,2,0,0.04952960276445107
test,central_uncertainty,5_588_2019-04-30_2_L.png,2,0,0.04952960276445107
test,central_uncertainty,1_195_2021-07-22_1_R.png,0,0,0.7699403490974315
test,central_uncertainty,1_195_2021-07-22_2_L.png,0,0,0.27220388651822497
test,central_uncertainty,1_195_2020-07-31_1_R.png,0,0,0.771922716748461
test,central_uncertainty,1_195_2020-07-31_2_L.png,0,0,0.6144805074764111
test,central_uncertainty,5_84_2021-07-06_3_R.png,2,0,0.11628144977047611
test,central_uncertainty,5_84_2021-09-19_1_L.png,2,1,0.44751239853270003
test,central_uncertainty,5_84_2021-07-06_1_L.png,2,1,0.3709866665930911
test,central_uncertainty,5_84_2021-09-19_2_L.png,2,1,0.6873477470321884
test,central_uncertainty,5_27_2021-10-11_1_L.png,2,1,0.686549022977535
test,central_uncertainty,5_27_2021-11-28_2_L.png,2,0,0.24408639460975926
test,central_uncertainty,5_27_2021-10-11_3_R.png,2,0,0.03416391538823831
test,central_uncertainty,5_27_2021-10-11_2_L.png,2,1,0.3665475255572709
test,central_uncertainty,5_313_2020-09-29_2_L.png,2,0,0.30318227106958057
test,central_uncertainty,5_313_2020-09-29_1_R.png,2,0,0.04164527476089615
test,central_uncertainty,5_313_2020-10-21_1_L.png,2,0,0.07439288209736226
test,central_uncertainty,5_313_2020-10-21_2_R.png,2,0,0.03715179840342936
test,central_uncertainty,5_280_2022-05-24_2_L.png,2,0,0.04130444805610825
test,central_uncertainty,5_280_2022-05-24_1_L.png,2,0,0.07779228091595658
test,central_uncertainty,5_280_2022-05-24_4_R.png,2,0,0.05654163105026821
test,central_uncertainty,5_280_2022-05-24_3_R.png,2,0,0.03948559707109449
test,central_uncertainty,3_81_2021-01-22_2_L.png,1,0,0.49403551335030393
test,central_uncertainty,3_81_2021-01-22_1_L.png,1,0,0.13570094490709517
test,central_uncertainty,3_81_2021-01-22_3_R.png,1,0,0.4735223148848393
test,central_uncertainty,3_81_2021-06-02_3_R.png,1,0,0.34875594059224974
test,central_uncertainty,1_202_2021-09-12_1_R.png,0,0,0.5439061798342741
test,central_uncertainty,1_202_2021-09-12_2_R.png,0,0,0.5096006290713658
test,central_uncertainty,1_202_2021-09-12_3_L.png,0,0,0.13793785481499163
test,central_uncertainty,1_202_2021-09-12_4_L.png,0,0,0.14077644428169833
test,central_uncertainty,3_115_2022-04-16_1_R.png,1,0,0.76000975305035
test,central_uncertainty,3_115_2022-02-21_2_R.png,1,0,0.5942913823428942
test,central_uncertainty,3_115_2022-04-16_2_L.png,1,1,0.7246813365812784
test,central_uncertainty,3_115_2022-02-21_1_L.png,1,0,0.6304986778735593
test,central_uncertainty,5_496_2019-11-04_1_R.png,2,0,0.04194971969902741
test,central_uncertainty,5_496_2019-05-07_1_R.png,2,0,0.22865089621385343
test,central_uncertainty,5_496_2019-05-19_2_R.png,2,0,0.2073079776949986
test,central_uncertainty,5_496_2019-06-13_1_R.png,2,0,0.09935637651225646
test,central_uncertainty,5_234_2020-12-02_1_L.png,2,1,0.5491854679339737
test,central_uncertainty,5_234_2020-12-02_2_L.png,2,1,0.5426039885521726
test,central_uncertainty,5_234_2020-10-28_1_L.png,2,1,0.3794837807274317
test,central_uncertainty,5_234_2020-11-16_1_L.png,2,1,0.47720330341459205
test,central_uncertainty,5_291_2019-05-05_1_L.png,2,0,0.16122781845498282
test,central_uncertainty,5_291_2019-05-06_2_L.png,2,0,0.11363678200735564
test,central_uncertainty,5_291_2019-05-06_1_R.png,2,1,0.5996500761146016
test,central_uncertainty,5_291_2019-05-05_2_R.png,2,1,0.672678316934225
test,central_uncertainty,1_59_2019-01-30_1_R.png,0,0,0.09572914603566827
test,central_uncertainty,1_59_2019-01-30_2_R.png,0,0,0.32716062883311076
test,central_uncertainty,1_59_2019-01-30_4_L.png,0,0,0.2283018119589429
test,central_uncertainty,1_59_2019-01-30_3_L.png,0,0,0.03015980479717954
test,central_uncertainty,3_19_2021-08-06_1_L.png,1,0,0.5061574044083669
test,central_uncertainty,3_19_2021-08-06_3_R.png,1,0,0.5932345672807178
test,central_uncertainty,3_19_2021-12-09_2_L.png,1,0,0.4596942740714897
test,central_uncertainty,3_19_2021-08-06_2_L.png,1,1,0.664446729686988
test,central_uncertainty,5_93_2019-09-09_3_R.png,2,1,0.49023121146950716
test,central_uncertainty,5_93_2019-09-09_1_L.png,2,1,0.5314835689860284
test,central_uncertainty,5_93_2019-09-09_2_L.png,2,0,0.09919916868846917
test,central_uncertainty,5_93_2019-08-14_1_R.png,2,1,0.722155483129493
test,central_uncertainty,1_4_2019-10-10_2_L.png,0,0,0.5385573866893814
test,central_uncertainty,1_4_2019-02-26_2_R.png,0,0,0.45632626301484824
test,central_uncertainty,1_4_2019-02-26_1_L.png,0,0,0.326383185134092
test,central_uncertainty,1_4_2019-10-10_1_R.png,0,0,0.6349006500067923
test,central_uncertainty,1_193_2019-08-22_1_R.png,0,0,0.4577783896263764
test,central_uncertainty,1_193_2019-08-22_3_R.png,0,0,0.4637645012223931
test,central_uncertainty,1_193_2019-08-22_4_L.png,0,0,0.3888351979230109
test,central_uncertainty,1_193_2019-08-22_2_R.png,0,0,0.5339145987833588
test,central_uncertainty,4_82_2019-08-22_3_L.png,1,0,0.26809168333712025
test,central_uncertainty,4_82_2019-08-22_1_R.png,1,1,0.7456428845724277
test,central_uncertainty,4_82_2019-08-22_4_L.png,1,0,0.4128546292172382
test,central_uncertainty,4_82_2019-08-22_2_R.png,1,1,0.7240867323613541
test,central_uncertainty,2_207_2019-09-03_2_R.png,1,0,0.7281482581585226
test,central_uncertainty,2_207_2019-07-31_2_R.png,1,1,0.7103179397087023
test,central_uncertainty,2_207_2019-09-03_1_L.png,1,0,0.3516153214056513
test,central_uncertainty,5_732_2020-07-29_1_R.png,2,0,0.03363439850471682
test,central_uncertainty,5_732_2020-07-29_2_L.png,2,0,0.12653788875917055
test,central_uncertainty,5_732_2020-08-26_1_L.png,2,0,0.03350022680049736
test,central_uncertainty,3_102_2020-08-05_1_L.png,1,0,0.37407837151605244
test,central_uncertainty,3_102_2020-08-05_2_L.png,1,0,0.380341425001476
test,central_uncertainty,3_102_2020-08-05_3_R.png,1,0,0.3890493996170344
test,central_uncertainty,5_642_2021-07-02_2_L.png,2,0,0.025761787272831356
test,central_uncertainty,5_642_2021-06-23_2_L.png,2,0,0.024550390126505405
test,central_uncertainty,5_642_2021-06-23_1_L.png,2,0,0.018452528118385315
test,central_uncertainty,1_2_2021-11-30_1_L.png,0,0,0.5509697810848992
test,central_uncertainty,1_2_2021-11-30_3_R.png,0,0,0.5945938816610653
test,central_uncertainty,1_2_2021-11-30_2_L.png,0,0,0.7150951424803758
test,central_uncertainty,2_19_2021-03-29_1_L.png,1,0,0.6803810964730548
test,central_uncertainty,2_19_2021-03-29_4_R.png,1,1,0.7385122384982804
test,central_uncertainty,2_19_2021-03-29_3_L.png,1,0,0.6416782714496679
test,central_uncertainty,3_155_2021-03-12_1_R.png,1,0,0.23154194101641182
test,central_uncertainty,3_155_2020-12-25_1_R.png,1,0,0.18651749578379576
test,central_uncertainty,3_155_2020-10-11_1_R.png,1,0,0.1983916848517509
test,central_uncertainty,1_188_2022-01-08_1_R.png,0,0,0.40430263883012374
test,central_uncertainty,1_188_2022-01-08_2_L.png,0,0,0.33826410535910234
test,central_uncertainty,1_188_2022-01-08_3_L.png,0,0,0.42655512888598734
test,central_uncertainty,5_439_2022-05-17_2_R.png,1,0,0.5168497102685419
test,central_uncertainty,5_439_2022-06-06_7_L.png,2,0,0.03867266179106411
test,central_uncertainty,5_439_2022-05-17_1_L.png,2,0,0.027283529889640223
test,central_uncertainty,5_155_2022-02-13_3_L.png,1,0,0.44854619225896425
test,central_uncertainty,5_155_2022-02-13_1__L.png,2,0,0.03682407085778934
test,central_uncertainty,5_155_2022-02-13_2_R.png,2,0,0.04494635919659477
test,central_uncertainty,4_34_2021-06-07_2_R.png,1,0,0.5288769636984618
test,central_uncertainty,4_34_2021-05-22_1_R.png,1,0,0.44351627362690116
test,central_uncertainty,4_34_2021-06-07_1_L.png,1,0,0.4005595739201726
test,central_uncertainty,3_161_2021-05-18_2_L.png,1,0,0.2542950899287759
test,central_uncertainty,3_161_2021-05-18_1_L.png,1,0,0.4543789471187357
test,central_uncertainty,3_161_2021-05-18_3_R.png,1,0,0.33860279782004243
test,central_uncertainty,5_467_2021-10-16_3_R.png,1,0,0.607718153398311
test,central_uncertainty,5_467_2021-10-16_1_R.png,1,0,0.5959553845149057
test,central_uncertainty,5_467_2021-10-16_2_L.png,2,0,0.06421564422692184
test,central_uncertainty,2_149_2021-02-06_1_L.png,1,0,0.6133217475318163
test,central_uncertainty,2_149_2021-02-06_3_L.png,1,0,0.5479255698354619
test,central_uncertainty,2_149_2021-02-06_2_R.png,1,1,0.6567716304957985
test,central_uncertainty,5_139_2021-11-23_1_R.png,2,0,0.047642181851559634
test,central_uncertainty,5_139_2021-11-18_1_R.png,2,0,0.06208900582759473
test,central_uncertainty,5_139_2021-11-18_2_R.png,2,0,0.03820873812387434
test,central_uncertainty,5_490_2022-03-31_2_L.png,2,0,0.024453138588578862
test,central_uncertainty,5_490_2022-03-31_3_L.png,2,0,0.025767423922414736
test,central_uncertainty,5_490_2022-03-31_1_R.png,2,1,0.547461020083345
test,central_uncertainty,5_158_2022-03-06_2_R.png,2,0,0.030150305153455206
test,central_uncertainty,5_158_2022-03-06_3_L.png,2,0,0.026111684320356036
test,central_uncertainty,5_158_2022-03-06_1_R.png,2,0,0.03237275404812364
test,central_uncertainty,5_573_2021-06-09_2_R.png,1,0,0.6098139665419007
test,central_uncertainty,5_573_2021-06-09_3_R.png,1,0,0.5642637882680439
test,central_uncertainty,5_573_2021-06-09_1_L.png,1,1,0.6407743063969102
test,central_uncertainty,5_74_2018-11-29_3_L.png,2,0,0.4927604617710288
test,central_uncertainty,5_74_2018-12-04_1_L.png,2,0,0.4302388290892002
test,central_uncertainty,5_74_2018-11-29_2_L.png,2,0,0.4436250773902983
test,central_uncertainty,5_701_2021-07-25_2_R.png,2,0,0.3556664024941279
test,central_uncertainty,5_701_2021-07-25_3_L.png,2,0,0.0880865990334433
test,central_uncertainty,5_701_2021-07-25_1_R.png,2,0,0.2903940478296892
test,central_uncertainty,5_261_2021-05-29_1_R.png,1,0,0.4443466208067562
test,central_uncertainty,5_261_2021-05-29_2_L.png,1,0,0.3748613306611783
test,central_uncertainty,5_261_2021-06-11_1_R.png,1,0,0.2977529192427391
test,central_uncertainty,2_126_2019-07-03_3_R.png,1,1,0.7857633710078752
test,central_uncertainty,2_126_2019-07-03_1_L.png,1,0,0.6083408167662843
test,central_uncertainty,2_126_2019-07-03_2_R.png,1,1,0.9018511569537431
test,central_uncertainty,5_442_2021-01-13_2_R.png,2,1,0.5817071818212942
test,central_uncertainty,5_442_2020-12-30_2_R.png,2,0,0.05387347709451797
test,central_uncertainty,5_442_2020-12-30_3_R.png,2,0,0.06503457513619891
test,central_uncertainty,5_67_2020-07-30_1_R.png,2,0,0.06749169614461319
test,central_uncertainty,5_67_2020-07-30_2_L.png,2,0,0.03466060625653056
test,central_uncertainty,5_67_2020-10-14_1_L.png,2,0,0.04264858704570345
test,central_uncertainty,4_95_2022-01-11_2_L.png,1,1,0.64379405851962
test,central_uncertainty,4_95_2022-01-11_3_L.png,1,1,0.6999577662527439
test,central_uncertainty,4_95_2022-01-11_1_L.png,1,1,0.6279818009343601
test,central_uncertainty,1_111_2020-10-21_3_L.png,0,0,0.4051061450916828
test,central_uncertainty,1_111_2020-10-21_2_L.png,0,0,0.6321829419726835
test,central_uncertainty,1_111_2020-10-21_1_R.png,0,0,0.572203550494964
test,central_uncertainty,4_94_2020-10-11_1_R.png,1,0,0.1983916848517509
test,central_uncertainty,4_94_2020-12-25_1_R.png,1,0,0.18651749578379576
test,central_uncertainty,4_94_2021-03-12_1_R.png,1,0,0.23154194101641182
test,central_uncertainty,1_68_2018-11-22_1_L.png,0,0,0.7740628759706578
test,central_uncertainty,1_68_2018-11-22_3_R.png,0,0,0.6273693214913596
test,central_uncertainty,1_68_2018-11-22_2_R.png,0,0,0.5756726255708013
test,central_uncertainty,3_54_2021-06-08_2_R.png,1,0,0.5135734471136938
test,central_uncertainty,3_54_2021-06-08_1_R.png,1,0,0.468307494088007
test,central_uncertainty,3_54_2021-06-02_1_R.png,1,0,0.2799892383952451
test,central_uncertainty,5_597_2022-06-08_2_R.png,1,0,0.38062291339300197
test,central_uncertainty,5_597_2022-06-08_1_L.png,2,0,0.02731779031654104
test,central_uncertainty,5_597_2022-06-13_1_R.png,2,0,0.049722874592682785
test,central_uncertainty,5_366_2021-11-04_1_R.png,2,1,0.25031826220356346
test,central_uncertainty,5_366_2021-10-24_2_R.png,2,1,0.29402149583779585
test,central_uncertainty,5_366_2022-06-05_1_R.png,2,1,0.3837475359483745
test,central_uncertainty,3_73_2021-12-08_5_L.png,1,0,0.36590282535877305
test,central_uncertainty,3_73_2021-12-08_3_L.png,1,0,0.6321779340188753
test,central_uncertainty,3_73_2021-12-08_6_L.png,1,0,0.3621364326645644
test,central_uncertainty,5_329_2021-04-21_3_R.png,2,0,0.03664670265834375
test,central_uncertainty,5_329_2021-04-21_1_R.png,2,0,0.03989440023314582
test,central_uncertainty,5_329_2021-04-21_2_L.png,1,0,0.5222643153518379
test,central_uncertainty,1_55_2020-07-20_3_L.png,0,0,0.5824533094877365
test,central_uncertainty,1_55_2020-07-20_1_R.png,0,0,0.6699760475509338
test,central_uncertainty,1_55_2020-07-20_2_L.png,0,0,0.3058681257898594
test,central_uncertainty,5_262_2021-10-21_1_L.png,1,1,0.6216211971254055
test,central_uncertainty,5_262_2021-10-21_5_L.png,2,0,0.03522109111612586
test,central_uncertainty,5_262_2021-10-21_3_L.png,2,1,0.5219917279634694
test,central_uncertainty,1_20_2022-04-10_2_R.png,0,0,0.3601715808489546
test,central_uncertainty,1_20_2022-04-10_3_L.png,0,0,0.37033205640236594
test,central_uncertainty,1_20_2022-04-10_1_L.png,0,0,0.44868307686890657
test,central_uncertainty,1_201_2020-07-19_1_R.png,0,0,0.5846404436226722
test,central_uncertainty,1_201_2020-07-19_2_L.png,0,0,0.7734232804628406
test,central_uncertainty,1_201_2020-07-19_3_L.png,0,0,0.7941118862509317
test,central_uncertainty,1_160_2021-01-14_2_L.png,0,0,0.5256536890222956
test,central_uncertainty,1_160_2021-01-14_1_R.png,0,0,0.6469539589124292
test,central_uncertainty,1_160_2021-01-14_3_L.png,0,0,0.5588239226273444
test,central_uncertainty,1_139_2021-11-26_3_R.png,0,0,0.5144069805280426
test,central_uncertainty,1_139_2021-11-26_1_L.png,0,0,0.5604271778387856
test,central_uncertainty,1_139_2021-11-26_2_L.png,0,0,0.8280883098652626
test,central_uncertainty,1_155_2020-09-30_1_R.png,0,0,0.6925891434659751
test,central_uncertainty,1_155_2020-09-30_2_R.png,0,0,0.5455048943655384
test,central_uncertainty,1_155_2020-09-30_3_R.png,0,0,0.6185536780719103
test,central_uncertainty,1_74_2020-05-07_1_R.png,0,0,0.29836952763181185
test,central_uncertainty,1_74_2020-01-08_1_R.png,0,0,0.5361582434542534
test,central_uncertainty,1_74_2020-05-07_2_R.png,0,0,0.7570536326132229
test,central_uncertainty,3_147_2020-10-20_4_R.png,1,0,0.5586030317898297
test,central_uncertainty,3_147_2020-10-20_2_L.png,1,0,0.44568502577299
test,central_uncertainty,3_147_2020-10-20_3_L.png,1,0,0.48596215907836815
test,central_uncertainty,1_28_2020-11-11_1_R.png,0,0,0.4357959285046536
test,central_uncertainty,1_28_2021-03-24_1_R.png,0,0,0.6102281766106563
test,central_uncertainty,1_28_2020-12-15_1_R.png,0,0,0.6523652484487849
test,central_uncertainty,1_18_2019-05-27_1_R.png,0,0,0.6887570590169407
test,central_uncertainty,1_18_2019-09-23_1_R.png,0,0,0.6666394043086572
test,central_uncertainty,1_18_2019-04-15_1_R.png,0,0,0.6481928961831344
test,central_uncertainty,5_373_2019-01-10_3_L.png,2,0,0.3247264408556713
test,central_uncertainty,5_373_2019-01-10_2_R.png,2,1,0.4480765127084198
test,central_uncertainty,5_373_2019-01-10_1_R.png,2,1,0.35545416569197136
test,central_uncertainty,5_512_2020-10-27_4_L.png,1,0,0.5409525184936772
test,central_uncertainty,5_512_2020-10-27_2_L.png,1,0,0.47213062469068257
test,central_uncertainty,5_512_2019-12-04_1_L.png,1,0,0.60216551050779
test,central_uncertainty,3_77_2021-01-14_2_L.png,1,0,0.4818353177839018
test,central_uncertainty,3_77_2021-01-14_3_R.png,1,0,0.3718639290658706
test,central_uncertainty,3_77_2021-01-14_1_L.png,1,0,0.413537422929297
test,central_uncertainty,4_38_2021-12-13_2_L.png,1,0,0.649551676718618
test,central_uncertainty,4_38_2021-12-13_4_L.png,1,0,0.20352141949909483
test,central_uncertainty,4_38_2021-12-13_16_L.png,1,0,0.3712418071230667
test,central_uncertainty,5_727_2022-04-28_2_R.png,2,0,0.03426652938908931
test,central_uncertainty,5_727_2022-05-06_1_R.png,2,0,0.07591577896663079
test,central_uncertainty,5_727_2022-04-28_1_L.png,2,1,0.621098258490325
test,central_uncertainty,5_429_2021-03-18_3_R.png,1,0,0.21983220761395098
test,central_uncertainty,5_429_2021-04-01_1_L.png,2,0,0.028417705933022668
test,central_uncertainty,5_429_2021-04-01_3_L.png,2,0,0.023763876401185748
test,central_uncertainty,1_25_2019-02-09_2_L.png,0,0,0.7636104184589032
test,central_uncertainty,1_25_2019-02-09_3_L.png,0,0,0.8367484075761467
test,central_uncertainty,1_25_2019-02-09_1_R.png,0,0,0.22154942516176668
test,central_uncertainty,5_659_2019-04-30_4_R.png,2,0,0.31113031508303884
test,central_uncertainty,5_659_2019-04-30_2_R.png,2,0,0.31113031508303884
test,central_uncertainty,5_659_2019-05-30_1_R.png,2,1,0.6482544311784239
test,central_uncertainty,5_629_2020-12-01_1_R.png,2,1,0.45045532753196604
test,central_uncertainty,5_629_2020-11-25_2_R.png,2,0,0.07285105458973702
test,central_uncertainty,5_629_2020-11-25_1_R.png,2,1,0.35256897005424065
test,central_uncertainty,5_633_2021-10-18_3_R.png,1,0,0.2926760713914281
test,central_uncertainty,5_633_2021-10-18_2_R.png,1,0,0.1996548919262313
test,central_uncertainty,5_633_2021-10-13_1_R.png,1,0,0.35025235905449437
test,central_uncertainty,2_6_2021-12-23_1_L.png,1,0,0.386349964026465
test,central_uncertainty,2_6_2021-12-23_3_R.png,1,1,0.6889936723492746
test,central_uncertainty,2_6_2021-12-23_2_R.png,1,1,0.609204546204821
test,central_uncertainty,4_37_2019-07-12_2_L.png,1,0,0.5481525476562755
test,central_uncertainty,4_37_2019-07-12_3_R.png,1,0,0.395281253944376
test,central_uncertainty,4_37_2019-07-12_1_L.png,1,0,0.4840093164260876
test,central_uncertainty,1_172_2020-11-23_1_L.png,0,0,0.46685318350698646
test,central_uncertainty,1_172_2020-11-26_1_R.png,0,0,0.5072638106897657
test,central_uncertainty,1_172_2020-11-23_2_R.png,0,0,0.5290954934433798
test,central_uncertainty,1_50_2021-06-08_1_L.png,0,0,0.3931196666806296
test,central_uncertainty,1_50_2021-04-09_1_L.png,0,0,0.2920671080611136
test,central_uncertainty,1_50_2021-04-09_2_R.png,0,0,0.5940117594691229
test,central_uncertainty,5_59_2021-07-12_1_R.png,2,1,0.6712736796517134
test,central_uncertainty,5_59_2021-07-12_3_R.png,2,0,0.04065555212962641
test,central_uncertainty,5_59_2021-07-12_2_L.png,2,1,0.4981325577131857
test,central_uncertainty,4_13_2021-12-04_1_R.png,1,1,0.9228888694360782
test,central_uncertainty,4_13_2021-12-04_2_L.png,1,0,0.23803685828901647
test,central_uncertainty,4_13_2021-12-04_3_R.png,1,0,0.6843508221296537
test,central_uncertainty,1_149_2021-03-21_3_L.png,0,0,0.5941573729533254
test,central_uncertainty,1_149_2021-03-21_1_R.png,0,0,0.5797560411486598
test,central_uncertainty,1_149_2021-03-21_2_L.png,0,0,0.5193051599163448
test,central_uncertainty,3_6_2019-06-11_2_R.png,1,0,0.5085998341160065
test,central_uncertainty,3_6_2019-12-06_2_R.png,1,0,0.4376474344611374
test,central_uncertainty,3_6_2019-12-06_1_L.png,1,0,0.6069132229321639
test,central_uncertainty,1_64_2020-11-11_2_R.png,0,0,0.7072493536787701
test,central_uncertainty,1_64_2020-11-11_1_L.png,0,0,0.7211852182562954
test,central_uncertainty,4_90_2019-08-29_2_L.png,1,0,0.10077348953399963
test,central_uncertainty,4_90_2019-08-29_1_R.png,1,0,0.35960794950838054
test,central_uncertainty,2_121_2021-02-09_1_L.png,1,0,0.5372318049132317
test,central_uncertainty,2_121_2021-02-09_2_R.png,1,0,0.5867589638667683
test,central_uncertainty,2_134_2020-12-28_2_R.png,1,0,0.48858179404801944
test,central_uncertainty,2_134_2020-12-28_1_L.png,1,0,0.5153677583785282
test,central_uncertainty,5_180_2020-09-17_2_L.png,2,0,0.05875632258990453
test,central_uncertainty,5_180_2020-09-17_3_L.png,2,0,0.061845158571023656
test,central_uncertainty,1_91_2020-11-26_2_L.png,0,0,0.7069128912526811
test,central_uncertainty,1_91_2020-11-26_1_R.png,0,0,0.7497834664859568
test,central_uncertainty,5_345_2019-01-07_1_R.png,2,0,0.08244664333098209
test,central_uncertainty,5_345_2018-12-07_1_R.png,2,1,0.3352034297363248
test,central_uncertainty,1_156_2019-12-14_1_L.png,0,0,0.6580223513879037
test,central_uncertainty,1_156_2019-12-14_2_R.png,0,0,0.4659979000036256
test,central_uncertainty,1_89_2021-11-25_1_L.png,0,0,0.5393208624919201
test,central_uncertainty,1_89_2021-11-25_2_R.png,0,0,0.5980800511104165
test,central_uncertainty,3_154_2019-04-18_1_L.png,1,0,0.4542090064606548
test,central_uncertainty,3_154_2019-04-18_2_R.png,1,0,0.47216693899125073
test,central_uncertainty,1_159_2021-02-12_1_R.png,0,0,0.36243390032844874
test,central_uncertainty,1_159_2021-02-27_1_R.png,0,0,0.6001925599401238
test,central_uncertainty,1_198_2021-08-17_2_R.png,0,0,0.7139902159861565
test,central_uncertainty,1_198_2021-08-17_1_L.png,0,0,0.5472047558297124
test,central_uncertainty,4_4_2021-09-04_1_L.png,1,0,0.41920835774406295
test,central_uncertainty,4_4_2021-10-15_1_L.png,1,1,0.6889059822651873
test,central_uncertainty,3_37_2022-01-07_2_R.png,1,0,0.4304647636052893
test,central_uncertainty,3_37_2022-01-07_1_L.png,1,0,0.4304358885040182
test,central_uncertainty,1_128_2019-01-15_2_R.png,0,0,0.7721201648864334
test,central_uncertainty,1_128_2019-01-15_1_L.png,0,0,0.5024252940847901
test,central_uncertainty,1_144_2018-11-30_1_L.png,0,0,0.6444731500576502
test,central_uncertainty,1_144_2018-11-30_2_R.png,0,0,0.5782564980164602
test,central_uncertainty,1_97_2019-07-17_1_L.png,0,0,0.73503838314755
test,central_uncertainty,1_97_2019-07-17_2_R.png,0,0,0.46373016032059583
test,central_uncertainty,4_84_2019-11-20_2_R.png,1,0,0.5064090333579305
test,central_uncertainty,4_84_2020-01-08_2_R.png,1,0,0.45968677684350495
test,central_uncertainty,1_127_2020-08-18_1_L.png,0,0,0.6107828282579233
test,central_uncertainty,1_127_2020-08-18_2_R.png,0,0,0.4591921485345875
test,central_uncertainty,2_28_2021-07-08_2_L.png,1,1,0.6246861224885686
test,central_uncertainty,2_28_2021-07-08_1_L.png,1,1,0.6484404008903163
test,central_uncertainty,2_186_2021-09-25_2_R.png,1,0,0.5748111142706412
test,central_uncertainty,2_186_2021-09-25_1_L.png,1,0,0.3938051062935995
test,central_uncertainty,5_176_2021-11-11_1_R.png,2,0,0.05036372883866191
test,central_uncertainty,5_176_2021-11-11_2_R.png,2,0,0.0728995462587607
test,central_uncertainty,1_39_2019-11-11_1_R.png,0,0,0.7646246651988913
test,central_uncertainty,1_39_2019-11-11_2_L.png,0,0,0.8074920927579963
test,central_uncertainty,1_83_2020-12-05_1_L.png,0,0,0.5958200298932936
test,central_uncertainty,1_83_2020-12-05_2_R.png,0,0,0.7213993237142939
test,central_uncertainty,1_54_2020-08-12_2_R.png,0,0,0.6552401381196176
test,central_uncertainty,1_54_2020-08-12_1_L.png,0,0,0.357359624846362
test,central_uncertainty,4_35_2019-08-28_2_R.png,1,1,0.7073126920761851
test,central_uncertainty,4_35_2019-09-01_1_R.png,1,0,0.5563579716124276
test,central_uncertainty,4_42_2020-05-21_2_L.png,1,0,0.541746497508239
test,central_uncertainty,4_42_2020-05-21_1_R.png,1,0,0.30780748029272614
test,central_uncertainty,5_385_2022-05-11_1_L.png,2,0,0.019788778278875974
test,central_uncertainty,5_385_2022-05-11_3_L.png,2,0,0.025802143848461422
val,multiview_disagreement,5_154_2022-07-15_12_R.png,1,0,0.3239102122532578
val,multiview_disagreement,5_154_2022-07-15_1_R.png,1,0,0.491193306593258
val,multiview_disagreement,5_154_2022-07-15_2_R.png,1,0,0.7396574308554418
val,multiview_disagreement,5_154_2022-07-15_6_L.png,1,0,0.2088642481395127
val,multiview_disagreement,5_154_2022-07-15_3_R.png,1,0,0.603740256863797
val,multiview_disagreement,5_154_2022-07-15_11_L.png,1,0,0.016304804830846488
val,multiview_disagreement,5_154_2022-07-15_4_R.png,1,0,0.6008953061845524
val,multiview_disagreement,5_154_2022-07-15_13_L.png,1,0,0.5223406965477978
val,multiview_disagreement,5_154_2022-07-15_7_L.png,1,0,0.7169196118980591
val,multiview_disagreement,5_154_2022-07-15_10_L.png,1,0,0.11058453396131296
val,multiview_disagreement,5_154_2022-07-15_9_L.png,1,0,0.09402032712592877
val,multiview_disagreement,5_154_2022-07-15_5_R.png,1,0,0.02376416683401741
val,multiview_disagreement,5_154_2022-07-15_8_L.png,1,0,0.8107221703980494
val,multiview_disagreement,5_154_2022-06-20_2_R.png,1,0,0.5732520185498994
val,multiview_disagreement,5_154_2022-06-07_1_L.png,2,0,0.4148489040227812
val,multiview_disagreement,5_154_2022-06-20_1_L.png,2,0,0.024677822267673902
val,multiview_disagreement,5_110_2022-02-14_1_R.png,2,0,0.3699848461333911
val,multiview_disagreement,5_110_2022-01-24_2R.png,2,1,0.588744643402086
val,multiview_disagreement,5_110_2022-01-24_1_R.png,2,1,0.3854599836512619
val,multiview_disagreement,5_110_2022-02-14_1_R.png,2,0,0.3699848461333911
val,multiview_disagreement,5_110_2022-01-24_2R.png,2,1,0.588744643402086
val,multiview_disagreement,5_110_2022-01-24_8_L.png,2,0,0.3843968131058412
val,multiview_disagreement,5_110_2022-02-14_8_L.png,2,0,0.03726316063018738
val,multiview_disagreement,5_110_2022-01-24_3_R.png,2,1,0.7169213845322759
val,multiview_disagreement,5_110_2022-02-14_7_L.png,2,0,0.01952133368697424
val,multiview_disagreement,5_110_2022-02-14_1_R.png,2,0,0.3699848461333911
val,multiview_disagreement,5_110_2022-01-24_1_R.png,2,1,0.3854599836512619
val,multiview_disagreement,5_110_2022-02-14_2_R.png,2,1,0.29618290185577395
val,multiview_disagreement,5_110_2022-01-24_2R.png,2,1,0.588744643402086
val,multiview_disagreement,5_110_2022-02-14_9_L.png,2,0,0.5753797686421527
val,multiview_disagreement,5_110_2022-01-24_5_R.png,2,0,0.5015175975241486
val,multiview_disagreement,5_110_2022-01-24_11_R.png,2,1,0.3788777897534206
val,multiview_disagreement,1_187_2021-12-01_8_R.png,0,0,0.569316833987872
val,multiview_disagreement,1_187_2021-12-01_6_L.png,0,0,0.655008512276516
val,multiview_disagreement,1_187_2021-12-01_10_R.png,0,0,0.5430603255750748
val,multiview_disagreement,1_187_2021-12-01_11_R.png,0,0,0.123670215946778
val,multiview_disagreement,1_187_2021-12-01_1_L.png,0,0,0.7697003965105517
val,multiview_disagreement,1_187_2021-12-01_1_L.png,0,0,0.7697003965105517
val,multiview_disagreement,1_187_2021-12-01_15_L.png,0,0,0.47051150710962736
val,multiview_disagreement,1_187_2021-12-01_1_L.png,0,0,0.7697003965105517
val,multiview_disagreement,1_187_2021-12-01_9_R.png,0,0,0.503112786017667
val,multiview_disagreement,1_187_2021-12-01_2_L.png,0,0,0.6647338477979621
val,multiview_disagreement,1_187_2021-12-01_3_L.png,0,0,0.03951674919024178
val,multiview_disagreement,1_187_2021-12-01_7_L.png,0,0,0.4218103753875666
val,multiview_disagreement,1_187_2021-12-01_14_R.png,0,0,0.5937905343203084
val,multiview_disagreement,1_187_2021-12-01_5_L.png,0,0,0.588452313952684
val,multiview_disagreement,1_187_2021-12-01_4_L.png,0,0,0.038075895389649596
val,multiview_disagreement,1_70_2021-12-02_1_L.png,0,0,0.04227235659998543
val,multiview_disagreement,1_70_2021-12-02_3_L.png,0,0,0.28798202213338636
val,multiview_disagreement,1_70_2021-12-02_4_L.png,0,0,0.21508259268444005
val,multiview_disagreement,1_70_2021-12-02_1_L.png,0,0,0.04227235659998543
val,multiview_disagreement,1_70_2021-12-02_5_L.png,0,0,0.21420883907748098
val,multiview_disagreement,1_70_2021-12-02_7_R.png,0,0,0.5392166023174314
val,multiview_disagreement,1_70_2021-12-02_1_L.png,0,0,0.04227235659998543
val,multiview_disagreement,1_70_2021-12-02_2_L.png,0,0,0.015464698415932999
val,multiview_disagreement,1_70_2021-12-02_9_R.png,0,0,0.19667635535290326
val,multiview_disagreement,1_70_2021-12-02_6_L.png,0,0,0.012292475985838665
val,multiview_disagreement,1_70_2021-12-02_8_R.png,0,0,0.6697285291572518
val,multiview_disagreement,1_70_2021-12-02_1_L.png,0,0,0.04227235659998543
val,multiview_disagreement,3_182_2022-02-23_4_R.png,1,0,0.3878070992541811
val,multiview_disagreement,3_182_2022-02-23_3_R.png,1,1,0.7599030498841302
val,multiview_disagreement,3_182_2022-02-23_1_R.png,1,0,0.5706031368427861
val,multiview_disagreement,3_182_2022-02-23_1_R.png,1,0,0.5706031368427861
val,multiview_disagreement,3_182_2022-02-23_8_L.png,1,0,0.7790783635436661
val,multiview_disagreement,3_182_2022-02-23_5_R.png,1,0,0.5950840103358785
val,multiview_disagreement,3_182_2022-02-23_2_R.png,1,0,0.581818399587001
val,multiview_disagreement,3_182_2022-02-23_9_L.png,1,1,0.5058246900241641
val,multiview_disagreement,3_182_2022-02-23_10_L.png,1,1,0.8160136135392386
val,multiview_disagreement,3_182_2022-02-23_1_R.png,1,0,0.5706031368427861
val,multiview_disagreement,3_182_2022-02-23_6_L.png,1,0,0.7379889817068309
val,multiview_disagreement,3_182_2022-02-23_7_L.png,1,1,0.7264905745531541
val,multiview_disagreement,1_175_2022-05-07_4_R.png,0,0,0.4119334551069078
val,multiview_disagreement,1_175_2022-05-07_11_L.png,0,0,0.4288654785765684
val,multiview_disagreement,1_175_2022-05-07_8_L.png,0,0,0.8563078684756851
val,multiview_disagreement,1_175_2022-05-07_5_L.png,0,0,0.8140316228236224
val,multiview_disagreement,1_175_2022-05-07_3_R.png,0,0,0.8697007668608054
val,multiview_disagreement,1_175_2022-05-07_1_R.png,0,0,0.8108407479871639
val,multiview_disagreement,1_175_2022-05-07_2_R.png,0,0,0.6099565384399711
val,multiview_disagreement,1_175_2022-05-07_1_R.png,0,0,0.8108407479871639
val,multiview_disagreement,1_175_2022-05-07_1_R.png,0,0,0.8108407479871639
val,multiview_disagreement,1_175_2022-05-07_6_L.png,0,0,0.7679332718398604
val,multiview_disagreement,1_175_2022-05-07_9_L.png,0,0,0.7319779701456001
val,multiview_disagreement,1_175_2022-05-07_7_L.png,0,0,0.5581858786614752
val,multiview_disagreement,5_197_2022-07-10_2_R.png,1,1,0.827072729688883
val,multiview_disagreement,5_197_2022-07-10_7_R.png,1,0,0.35796724634662136
val,multiview_disagreement,5_197_2022-07-10_6_R.png,1,0,0.16298546116296092
val,multiview_disagreement,5_197_2022-07-10_8_R.png,1,0,0.4027403061406023
val,multiview_disagreement,5_197_2022-07-10_14_R.png,1,0,0.524969538098179
val,multiview_disagreement,5_197_2022-07-10_4_R.png,1,0,0.5911197601501602
val,multiview_disagreement,5_197_2022-07-10_3_R.png,1,1,0.5629523201535696
val,multiview_disagreement,5_197_2022-07-10_1_R.png,1,0,0.6144276355242538
val,multiview_disagreement,5_197_2022-07-10_5_R.png,1,1,0.6426156753638835
val,multiview_disagreement,5_197_2022-07-10_1_R.png,2,1,0.6144276355242538
val,multiview_disagreement,5_197_2022-07-10_1_R.png,2,1,0.6144276355242538
val,multiview_disagreement,3_75_2022-02-11_6_L.png,1,0,0.34814661052445106
val,multiview_disagreement,3_75_2021-12-02_2_L.png,1,1,0.6498811791376758
val,multiview_disagreement,3_75_2022-01-06_1_L.png,1,0,0.5981621497668221
val,multiview_disagreement,3_75_2022-02-11_3_L.png,1,0,0.5232500148704977
val,multiview_disagreement,3_75_2022-02-11_1_L.png,1,0,0.25913912604333933
val,multiview_disagreement,3_75_2022-02-11_4_L.png,1,0,0.3242003929400065
val,multiview_disagreement,3_75_2021-12-02_3_R.png,1,1,0.4790775385115216
val,multiview_disagreement,3_75_2022-02-11_7_L.png,1,0,0.4114133338339065
val,multiview_disagreement,3_75_2022-02-11_2_L.png,1,1,0.6344622229240183
val,multiview_disagreement,3_75_2022-02-11_5_L.png,1,0,0.20378495657757975
val,multiview_disagreement,5_123_2022-04-30_4_L.png,1,0,0.41183738002909126
val,multiview_disagreement,5_123_2022-04-30_1_L.png,1,0,0.3938187486051085
val,multiview_disagreement,5_123_2022-04-30_3_L.png,1,0,0.36078442214906836
val,multiview_disagreement,5_123_2022-04-30_5_L.png,1,1,0.8430831607428552
val,multiview_disagreement,5_123_2022-04-30_2_L.png,1,0,0.016380234600254916
val,multiview_disagreement,5_123_2022-04-30_8_R.png,2,0,0.0773343700573798
val,multiview_disagreement,5_123_2022-04-30_1_L.png,2,1,0.3938187486051085
val,multiview_disagreement,5_123_2022-04-30_7_R.png,2,1,0.5741387456729623
val,multiview_disagreement,5_123_2022-04-30_9_R.png,2,1,0.47438633599845814
val,multiview_disagreement,5_123_2022-04-30_6_R.png,2,0,0.27498926779159827
val,multiview_disagreement,5_513_2022-04-11_1_R.png,2,1,0.7099038282431721
val,multiview_disagreement,5_513_2022-05-22_3.png,2,0,0.006645184470773196
val,multiview_disagreement,5_513_2022-05-22_7.png,2,1,0.47024096776568075
val,multiview_disagreement,5_513_2022-05-22_7.png,2,1,0.47024096776568075
val,multiview_disagreement,5_513_2022-05-22_6.png,2,1,0.43184558140026064
val,multiview_disagreement,5_513_2022-05-22_5.png,2,0,0.006448186347883996
val,multiview_disagreement,5_513_2022-05-22_7.png,2,1,0.47024096776568075
val,multiview_disagreement,5_513_2022-05-22_7.png,2,1,0.47024096776568075
val,multiview_disagreement,5_513_2022-05-22_7.png,2,1,0.47024096776568075
val,multiview_disagreement,4_18_2021-06-16_2_L.png,1,0,0.4137387158381385
val,multiview_disagreement,4_18_2021-05-04_2_L.png,1,0,0.5227274757970615
val,multiview_disagreement,4_18_2021-07-04_1_L.png,1,0,0.5916214552522786
val,multiview_disagreement,4_18_2021-07-04_2_R.png,1,0,0.5680394469850525
val,multiview_disagreement,4_18_2021-05-04_1_R.png,1,0,0.4618376704243002
val,multiview_disagreement,4_18_2021-05-24_2_L.png,1,0,0.4491730571600786
val,multiview_disagreement,4_18_2021-05-24_1_R.png,1,0,0.5185205320961727
val,multiview_disagreement,4_18_2021-07-04_3_L.png,1,0,0.6376727536579256
val,multiview_disagreement,4_18_2021-06-16_1_L.png,1,1,0.635129972622462
val,multiview_disagreement,1_8_2021-03-11_1_L.png,0,0,0.3831651143719061
val,multiview_disagreement,1_8_2022-06-21_2_L.png,0,0,0.6111640178381782
val,multiview_disagreement,1_8_2021-03-11_2_R.png,0,0,0.26808114998414256
val,multiview_disagreement,1_8_2022-06-21_1_R.png,0,0,0.5404900048400793
val,multiview_disagreement,1_8_2021-10-28_3_R.png,0,0,0.3656031857518525
val,multiview_disagreement,1_8_2021-10-28_2_L.png,0,0,0.6088141373561133
val,multiview_disagreement,1_8_2021-10-28_4_R.png,0,0,0.6719358416129766
val,multiview_disagreement,1_8_2021-10-28_1_L.png,0,0,0.4354262234114383
val,multiview_disagreement,1_75_2022-05-08_3_R.png,0,0,0.6378756810478654
val,multiview_disagreement,1_75_2022-05-08_7_L.png,0,0,0.4014418375662259
val,multiview_disagreement,1_75_2022-05-08_2_R.png,0,0,0.44371857697833766
val,multiview_disagreement,1_75_2022-05-08_4_L.png,0,0,0.608005557414005
val,multiview_disagreement,1_75_2022-05-08_8_R.png,0,0,0.5099417083295232
val,multiview_disagreement,1_75_2022-05-08_6_L.png,0,0,0.8755507361771865
val,multiview_disagreement,1_75_2022-05-08_5_L.png,0,0,0.6643585640054411
val,multiview_disagreement,1_75_2022-05-08_1_R.png,0,0,0.37863733241738173
val,multiview_disagreement,2_167_2022-05-02_6_R.png,1,0,0.6066538725768167
val,multiview_disagreement,2_167_2022-05-02_9_R.png,1,1,0.5951200351280991
val,multiview_disagreement,2_167_2022-05-02_5_L.png,1,0,0.5701303346065121
val,multiview_disagreement,2_167_2022-05-02_4_L.png,1,1,0.5831517008359527
val,multiview_disagreement,2_167_2022-05-02_7_R.png,1,0,0.42494544135431733
val,multiview_disagreement,2_167_2022-05-02_1_L.png,1,0,0.41176983551948726
val,multiview_disagreement,2_167_2022-05-02_3_L.png,1,0,0.4843726368711316
val,multiview_disagreement,2_167_2022-05-02_10_R.png,1,0,0.5435643239703035
val,multiview_disagreement,2_62_2022-02-19_3_L.png,1,1,0.842054632040387
val,multiview_disagreement,2_62_2020-10-09_1_L.png,1,0,0.6403381564923397
val,multiview_disagreement,2_62_2021-01-25_1_L.png,1,0,0.5053361830878408
val,multiview_disagreement,2_62_2021-01-25_3_R.png,1,0,0.020554966759379647
val,multiview_disagreement,2_62_2022-02-19_2_L.png,1,0,0.6584610241996499
val,multiview_disagreement,2_62_2020-11-13_1_L.png,1,0,0.46539296615319786
val,multiview_disagreement,2_62_2022-02-19_1_L.png,1,0,0.3777645986125805
val,multiview_disagreement,5_531_2021-09-01_3_R.png,1,0,0.6202902386185187
val,multiview_disagreement,5_531_2021-09-01_7_R.png,1,0,0.7074158215717318
val,multiview_disagreement,5_531_2021-09-01_5_L.png,2,0,0.22753962232875427
val,multiview_disagreement,5_531_2021-09-01_4_L.png,2,1,0.6590296631843952
val,multiview_disagreement,5_531_2021-09-01_2_L.png,2,1,0.7093809623019862
val,multiview_disagreement,5_531_2021-09-01_6_L.png,2,1,0.45750536089374877
val,multiview_disagreement,5_531_2021-09-01_1_L.png,2,1,0.7240750696267922
val,multiview_disagreement,1_41_2022-07-04_2_L.png,0,0,0.724678013854302
val,multiview_disagreement,1_41_2022-07-04_3_L.png,0,0,0.5412777835237781
val,multiview_disagreement,1_41_2022-07-04_4_L.png,0,0,0.6812959248847249
val,multiview_disagreement,1_41_2022-07-04_1_L.png,0,0,0.2243283767306469
val,multiview_disagreement,1_41_2022-07-04_5_L.png,0,0,0.43777406580144096
val,multiview_disagreement,1_41_2022-07-04_6_L.png,0,0,0.6724195972046508
val,multiview_disagreement,1_41_2022-07-04_7_L.png,0,0,0.390263201196579
val,multiview_disagreement,1_197_2021-12-24_4_R.png,0,0,0.2729068367713302
val,multiview_disagreement,1_197_2021-12-24_3_L.png,0,0,0.7405582267528005
val,multiview_disagreement,1_197_2021-12-24_6_R.png,0,0,0.600268791647578
val,multiview_disagreement,1_197_2021-12-07_1_L.png,0,0,0.6746342733394339
val,multiview_disagreement,1_197_2021-12-24_2_R.png,0,0,0.87953330396702
val,multiview_disagreement,1_197_2021-12-24_5_R.png,0,0,0.6542581287330986
val,multiview_disagreement,1_197_2021-12-24_1_R.png,0,0,0.6319022422740949
val,multiview_disagreement,4_85_2022-07-08_6_L.png,1,1,0.5894111422232302
val,multiview_disagreement,4_85_2022-07-08_1_L.png,1,0,0.1664353780563776
val,multiview_disagreement,4_85_2022-07-08_2_L.png,1,0,0.613687150927555
val,multiview_disagreement,4_85_2022-07-08_3_L.png,1,0,0.7906999360010608
val,multiview_disagreement,4_85_2022-07-08_4_L.png,1,0,0.7269274912731154
val,multiview_disagreement,4_85_2022-07-08_5_L.png,1,0,0.11262273145287949
val,multiview_disagreement,5_195_2022-05-13_9_L.png,2,0,0.302787707982046
val,multiview_disagreement,5_195_2022-05-13_6_L.png,2,0,0.17070445321003158
val,multiview_disagreement,5_195_2022-05-13_7_L.png,2,1,0.5149898739293162
val,multiview_disagreement,5_195_2022-05-13_10_L.png,2,0,0.11628317725091611
val,multiview_disagreement,5_195_2022-05-13_8_L.png,2,0,0.4692118481394741
val,multiview_disagreement,5_195_2022-05-13_12_L.png,2,0,0.39984141951574664
val,multiview_disagreement,5_609_2020-01-07_2_R.png,2,0,0.07379854116463273
val,multiview_disagreement,5_609_2019-12-04_2_R.png,2,1,0.6781880552369942
val,multiview_disagreement,5_609_2020-01-07_1_L.png,2,0,0.4249963415417441
val,multiview_disagreement,5_609_2019-12-04_1_R.png,2,0,0.4794358208214282
val,multiview_disagreement,5_609_2019-12-26_1_L.png,2,1,0.5229118659677529
val,multiview_disagreement,5_609_2019-12-26_2_R.png,2,0,0.3388126644419626
val,multiview_disagreement,2_8_2022-06-20_1_L.png,1,0,0.5178659172155455
val,multiview_disagreement,2_8_2022-06-20_6_L.png,1,0,0.3629904166843602
val,multiview_disagreement,2_8_2022-06-20_2_L.png,1,0,0.10370266028807304
val,multiview_disagreement,2_8_2022-06-20_5_L.png,1,0,0.3386031500683007
val,multiview_disagreement,2_8_2022-06-20_4_L.png,1,0,0.1637455841890385
val,multiview_disagreement,2_8_2022-06-20_3_L.png,1,0,0.5105265127920695
val,multiview_disagreement,2_21_2022-04-29_4_R.png,1,1,0.7889252802608102
val,multiview_disagreement,2_21_2022-04-29_2_R.png,1,1,0.6399033795996601
val,multiview_disagreement,2_21_2022-04-29_1_R.png,1,0,0.4861310331230171
val,multiview_disagreement,2_21_2022-04-29_3_R.png,1,1,0.5599925185512366
val,multiview_disagreement,2_21_2022-04-29_6_R.png,1,1,0.49973287835269575
val,multiview_disagreement,2_21_2022-04-29_5_R.png,1,0,0.417612567567139
val,multiview_disagreement,4_7_2022-06-20_4_R.png,1,0,0.6511745384007765
val,multiview_disagreement,4_7_2022-06-20_5_R.png,1,0,0.5961695071261901
val,multiview_disagreement,4_7_2022-06-20_1_R.png,1,0,0.39783454160576937
val,multiview_disagreement,4_7_2022-06-20_3_R.png,1,1,0.6399532194886665
val,multiview_disagreement,4_7_2022-06-20_2_R.png,1,0,0.6894627000930149
val,multiview_disagreement,4_7_2022-06-20_6_R.png,1,0,0.3867442393473692
val,multiview_disagreement,5_336_2021-09-03_3_R.png,2,0,0.006076490422966139
val,multiview_disagreement,5_336_2020-12-25_2_R.png,2,0,0.007230983364117515
val,multiview_disagreement,5_336_2021-05-09_1_R.png,2,0,0.0053245076857622855
val,multiview_disagreement,5_336_2021-09-03_4_R.png,2,0,0.006034322171049122
val,multiview_disagreement,5_336_2020-10-08_1_R.png,2,0,0.03593218631938861
val,multiview_disagreement,5_336_2020-10-08_2_R.png,2,0,0.005499080063526207
val,multiview_disagreement,1_82_2018-12-06_2_R.png,0,0,0.3154414605666232
val,multiview_disagreement,1_82_2020-12-10_2_R.png,0,0,0.5972139306546991
val,multiview_disagreement,1_82_2020-12-10_1_L.png,0,0,0.6302154162947065
val,multiview_disagreement,1_82_2022-05-07_1_L.png,0,0,0.4584339118637014
val,multiview_disagreement,1_82_2018-12-06_1_L.png,0,0,0.3229583827548582
val,multiview_disagreement,1_82_2022-05-07_2_R.png,0,0,0.65855016394698
val,multiview_disagreement,5_627_2022-06-29_7_L.png,2,0,0.0415340043604978
val,multiview_disagreement,5_627_2022-06-29_12_R.png,2,1,0.35316106858282914
val,multiview_disagreement,5_627_2022-06-29_11_L.png,2,1,0.5697039329196332
val,multiview_disagreement,5_627_2022-06-29_8_L.png,2,0,0.025509423960368437
val,multiview_disagreement,5_627_2022-06-29_9_L.png,2,0,0.4245944610389312
val,multiview_disagreement,5_627_2022-06-29_13_L.png,2,0,0.18258829908049207
val,multiview_disagreement,4_24_2020-08-19_6_R.png,1,0,0.010106138735931768
val,multiview_disagreement,4_24_2020-09-07_1_L.png,1,0,0.5274366553754858
val,multiview_disagreement,4_24_2020-08-19_5_R.png,1,0,0.0064821461759896
val,multiview_disagreement,4_24_2020-09-07_2_R.png,1,0,0.3946781255183804
val,multiview_disagreement,4_24_2020-08-19_4_L.png,1,0,0.14937708480955064
val,multiview_disagreement,5_357_2022-05-04_8_L.png,2,0,0.013536120677977865
val,multiview_disagreement,5_357_2022-05-04_9_L.png,2,0,0.006818592718458807
val,multiview_disagreement,5_357_2022-05-04_7_L.png,2,0,0.014859007554750376
val,multiview_disagreement,5_357_2022-05-04_11_L.png,2,0,0.19738016112930978
val,multiview_disagreement,5_357_2022-05-04_10_L.png,2,0,0.040476498109001884
val,multiview_disagreement,5_75_2022-03-13_4_R.png,2,0,0.09463111910592584
val,multiview_disagreement,5_75_2022-03-13_3_R.png,2,0,0.006230714729825998
val,multiview_disagreement,5_75_2022-03-13_5_R.png,2,0,0.0056737472792785975
val,multiview_disagreement,5_75_2022-03-13_1_R.png,2,0,0.007497537247847783
val,multiview_disagreement,5_75_2022-03-13_2_R.png,2,0,0.005643597578920415
val,multiview_disagreement,1_96_2020-08-19_2_R.png,0,0,0.6800976839814933
val,multiview_disagreement,1_96_2020-08-19_1_R.png,0,0,0.6265540536913957
val,multiview_disagreement,1_96_2020-03-17_3_R.png,0,0,0.4156051047789997
val,multiview_disagreement,1_96_2020-03-17_2_R.png,0,0,0.5225636617814245
val,multiview_disagreement,1_96_2020-03-17_1_R.png,0,0,0.6426269402636239
val,multiview_disagreement,5_654_2022-04-26_1_R.png,1,0,0.4301987900818262
val,multiview_disagreement,5_654_2022-04-26_2_R.png,1,1,0.6502812571365338
val,multiview_disagreement,5_654_2022-04-26_11_R.png,1,0,0.24436252793741012
val,multiview_disagreement,5_654_2022-04-26_3_R.png,1,1,0.9225652438829215
val,multiview_disagreement,5_654_2022-04-26_5_R.png,1,1,0.671495952608642
val,multiview_disagreement,4_66_2022-02-27_4_R.png,1,0,0.005881145615937988
val,multiview_disagreement,4_66_2022-02-27_2_R.png,1,0,0.23213438601204303
val,multiview_disagreement,4_66_2022-02-27_3_R.png,1,0,0.3848228983672167
val,multiview_disagreement,4_66_2022-02-27_5_R.png,1,0,0.006094896592675891
val,multiview_disagreement,4_66_2022-02-27_1_R.png,1,0,0.021439093732057327
val,multiview_disagreement,2_25_2021-07-07_2_L.png,1,0,0.6299069719121249
val,multiview_disagreement,2_25_2021-05-21_2_R.png,1,0,0.4206316327899503
val,multiview_disagreement,2_25_2021-05-21_1_L.png,1,0,0.3559024203003209
val,multiview_disagreement,2_25_2021-05-21_3_R.png,1,0,0.3676249752610783
val,multiview_disagreement,2_25_2021-07-07_1_L.png,1,0,0.6081550856391374
val,multiview_disagreement,5_425_2022-06-13_4_R.png,2,1,0.701728215646405
val,multiview_disagreement,5_425_2022-06-13_1_R.png,2,1,0.46583763887936563
val,multiview_disagreement,5_425_2022-06-13_6_R.png,2,0,0.776757297398392
val,multiview_disagreement,5_425_2022-06-13_2_R.png,2,0,0.02508992976087212
val,multiview_disagreement,5_425_2022-06-13_3_R.png,2,0,0.4043277015743523
val,multiview_disagreement,5_226_2020-11-24_2_L.png,2,0,0.01429029782120095
val,multiview_disagreement,5_226_2020-11-24_1_L.png,2,0,0.06010479404610626
val,multiview_disagreement,5_226_2020-12-09_1_R.png,2,0,0.005809949184769933
val,multiview_disagreement,5_226_2020-12-01_2_R.png,2,0,0.10246549448045551
val,multiview_disagreement,5_226_2020-12-01_1_L.png,2,0,0.29262601457560733
val,multiview_disagreement,1_170_2021-04-01_1_R.png,0,0,0.7273394862921057
val,multiview_disagreement,1_170_2021-04-01_2_R.png,0,0,0.727070342636097
val,multiview_disagreement,1_170_2021-04-01_3_R.png,0,0,0.6788657066536145
val,multiview_disagreement,1_170_2021-04-11_1_R.png,0,0,0.3890749438015504
val,multiview_disagreement,1_170_2021-04-01_4_R.png,0,0,0.7473124414714751
val,multiview_disagreement,4_92_2021-03-16_1_R.png,1,0,0.46531834926604476
val,multiview_disagreement,4_92_2020-03-04_1_R.png,1,1,0.6521184816737657
val,multiview_disagreement,4_92_2021-03-16_2_L.png,1,0,0.43757579320509626
val,multiview_disagreement,4_92_2020-03-04_2_L.png,1,1,0.7251492439322994
val,multiview_disagreement,4_92_2021-07-26_1_L.png,1,0,0.5599650744633451
val,multiview_disagreement,1_146_2021-11-03_1_L.png,0,0,0.5819579374112271
val,multiview_disagreement,1_146_2021-11-03_2_L.png,0,0,0.38408167339038307
val,multiview_disagreement,1_146_2021-11-03_3_R.png,0,0,0.4459451713553156
val,multiview_disagreement,1_146_2019-06-10_1_L.png,0,0,0.3736592509408447
val,multiview_disagreement,1_146_2019-06-10_2_R.png,0,0,0.07721037765807912
val,multiview_disagreement,5_693_2022-06-24_4_R.png,1,0,0.5754527069008138
val,multiview_disagreement,5_693_2022-06-24_1_R.png,1,0,0.15967970454429564
val,multiview_disagreement,5_693_2022-06-24_3_R.png,1,0,0.5459792791774968
val,multiview_disagreement,5_693_2022-06-24_2_R.png,1,1,0.5248504395477721
val,multiview_disagreement,5_693_2022-06-24_5_R.png,1,0,0.4010298528226099
val,multiview_disagreement,1_190_2021-10-18_4_R.png,0,0,0.5563929955697974
val,multiview_disagreement,1_190_2021-10-18_1_R.png,0,0,0.017525382990986542
val,multiview_disagreement,1_190_2021-10-18_3_L.png,0,0,0.7237553099066847
val,multiview_disagreement,1_190_2021-10-18_5_R.png,0,0,0.7115993997691205
val,multiview_disagreement,1_190_2021-10-18_2_L.png,0,0,0.8331740767435414
val,multiview_disagreement,5_463_2022-02-27_4_L.png,2,0,0.005943119364250471
val,multiview_disagreement,5_463_2022-02-27_5_L.png,2,0,0.005459976172736251
val,multiview_disagreement,5_463_2022-02-27_1_L.png,2,0,0.0056124845136854866
val,multiview_disagreement,5_463_2022-02-27_2_L.png,2,0,0.06725997487716516
val,multiview_disagreement,5_463_2022-02-27_3_L.png,2,0,0.006686535139676022
val,multiview_disagreement,5_550_2021-06-28_6_R.png,2,0,0.21277501146867117
val,multiview_disagreement,5_550_2021-06-28_3_R.png,2,0,0.031546432683184404
val,multiview_disagreement,5_550_2021-06-06_2_R.png,2,1,0.684334188782739
val,multiview_disagreement,5_550_2021-06-28_4_R.png,2,0,0.3408681793779303
val,multiview_disagreement,5_550_2021-06-28_5_R.png,2,0,0.06030443755277859
val,multiview_disagreement,2_58_2021-08-25_5_R.png,1,1,0.6608255464472905
val,multiview_disagreement,2_58_2021-08-25_4_R.png,1,1,0.7721814550860822
val,multiview_disagreement,2_58_2021-08-25_3_R.png,1,1,0.6536337065010113
val,multiview_disagreement,2_58_2021-08-25_1_L.png,1,0,0.5651386780189526
val,multiview_disagreement,2_58_2021-08-25_2_L.png,1,0,0.3910546188263122
val,multiview_disagreement,5_375_2022-01-08_6_L.png,1,0,0.6234202236955378
val,multiview_disagreement,5_375_2022-01-08_8_L.png,1,1,0.7941185366914537
val,multiview_disagreement,5_375_2022-01-08_7_R.png,2,0,0.02187607459206599
val,multiview_disagreement,5_375_2022-01-08_4_R.png,2,0,0.03874245463195996
val,multiview_disagreement,5_375_2022-01-08_2_R.png,2,0,0.016925834808698314
val,multiview_disagreement,5_644_2022-02-11_2_L.png,2,0,0.7272326076634367
val,multiview_disagreement,5_644_2022-02-11_1_L.png,2,1,0.43661088063791187
val,multiview_disagreement,5_644_2022-02-11_1_L.png,2,1,0.43661088063791187
val,multiview_disagreement,5_644_2022-02-11_3_L.png,2,1,0.627874751804701
val,multiview_disagreement,3_148_2022-03-30_1_R.png,1,0,0.4621757969405948
val,multiview_disagreement,3_148_2021-12-09_9_R.png,1,0,0.556562005625077
val,multiview_disagreement,3_148_2022-03-30_2_L.png,1,0,0.42428854232125557
val,multiview_disagreement,3_148_2021-12-09_10_R.png,1,1,0.5516332279473813
val,multiview_disagreement,1_165_2021-07-18_2_R.png,0,0,0.37651610644441397
val,multiview_disagreement,1_165_2021-07-18_1_L.png,0,0,0.6442304842222691
val,multiview_disagreement,1_165_2020-07-25_1_L.png,0,0,0.6418054213606383
val,multiview_disagreement,1_165_2020-07-25_2_R.png,0,0,0.5997279535499201
val,multiview_disagreement,5_730_2021-04-26_1_L.png,2,1,0.38298857616175347
val,multiview_disagreement,5_730_2021-08-16_3_R.png,2,0,0.006619179097974
val,multiview_disagreement,5_730_2021-07-31_2_R.png,2,1,0.48240918464859645
val,multiview_disagreement,5_730_2021-04-26_2_R.png,1,0,0.2751032637645949
val,multiview_disagreement,3_153_2021-07-14_2_R.png,1,1,0.4869240975095125
val,multiview_disagreement,3_153_2021-07-14_1_R.png,1,0,0.3634931240295975
val,multiview_disagreement,3_153_2021-07-14_4_L.png,1,0,0.10624896893659119
val,multiview_disagreement,3_153_2021-07-14_3_L.png,1,0,0.3297077303694496
val,multiview_disagreement,1_105_2020-04-14_2_R.png,0,0,0.28383495837649775
val,multiview_disagreement,1_105_2019-09-15_1_L.png,0,0,0.4481071671957938
val,multiview_disagreement,1_105_2019-09-15_2_R.png,0,0,0.5239139817301526
val,multiview_disagreement,1_105_2020-04-14_1_L.png,0,0,0.5117315654787407
val,multiview_disagreement,1_45_2022-03-06_2_L.png,0,0,0.8087964382774754
val,multiview_disagreement,1_45_2019-03-25_2_R.png,0,0,0.8123765966433139
val,multiview_disagreement,1_45_2019-03-25_1_L.png,0,0,0.7204182000506348
val,multiview_disagreement,1_45_2022-03-06_1_R.png,0,0,0.7834642276936131
val,multiview_disagreement,5_321_2021-09-15_1_R.png,2,1,0.2927170989338226
val,multiview_disagreement,5_321_2021-09-09_2_R.png,2,1,0.35541790074293983
val,multiview_disagreement,5_321_2021-09-09_1_R.png,2,1,0.28468233436246193
val,multiview_disagreement,5_321_2021-09-15_2_R.png,2,1,0.2991470405199131
val,multiview_disagreement,5_18_2021-08-13_1_R.png,2,0,0.07567132713416748
val,multiview_disagreement,5_18_2021-08-13_2_R.png,2,0,0.029501557604432443
val,multiview_disagreement,5_18_2021-08-21_1_R.png,2,0,0.05883351731899223
val,multiview_disagreement,5_18_2021-08-21_2_R.png,2,0,0.15341119982303894
test,multiview_disagreement,1_200_2021-05-13_4_R.png,0,0,0.7912132390397557
test,multiview_disagreement,1_200_2021-05-13_3_R.png,0,0,0.3481083988182427
test,multiview_disagreement,1_200_2021-05-13_2_L.png,0,0,0.517134847270374
test,multiview_disagreement,1_200_2021-05-13_1_R.png,0,0,0.3994410903028607
test,multiview_disagreement,1_26_2020-11-20_3_R.png,0,0,0.6450406308233404
test,multiview_disagreement,1_26_2020-11-20_2_R.png,0,0,0.7269966951041632
test,multiview_disagreement,1_26_2020-11-20_4_L.png,0,0,0.6030004015615315
test,multiview_disagreement,1_26_2020-11-20_1_R.png,0,0,0.6068961624113898
test,multiview_disagreement,3_27_2019-04-25_1_L.png,1,1,0.5962109428821233
test,multiview_disagreement,3_27_2019-03-06_1_R.png,1,0,0.5765857130181291
test,multiview_disagreement,3_27_2019-04-25_2_R.png,1,1,0.700216073086302
test,multiview_disagreement,3_27_2019-03-06_2_L.png,1,0,0.4378452554768742
test,multiview_disagreement,5_238_2021-03-09_2_L.png,1,0,0.3502454486754849
test,multiview_disagreement,5_238_2021-03-16_1_L.png,1,0,0.3896906609375544
test,multiview_disagreement,5_238_2021-03-16_3_R.png,2,0,0.18345097537981067
test,multiview_disagreement,5_238_2021-03-09_1_R.png,2,0,0.011858199697925842
test,multiview_disagreement,5_192_2021-06-04_1_L.png,2,0,0.005779080262664429
test,multiview_disagreement,5_192_2022-03-08_2_L.png,2,0,0.01753654448858505
test,multiview_disagreement,5_192_2022-03-08_1_L.png,2,0,0.00836831933190239
test,multiview_disagreement,5_192_2021-06-04_2_L.png,2,0,0.023262774465117163
test,multiview_disagreement,5_567_2019-05-17_1_R.png,2,0,0.24003707725143716
test,multiview_disagreement,5_567_2019-05-24_1_R.png,2,0,0.1832854049581076
test,multiview_disagreement,5_567_2019-06-14_2_R.png,2,0,0.010462487641320729
test,multiview_disagreement,5_567_2019-05-17_2_L.png,2,1,0.37316824474999455
test,multiview_disagreement,3_14_2021-01-27_3_R.png,1,1,0.7298749423649677
test,multiview_disagreement,3_14_2021-01-27_1_L.png,1,0,0.35035218305757965
test,multiview_disagreement,3_14_2021-01-27_2_L.png,1,0,0.008159260913953671
test,multiview_disagreement,3_14_2021-01-27_4_R.png,1,1,0.6378282492879196
test,multiview_disagreement,5_39_2021-11-14_2_L.png,2,0,0.17803344442349378
test,multiview_disagreement,5_39_2021-11-14_5_L.png,2,0,0.15914028202136493
test,multiview_disagreement,5_39_2021-11-14_3_L.png,2,0,0.12994266528186785
test,multiview_disagreement,5_39_2021-11-14_4_L.png,2,0,0.15004963216548767
test,multiview_disagreement,5_35_2021-07-27_1_R.png,1,0,0.5106967149130505
test,multiview_disagreement,5_35_2021-07-27_2_R.png,1,0,0.3298008451908156
test,multiview_disagreement,5_35_2021-07-27_4_R.png,2,0,0.4923955866539626
test,multiview_disagreement,5_35_2021-08-23_1_R.png,2,0,0.5982663245744833
test,multiview_disagreement,1_181_2019-03-01_2_R.png,0,0,0.3867376851645934
test,multiview_disagreement,1_181_2022-07-08_1_R.png,0,0,0.5036226446407763
test,multiview_disagreement,1_181_2019-03-01_1_L.png,0,0,0.5916110388216246
test,multiview_disagreement,1_181_2022-07-08_2_L.png,0,0,0.6621704200782783
test,multiview_disagreement,5_118_2022-04-21_2_L.png,2,0,0.0056685047113958125
test,multiview_disagreement,5_118_2022-04-21_3_R.png,2,0,0.00576448556617186
test,multiview_disagreement,5_118_2022-04-21_1_L.png,2,0,0.006493731191000578
test,multiview_disagreement,5_118_2022-04-21_4_R.png,2,0,0.008237284872064023
test,multiview_disagreement,1_143_2019-09-11_1_L.png,0,0,0.5772531081996751
test,multiview_disagreement,1_143_2019-09-11_2_R.png,0,0,0.4859876711333322
test,multiview_disagreement,1_143_2019-03-04_2_R.png,0,0,0.36754430094161294
test,multiview_disagreement,1_143_2019-03-04_1_L.png,0,0,0.5668345618313528
test,multiview_disagreement,2_100_2022-05-31_9_L.png,1,0,0.374616161525519
test,multiview_disagreement,2_100_2022-05-31_2_L.png,1,1,0.6411480404893222
test,multiview_disagreement,2_100_2022-05-31_13_R.png,1,0,0.1770397694158555
test,multiview_disagreement,2_100_2022-05-31_1_R.png,1,1,0.815241902121882
test,multiview_disagreement,2_4_2021-10-21_3_L.png,1,0,0.40004095181580196
test,multiview_disagreement,2_4_2021-10-21_2_R.png,1,1,0.6667975625487965
test,multiview_disagreement,2_4_2021-10-21_1_R.png,1,0,0.5405576130025233
test,multiview_disagreement,2_4_2021-10-21_4_R.png,1,1,0.4550708674587093
test,multiview_disagreement,5_179_2020-09-27_1_R.png,2,0,0.043995860844462796
test,multiview_disagreement,5_179_2020-09-27_2_R.png,2,0,0.03187324345452023
test,multiview_disagreement,5_179_2020-09-27_4_L.png,1,0,0.3558257507816876
test,multiview_disagreement,5_179_2020-09-27_3_L.png,1,0,0.312614530611401
test,multiview_disagreement,1_19_2021-10-10_2_L.png,0,0,0.6351256738295071
test,multiview_disagreement,1_19_2020-10-25_1_L.png,0,0,0.7034071029604937
test,multiview_disagreement,1_19_2021-10-10_1_R.png,0,0,0.5993507194719002
test,multiview_disagreement,1_19_2020-10-25_2_R.png,0,0,0.8398927866901426
test,multiview_disagreement,1_46_2021-07-29_1_R.png,0,0,0.6671866694672601
test,multiview_disagreement,1_46_2021-02-28_1_R.png,0,0,0.273746314644323
test,multiview_disagreement,1_46_2021-07-18_1_R.png,0,0,0.3969151426774025
test,multiview_disagreement,1_46_2021-02-28_2_R.png,0,0,0.7219714702190745
test,multiview_disagreement,1_87_2021-05-05_4_L.png,0,0,0.680150479047554
test,multiview_disagreement,1_87_2021-05-05_3_L.png,0,0,0.8101217584365171
test,multiview_disagreement,1_87_2021-05-05_1_R.png,0,0,0.3699867158600589
test,multiview_disagreement,1_87_2021-05-05_2_L.png,0,0,0.6735996019661694
test,multiview_disagreement,1_40_2019-03-21_1_R.png,0,0,0.5461248691215768
test,multiview_disagreement,1_40_2020-12-11_1_R.png,0,0,0.7302574248344502
test,multiview_disagreement,1_40_2019-03-21_2_L.png,0,0,0.5249525326516511
test,multiview_disagreement,1_40_2020-12-11_2_L.png,0,0,0.5899291605161576
test,multiview_disagreement,5_588_2019-04-30_1_L.png,2,0,0.15895744620415383
test,multiview_disagreement,5_588_2019-04-30_3_L.png,2,0,0.15895744620415383
test,multiview_disagreement,5_588_2019-04-30_4_L.png,2,0,0.005752869014331682
test,multiview_disagreement,5_588_2019-04-30_2_L.png,2,0,0.005752869014331682
test,multiview_disagreement,1_195_2021-07-22_1_R.png,0,0,0.7571945327316545
test,multiview_disagreement,1_195_2021-07-22_2_L.png,0,0,0.5496956626238305
test,multiview_disagreement,1_195_2020-07-31_1_R.png,0,0,0.7555568487447945
test,multiview_disagreement,1_195_2020-07-31_2_L.png,0,0,0.8167895301071
test,multiview_disagreement,5_84_2021-07-06_3_R.png,2,0,0.03405344509784578
test,multiview_disagreement,5_84_2021-09-19_1_L.png,2,1,0.4028565677918389
test,multiview_disagreement,5_84_2021-07-06_1_L.png,2,1,0.28173182773786143
test,multiview_disagreement,5_84_2021-09-19_2_L.png,2,1,0.839738919852689
test,multiview_disagreement,5_27_2021-10-11_1_L.png,2,1,0.5961748275980088
test,multiview_disagreement,5_27_2021-11-28_2_L.png,2,0,0.45058738246452373
test,multiview_disagreement,5_27_2021-10-11_3_R.png,2,0,0.01976027486546098
test,multiview_disagreement,5_27_2021-10-11_2_L.png,2,1,0.685919998878385
test,multiview_disagreement,5_313_2020-09-29_2_L.png,2,0,0.4562385662791692
test,multiview_disagreement,5_313_2020-09-29_1_R.png,2,0,0.029223741058731396
test,multiview_disagreement,5_313_2020-10-21_1_L.png,2,0,0.2918413396760198
test,multiview_disagreement,5_313_2020-10-21_2_R.png,2,0,0.02692265470432259
test,multiview_disagreement,5_280_2022-05-24_2_L.png,2,0,0.00926675708372587
test,multiview_disagreement,5_280_2022-05-24_1_L.png,2,0,0.005807108007941426
test,multiview_disagreement,5_280_2022-05-24_4_R.png,2,0,0.005404932148159456
test,multiview_disagreement,5_280_2022-05-24_3_R.png,2,0,0.0053809445414319595
test,multiview_disagreement,3_81_2021-01-22_2_L.png,1,0,0.5026310666195996
test,multiview_disagreement,3_81_2021-01-22_1_L.png,1,0,0.045673153107304215
test,multiview_disagreement,3_81_2021-01-22_3_R.png,1,0,0.38195494942424896
test,multiview_disagreement,3_81_2021-06-02_3_R.png,1,0,0.3057625589264983
test,multiview_disagreement,1_202_2021-09-12_1_R.png,0,0,0.7258107000880765
test,multiview_disagreement,1_202_2021-09-12_2_R.png,0,0,0.6955679065573621
test,multiview_disagreement,1_202_2021-09-12_3_L.png,0,0,0.10724550963154217
test,multiview_disagreement,1_202_2021-09-12_4_L.png,0,0,0.0694052209785991
test,multiview_disagreement,3_115_2022-04-16_1_R.png,1,0,0.707284957046378
test,multiview_disagreement,3_115_2022-02-21_2_R.png,1,0,0.6216514264249219
test,multiview_disagreement,3_115_2022-04-16_2_L.png,1,1,0.6236156883795221
test,multiview_disagreement,3_115_2022-02-21_1_L.png,1,0,0.5920703901755642
test,multiview_disagreement,5_496_2019-11-04_1_R.png,2,0,0.008818584370320615
test,multiview_disagreement,5_496_2019-05-07_1_R.png,2,0,0.7366017673726782
test,multiview_disagreement,5_496_2019-05-19_2_R.png,2,0,0.2693979133472526
test,multiview_disagreement,5_496_2019-06-13_1_R.png,2,0,0.013498202383967605
test,multiview_disagreement,5_234_2020-12-02_1_L.png,2,1,0.5957650777849716
test,multiview_disagreement,5_234_2020-12-02_2_L.png,2,1,0.5624111370836379
test,multiview_disagreement,5_234_2020-10-28_1_L.png,2,1,0.4662583291895264
test,multiview_disagreement,5_234_2020-11-16_1_L.png,2,1,0.6221693548611149
test,multiview_disagreement,5_291_2019-05-05_1_L.png,2,0,0.30912528983055376
test,multiview_disagreement,5_291_2019-05-06_2_L.png,2,0,0.159214300501533
test,multiview_disagreement,5_291_2019-05-06_1_R.png,2,1,0.6166785933448147
test,multiview_disagreement,5_291_2019-05-05_2_R.png,2,1,0.7034756797168483
test,multiview_disagreement,1_59_2019-01-30_1_R.png,0,0,0.04877978630493715
test,multiview_disagreement,1_59_2019-01-30_2_R.png,0,0,0.2654365037757445
test,multiview_disagreement,1_59_2019-01-30_4_L.png,0,0,0.2895104374433462
test,multiview_disagreement,1_59_2019-01-30_3_L.png,0,0,0.26355842438702504
test,multiview_disagreement,3_19_2021-08-06_1_L.png,1,0,0.4400064071901783
test,multiview_disagreement,3_19_2021-08-06_3_R.png,1,0,0.5737988871184965
test,multiview_disagreement,3_19_2021-12-09_2_L.png,1,0,0.4983613567082188
test,multiview_disagreement,3_19_2021-08-06_2_L.png,1,1,0.7467214792917755
test,multiview_disagreement,5_93_2019-09-09_3_R.png,2,1,0.38403035516986617
test,multiview_disagreement,5_93_2019-09-09_1_L.png,2,1,0.3991559072021323
test,multiview_disagreement,5_93_2019-09-09_2_L.png,2,0,0.045900155585617636
test,multiview_disagreement,5_93_2019-08-14_1_R.png,2,1,0.7187460726892514
test,multiview_disagreement,1_4_2019-10-10_2_L.png,0,0,0.6606605785448091
test,multiview_disagreement,1_4_2019-02-26_2_R.png,0,0,0.42558509573275377
test,multiview_disagreement,1_4_2019-02-26_1_L.png,0,0,0.38047533038211834
test,multiview_disagreement,1_4_2019-10-10_1_R.png,0,0,0.5651756855906261
test,multiview_disagreement,1_193_2019-08-22_1_R.png,0,0,0.32733092589742085
test,multiview_disagreement,1_193_2019-08-22_3_R.png,0,0,0.40627541332440525
test,multiview_disagreement,1_193_2019-08-22_4_L.png,0,0,0.3844252236697678
test,multiview_disagreement,1_193_2019-08-22_2_R.png,0,0,0.448094460972832
test,multiview_disagreement,4_82_2019-08-22_3_L.png,1,0,0.2901651375218131
test,multiview_disagreement,4_82_2019-08-22_1_R.png,1,1,0.6703849910361632
test,multiview_disagreement,4_82_2019-08-22_4_L.png,1,0,0.429660627468164
test,multiview_disagreement,4_82_2019-08-22_2_R.png,1,1,0.643037341027985
test,multiview_disagreement,2_207_2019-09-03_2_R.png,1,0,0.7500685964515661
test,multiview_disagreement,2_207_2019-07-31_2_R.png,1,1,0.5319064216735973
test,multiview_disagreement,2_207_2019-09-03_1_L.png,1,0,0.2839745780100414
test,multiview_disagreement,5_732_2020-07-29_1_R.png,2,0,0.012477337284455523
test,multiview_disagreement,5_732_2020-07-29_2_L.png,2,0,0.1869560397005747
test,multiview_disagreement,5_732_2020-08-26_1_L.png,2,0,0.021597127453266172
test,multiview_disagreement,3_102_2020-08-05_1_L.png,1,0,0.37993062683961565
test,multiview_disagreement,3_102_2020-08-05_2_L.png,1,0,0.3464812018785704
test,multiview_disagreement,3_102_2020-08-05_3_R.png,1,0,0.3833346872595507
test,multiview_disagreement,5_642_2021-07-02_2_L.png,2,0,0.02990055984867652
test,multiview_disagreement,5_642_2021-06-23_2_L.png,2,0,0.017193342821371374
test,multiview_disagreement,5_642_2021-06-23_1_L.png,2,0,0.006088793612680655
test,multiview_disagreement,1_2_2021-11-30_1_L.png,0,0,0.4347353686591738
test,multiview_disagreement,1_2_2021-11-30_3_R.png,0,0,0.5248196772321903
test,multiview_disagreement,1_2_2021-11-30_2_L.png,0,0,0.6667653421837303
test,multiview_disagreement,2_19_2021-03-29_1_L.png,1,0,0.6753012075214184
test,multiview_disagreement,2_19_2021-03-29_4_R.png,1,1,0.6449265533190562
test,multiview_disagreement,2_19_2021-03-29_3_L.png,1,0,0.7246361275388205
test,multiview_disagreement,3_155_2021-03-12_1_R.png,1,0,0.3796714124037989
test,multiview_disagreement,3_155_2020-12-25_1_R.png,1,0,0.1836016271336239
test,multiview_disagreement,3_155_2020-10-11_1_R.png,1,0,0.24761661035764967
test,multiview_disagreement,1_188_2022-01-08_1_R.png,0,0,0.5480071038982319
test,multiview_disagreement,1_188_2022-01-08_2_L.png,0,0,0.5470352165369436
test,multiview_disagreement,1_188_2022-01-08_3_L.png,0,0,0.7211769331747188
test,multiview_disagreement,5_439_2022-05-17_2_R.png,1,0,0.5240997432485127
test,multiview_disagreement,5_439_2022-06-06_7_L.png,2,0,0.01729295998542352
test,multiview_disagreement,5_439_2022-05-17_1_L.png,2,0,0.013391068637512974
test,multiview_disagreement,5_155_2022-02-13_3_L.png,1,0,0.5533169122357225
test,multiview_disagreement,5_155_2022-02-13_1__L.png,2,0,0.005800900303414617
test,multiview_disagreement,5_155_2022-02-13_2_R.png,2,0,0.006345078154498643
test,multiview_disagreement,4_34_2021-06-07_2_R.png,1,0,0.47709813790708083
test,multiview_disagreement,4_34_2021-05-22_1_R.png,1,0,0.39503203194308495
test,multiview_disagreement,4_34_2021-06-07_1_L.png,1,0,0.436784640670469
test,multiview_disagreement,3_161_2021-05-18_2_L.png,1,0,0.22156424121963153
test,multiview_disagreement,3_161_2021-05-18_1_L.png,1,0,0.2286423626488757
test,multiview_disagreement,3_161_2021-05-18_3_R.png,1,0,0.2999392034188688
test,multiview_disagreement,5_467_2021-10-16_3_R.png,1,0,0.6776404213204619
test,multiview_disagreement,5_467_2021-10-16_1_R.png,1,0,0.7143597755770568
test,multiview_disagreement,5_467_2021-10-16_2_L.png,2,0,0.011400131252781356
test,multiview_disagreement,2_149_2021-02-06_1_L.png,1,0,0.5555980899949788
test,multiview_disagreement,2_149_2021-02-06_3_L.png,1,0,0.4583152826414271
test,multiview_disagreement,2_149_2021-02-06_2_R.png,1,1,0.6910966058851702
test,multiview_disagreement,5_139_2021-11-23_1_R.png,2,0,0.008057588985799703
test,multiview_disagreement,5_139_2021-11-18_1_R.png,2,0,0.005740936327966503
test,multiview_disagreement,5_139_2021-11-18_2_R.png,2,0,0.007375479287303766
test,multiview_disagreement,5_490_2022-03-31_2_L.png,2,0,0.006457023878407609
test,multiview_disagreement,5_490_2022-03-31_3_L.png,2,0,0.006426067872317812
test,multiview_disagreement,5_490_2022-03-31_1_R.png,2,1,0.32949696872329
test,multiview_disagreement,5_158_2022-03-06_2_R.png,2,0,0.006494680652341049
test,multiview_disagreement,5_158_2022-03-06_3_L.png,2,0,0.01831389682903941
test,multiview_disagreement,5_158_2022-03-06_1_R.png,2,0,0.005543271606950741
test,multiview_disagreement,5_573_2021-06-09_2_R.png,1,0,0.6019826790893456
test,multiview_disagreement,5_573_2021-06-09_3_R.png,1,0,0.49739819124767537
test,multiview_disagreement,5_573_2021-06-09_1_L.png,1,1,0.8028739735404583
test,multiview_disagreement,5_74_2018-11-29_3_L.png,2,0,0.33163022338741915
test,multiview_disagreement,5_74_2018-12-04_1_L.png,2,0,0.30275681290439704
test,multiview_disagreement,5_74_2018-11-29_2_L.png,2,0,0.16153144664104008
test,multiview_disagreement,5_701_2021-07-25_2_R.png,2,0,0.4486959031112826
test,multiview_disagreement,5_701_2021-07-25_3_L.png,2,0,0.32938108293928176
test,multiview_disagreement,5_701_2021-07-25_1_R.png,2,0,0.3213418339348691
test,multiview_disagreement,5_261_2021-05-29_1_R.png,1,0,0.45638394327563797
test,multiview_disagreement,5_261_2021-05-29_2_L.png,1,0,0.46735819245415683
test,multiview_disagreement,5_261_2021-06-11_1_R.png,1,0,0.3152104458916649
test,multiview_disagreement,2_126_2019-07-03_3_R.png,1,1,0.6702155206829743
test,multiview_disagreement,2_126_2019-07-03_1_L.png,1,0,0.5359731796505702
test,multiview_disagreement,2_126_2019-07-03_2_R.png,1,1,0.7337139342286321
test,multiview_disagreement,5_442_2021-01-13_2_R.png,2,1,0.514951895201603
test,multiview_disagreement,5_442_2020-12-30_2_R.png,2,0,0.006112189461525956
test,multiview_disagreement,5_442_2020-12-30_3_R.png,2,0,0.005235814992598564
test,multiview_disagreement,5_67_2020-07-30_1_R.png,2,0,0.02366762594620955
test,multiview_disagreement,5_67_2020-07-30_2_L.png,2,0,0.011871090244990858
test,multiview_disagreement,5_67_2020-10-14_1_L.png,2,0,0.006674450472737407
test,multiview_disagreement,4_95_2022-01-11_2_L.png,1,1,0.6942747590732127
test,multiview_disagreement,4_95_2022-01-11_3_L.png,1,1,0.6451622709669056
test,multiview_disagreement,4_95_2022-01-11_1_L.png,1,1,0.5737494583995861
test,multiview_disagreement,1_111_2020-10-21_3_L.png,0,0,0.3296072498001932
test,multiview_disagreement,1_111_2020-10-21_2_L.png,0,0,0.7114467938907004
test,multiview_disagreement,1_111_2020-10-21_1_R.png,0,0,0.5901861480981251
test,multiview_disagreement,4_94_2020-10-11_1_R.png,1,0,0.24761661035764967
test,multiview_disagreement,4_94_2020-12-25_1_R.png,1,0,0.1836016271336239
test,multiview_disagreement,4_94_2021-03-12_1_R.png,1,0,0.3796714124037989
test,multiview_disagreement,1_68_2018-11-22_1_L.png,0,0,0.5921825791411683
test,multiview_disagreement,1_68_2018-11-22_3_R.png,0,0,0.6100607831470157
test,multiview_disagreement,1_68_2018-11-22_2_R.png,0,0,0.5142213281481737
test,multiview_disagreement,3_54_2021-06-08_2_R.png,1,0,0.5967045516904471
test,multiview_disagreement,3_54_2021-06-08_1_R.png,1,0,0.47655137778844303
test,multiview_disagreement,3_54_2021-06-02_1_R.png,1,0,0.29003884163443067
test,multiview_disagreement,5_597_2022-06-08_2_R.png,1,0,0.29558840603116043
test,multiview_disagreement,5_597_2022-06-08_1_L.png,2,0,0.006032879806238254
test,multiview_disagreement,5_597_2022-06-13_1_R.png,2,0,0.009285309839445683
test,multiview_disagreement,5_366_2021-11-04_1_R.png,2,1,0.27547504852265187
test,multiview_disagreement,5_366_2021-10-24_2_R.png,2,1,0.32844648501411916
test,multiview_disagreement,5_366_2022-06-05_1_R.png,2,1,0.4941628578982316
test,multiview_disagreement,3_73_2021-12-08_5_L.png,1,0,0.32209147380554176
test,multiview_disagreement,3_73_2021-12-08_3_L.png,1,0,0.7944554532620448
test,multiview_disagreement,3_73_2021-12-08_6_L.png,1,0,0.45157171021530507
test,multiview_disagreement,5_329_2021-04-21_3_R.png,2,0,0.006030831051250147
test,multiview_disagreement,5_329_2021-04-21_1_R.png,2,0,0.049521193689881594
test,multiview_disagreement,5_329_2021-04-21_2_L.png,1,0,0.5013588526249665
test,multiview_disagreement,1_55_2020-07-20_3_L.png,0,0,0.6021299191974162
test,multiview_disagreement,1_55_2020-07-20_1_R.png,0,0,0.7726981345432948
test,multiview_disagreement,1_55_2020-07-20_2_L.png,0,0,0.23897133376170898
test,multiview_disagreement,5_262_2021-10-21_1_L.png,1,1,0.6099478266966233
test,multiview_disagreement,5_262_2021-10-21_5_L.png,2,0,0.006225969755916605
test,multiview_disagreement,5_262_2021-10-21_3_L.png,2,1,0.814263388200301
test,multiview_disagreement,1_20_2022-04-10_2_R.png,0,0,0.42220980956903037
test,multiview_disagreement,1_20_2022-04-10_3_L.png,0,0,0.6420314066222301
test,multiview_disagreement,1_20_2022-04-10_1_L.png,0,0,0.6378071519576811
test,multiview_disagreement,1_201_2020-07-19_1_R.png,0,0,0.7022264744206876
test,multiview_disagreement,1_201_2020-07-19_2_L.png,0,0,0.5225455527381663
test,multiview_disagreement,1_201_2020-07-19_3_L.png,0,0,0.579720829878361
test,multiview_disagreement,1_160_2021-01-14_2_L.png,0,0,0.5109444903367134
test,multiview_disagreement,1_160_2021-01-14_1_R.png,0,0,0.7338165529201413
test,multiview_disagreement,1_160_2021-01-14_3_L.png,0,0,0.728361176323377
test,multiview_disagreement,1_139_2021-11-26_3_R.png,0,0,0.40866362072519363
test,multiview_disagreement,1_139_2021-11-26_1_L.png,0,0,0.520077671393884
test,multiview_disagreement,1_139_2021-11-26_2_L.png,0,0,0.8411285249227358
test,multiview_disagreement,1_155_2020-09-30_1_R.png,0,0,0.6804787665541041
test,multiview_disagreement,1_155_2020-09-30_2_R.png,0,0,0.4603195071963983
test,multiview_disagreement,1_155_2020-09-30_3_R.png,0,0,0.5537911489213947
test,multiview_disagreement,1_74_2020-05-07_1_R.png,0,0,0.10275835445979145
test,multiview_disagreement,1_74_2020-01-08_1_R.png,0,0,0.39967288431109244
test,multiview_disagreement,1_74_2020-05-07_2_R.png,0,0,0.5980259706251504
test,multiview_disagreement,3_147_2020-10-20_4_R.png,1,0,0.5647657885730003
test,multiview_disagreement,3_147_2020-10-20_2_L.png,1,0,0.37558518439830635
test,multiview_disagreement,3_147_2020-10-20_3_L.png,1,0,0.4245930687280808
test,multiview_disagreement,1_28_2020-11-11_1_R.png,0,0,0.4642459491328159
test,multiview_disagreement,1_28_2021-03-24_1_R.png,0,0,0.6360815868224733
test,multiview_disagreement,1_28_2020-12-15_1_R.png,0,0,0.73399863206545
test,multiview_disagreement,1_18_2019-05-27_1_R.png,0,0,0.6812258499458461
test,multiview_disagreement,1_18_2019-09-23_1_R.png,0,0,0.5819420012015248
test,multiview_disagreement,1_18_2019-04-15_1_R.png,0,0,0.48413423541823186
test,multiview_disagreement,5_373_2019-01-10_3_L.png,2,0,0.3448140047345347
test,multiview_disagreement,5_373_2019-01-10_2_R.png,2,1,0.5913422683189822
test,multiview_disagreement,5_373_2019-01-10_1_R.png,2,1,0.320925884652466
test,multiview_disagreement,5_512_2020-10-27_4_L.png,1,0,0.547585572619432
test,multiview_disagreement,5_512_2020-10-27_2_L.png,1,0,0.44707396458023546
test,multiview_disagreement,5_512_2019-12-04_1_L.png,1,0,0.5533867478061945
test,multiview_disagreement,3_77_2021-01-14_2_L.png,1,0,0.48005387773926356
test,multiview_disagreement,3_77_2021-01-14_3_R.png,1,0,0.35674797368436006
test,multiview_disagreement,3_77_2021-01-14_1_L.png,1,0,0.4358111384901848
test,multiview_disagreement,4_38_2021-12-13_2_L.png,1,0,0.6412015198809392
test,multiview_disagreement,4_38_2021-12-13_4_L.png,1,0,0.06823389479491121
test,multiview_disagreement,4_38_2021-12-13_16_L.png,1,0,0.5125801972162712
test,multiview_disagreement,5_727_2022-04-28_2_R.png,2,0,0.008268167278509915
test,multiview_disagreement,5_727_2022-05-06_1_R.png,2,0,0.030926416791735342
test,multiview_disagreement,5_727_2022-04-28_1_L.png,2,1,0.5649221896606177
test,multiview_disagreement,5_429_2021-03-18_3_R.png,1,0,0.15949742338302886
test,multiview_disagreement,5_429_2021-04-01_1_L.png,2,0,0.005702320595813862
test,multiview_disagreement,5_429_2021-04-01_3_L.png,2,0,0.006242052748850435
test,multiview_disagreement,1_25_2019-02-09_2_L.png,0,0,0.7008018366094511
test,multiview_disagreement,1_25_2019-02-09_3_L.png,0,0,0.8830617450418652
test,multiview_disagreement,1_25_2019-02-09_1_R.png,0,0,0.10076630217213665
test,multiview_disagreement,5_659_2019-04-30_4_R.png,2,0,0.24617552841533863
test,multiview_disagreement,5_659_2019-04-30_2_R.png,2,0,0.24617552841533863
test,multiview_disagreement,5_659_2019-05-30_1_R.png,2,1,0.5474503932083857
test,multiview_disagreement,5_629_2020-12-01_1_R.png,2,1,0.3933628618444014
test,multiview_disagreement,5_629_2020-11-25_2_R.png,2,0,0.2587226571407435
test,multiview_disagreement,5_629_2020-11-25_1_R.png,2,1,0.3151196939891307
test,multiview_disagreement,5_633_2021-10-18_3_R.png,1,0,0.2939346042822311
test,multiview_disagreement,5_633_2021-10-18_2_R.png,1,0,0.18119619154587213
test,multiview_disagreement,5_633_2021-10-13_1_R.png,1,0,0.402117745004089
test,multiview_disagreement,2_6_2021-12-23_1_L.png,1,0,0.522289240940839
test,multiview_disagreement,2_6_2021-12-23_3_R.png,1,1,0.7123691359710327
test,multiview_disagreement,2_6_2021-12-23_2_R.png,1,1,0.6683393630728178
test,multiview_disagreement,4_37_2019-07-12_2_L.png,1,0,0.57777849556961
test,multiview_disagreement,4_37_2019-07-12_3_R.png,1,0,0.4479115689545597
test,multiview_disagreement,4_37_2019-07-12_1_L.png,1,0,0.3682601955851544
test,multiview_disagreement,1_172_2020-11-23_1_L.png,0,0,0.4847746814725706
test,multiview_disagreement,1_172_2020-11-26_1_R.png,0,0,0.52383964634418
test,multiview_disagreement,1_172_2020-11-23_2_R.png,0,0,0.50942229441174
test,multiview_disagreement,1_50_2021-06-08_1_L.png,0,0,0.5988373597790388
test,multiview_disagreement,1_50_2021-04-09_1_L.png,0,0,0.6955659693637783
test,multiview_disagreement,1_50_2021-04-09_2_R.png,0,0,0.5357181827356243
test,multiview_disagreement,5_59_2021-07-12_1_R.png,2,1,0.5811062431105621
test,multiview_disagreement,5_59_2021-07-12_3_R.png,2,0,0.009877810960193797
test,multiview_disagreement,5_59_2021-07-12_2_L.png,2,1,0.5449868814826978
test,multiview_disagreement,4_13_2021-12-04_1_R.png,1,1,0.9149615851073798
test,multiview_disagreement,4_13_2021-12-04_2_L.png,1,0,0.31401624332864037
test,multiview_disagreement,4_13_2021-12-04_3_R.png,1,0,0.7022664078421381
test,multiview_disagreement,1_149_2021-03-21_3_L.png,0,0,0.4906552489166491
test,multiview_disagreement,1_149_2021-03-21_1_R.png,0,0,0.6045730324635638
test,multiview_disagreement,1_149_2021-03-21_2_L.png,0,0,0.629790798204301
test,multiview_disagreement,3_6_2019-06-11_2_R.png,1,0,0.44187573858889023
test,multiview_disagreement,3_6_2019-12-06_2_R.png,1,0,0.34210119217268264
test,multiview_disagreement,3_6_2019-12-06_1_L.png,1,0,0.6388146937684035
test,multiview_disagreement,1_64_2020-11-11_2_R.png,0,0,0.6380386742776
test,multiview_disagreement,1_64_2020-11-11_1_L.png,0,0,0.7712273446015141
test,multiview_disagreement,4_90_2019-08-29_2_L.png,1,0,0.08752771321603188
test,multiview_disagreement,4_90_2019-08-29_1_R.png,1,0,0.3816092456472699
test,multiview_disagreement,2_121_2021-02-09_1_L.png,1,0,0.5334398655830721
test,multiview_disagreement,2_121_2021-02-09_2_R.png,1,0,0.6095391974988336
test,multiview_disagreement,2_134_2020-12-28_2_R.png,1,0,0.405471348086672
test,multiview_disagreement,2_134_2020-12-28_1_L.png,1,0,0.43978305635269627
test,multiview_disagreement,5_180_2020-09-17_2_L.png,2,0,0.026313313643677946
test,multiview_disagreement,5_180_2020-09-17_3_L.png,2,0,0.05098221018129683
test,multiview_disagreement,1_91_2020-11-26_2_L.png,0,0,0.7633507664100723
test,multiview_disagreement,1_91_2020-11-26_1_R.png,0,0,0.5321973571905717
test,multiview_disagreement,5_345_2019-01-07_1_R.png,2,0,0.029570049149608608
test,multiview_disagreement,5_345_2018-12-07_1_R.png,2,1,0.30722730310052787
test,multiview_disagreement,1_156_2019-12-14_1_L.png,0,0,0.7188677383327438
test,multiview_disagreement,1_156_2019-12-14_2_R.png,0,0,0.39871273905096805
test,multiview_disagreement,1_89_2021-11-25_1_L.png,0,0,0.6003790849445709
test,multiview_disagreement,1_89_2021-11-25_2_R.png,0,0,0.43241610684974446
test,multiview_disagreement,3_154_2019-04-18_1_L.png,1,0,0.40642148381775045
test,multiview_disagreement,3_154_2019-04-18_2_R.png,1,0,0.560593763255373
test,multiview_disagreement,1_159_2021-02-12_1_R.png,0,0,0.5735551026771433
test,multiview_disagreement,1_159_2021-02-27_1_R.png,0,0,0.6659092463853711
test,multiview_disagreement,1_198_2021-08-17_2_R.png,0,0,0.7425305597488379
test,multiview_disagreement,1_198_2021-08-17_1_L.png,0,0,0.46182262237582894
test,multiview_disagreement,4_4_2021-09-04_1_L.png,1,0,0.34013947962450874
test,multiview_disagreement,4_4_2021-10-15_1_L.png,1,1,0.7079660638775618
test,multiview_disagreement,3_37_2022-01-07_2_R.png,1,0,0.3662702770945161
test,multiview_disagreement,3_37_2022-01-07_1_L.png,1,0,0.3975926191111567
test,multiview_disagreement,1_128_2019-01-15_2_R.png,0,0,0.8174321155977846
test,multiview_disagreement,1_128_2019-01-15_1_L.png,0,0,0.40420338036924924
test,multiview_disagreement,1_144_2018-11-30_1_L.png,0,0,0.5012163689367315
test,multiview_disagreement,1_144_2018-11-30_2_R.png,0,0,0.45800148074716257
test,multiview_disagreement,1_97_2019-07-17_1_L.png,0,0,0.7249355482735683
test,multiview_disagreement,1_97_2019-07-17_2_R.png,0,0,0.3760907018352304
test,multiview_disagreement,4_84_2019-11-20_2_R.png,1,0,0.6885110059455883
test,multiview_disagreement,4_84_2020-01-08_2_R.png,1,0,0.4115242984626218
test,multiview_disagreement,1_127_2020-08-18_1_L.png,0,0,0.6090913025363404
test,multiview_disagreement,1_127_2020-08-18_2_R.png,0,0,0.47298825517939047
test,multiview_disagreement,2_28_2021-07-08_2_L.png,1,1,0.821643590321458
test,multiview_disagreement,2_28_2021-07-08_1_L.png,1,1,0.7995355341841476
test,multiview_disagreement,2_186_2021-09-25_2_R.png,1,0,0.6444638417020244
test,multiview_disagreement,2_186_2021-09-25_1_L.png,1,0,0.3754851354153775
test,multiview_disagreement,5_176_2021-11-11_1_R.png,2,0,0.019583619941778537
test,multiview_disagreement,5_176_2021-11-11_2_R.png,2,0,0.04342699092169443
test,multiview_disagreement,1_39_2019-11-11_1_R.png,0,0,0.620449874864496
test,multiview_disagreement,1_39_2019-11-11_2_L.png,0,0,0.6580088948677976
test,multiview_disagreement,1_83_2020-12-05_1_L.png,0,0,0.5086351833211805
test,multiview_disagreement,1_83_2020-12-05_2_R.png,0,0,0.7655312684696354
test,multiview_disagreement,1_54_2020-08-12_2_R.png,0,0,0.6639877956779219
test,multiview_disagreement,1_54_2020-08-12_1_L.png,0,0,0.29760878626694265
test,multiview_disagreement,4_35_2019-08-28_2_R.png,1,1,0.5939623688731589
test,multiview_disagreement,4_35_2019-09-01_1_R.png,1,0,0.4840381511681392
test,multiview_disagreement,4_42_2020-05-21_2_L.png,1,0,0.430227821232747
test,multiview_disagreement,4_42_2020-05-21_1_R.png,1,0,0.36453418431469425
test,multiview_disagreement,5_385_2022-05-11_1_L.png,2,0,0.006981870372981709
test,multiview_disagreement,5_385_2022-05-11_3_L.png,2,0,0.0069008141002774226
val,multiview_plus_quality,5_154_2022-07-15_12_R.png,1,0,0.25252813617682235
val,multiview_plus_quality,5_154_2022-07-15_1_R.png,1,0,0.5028458750897308
val,multiview_plus_quality,5_154_2022-07-15_2_R.png,1,0,0.7613833316994452
val,multiview_plus_quality,5_154_2022-07-15_6_L.png,1,0,0.11959448944839121
val,multiview_plus_quality,5_154_2022-07-15_3_R.png,1,0,0.6507729909399329
val,multiview_plus_quality,5_154_2022-07-15_11_L.png,1,0,0.016575505365622356
val,multiview_plus_quality,5_154_2022-07-15_4_R.png,1,0,0.5597425351416382
val,multiview_plus_quality,5_154_2022-07-15_13_L.png,1,0,0.43560942494808935
val,multiview_plus_quality,5_154_2022-07-15_7_L.png,1,0,0.6863549374425412
val,multiview_plus_quality,5_154_2022-07-15_10_L.png,1,0,0.06892553201884895
val,multiview_plus_quality,5_154_2022-07-15_9_L.png,1,0,0.0797159415977532
val,multiview_plus_quality,5_154_2022-07-15_5_R.png,1,0,0.01589414527782729
val,multiview_plus_quality,5_154_2022-07-15_8_L.png,1,0,0.8420959413799821
val,multiview_plus_quality,5_154_2022-06-20_2_R.png,1,0,0.5352896174811381
val,multiview_plus_quality,5_154_2022-06-07_1_L.png,2,0,0.35040826772917444
val,multiview_plus_quality,5_154_2022-06-20_1_L.png,2,0,0.011110733619085876
val,multiview_plus_quality,5_110_2022-02-14_1_R.png,2,0,0.21296169244073793
val,multiview_plus_quality,5_110_2022-01-24_2R.png,2,1,0.6242399684584191
val,multiview_plus_quality,5_110_2022-01-24_1_R.png,2,1,0.2930128483674943
val,multiview_plus_quality,5_110_2022-02-14_1_R.png,2,0,0.21296169244073793
val,multiview_plus_quality,5_110_2022-01-24_2R.png,2,1,0.6242399684584191
val,multiview_plus_quality,5_110_2022-01-24_8_L.png,2,0,0.6525384204806065
val,multiview_plus_quality,5_110_2022-02-14_8_L.png,2,0,0.08236522463401288
val,multiview_plus_quality,5_110_2022-01-24_3_R.png,2,1,0.7929173124385516
val,multiview_plus_quality,5_110_2022-02-14_7_L.png,2,0,0.020766344060566343
val,multiview_plus_quality,5_110_2022-02-14_1_R.png,2,0,0.21296169244073793
val,multiview_plus_quality,5_110_2022-01-24_1_R.png,2,1,0.2930128483674943
val,multiview_plus_quality,5_110_2022-02-14_2_R.png,2,1,0.16345259595770137
val,multiview_plus_quality,5_110_2022-01-24_2R.png,2,1,0.6242399684584191
val,multiview_plus_quality,5_110_2022-02-14_9_L.png,2,0,0.7450992291483508
val,multiview_plus_quality,5_110_2022-01-24_5_R.png,2,0,0.3773011470944615
val,multiview_plus_quality,5_110_2022-01-24_11_R.png,2,1,0.27520937862400474
val,multiview_plus_quality,1_187_2021-12-01_8_R.png,0,0,0.6327396069311093
val,multiview_plus_quality,1_187_2021-12-01_6_L.png,0,0,0.7462085890710084
val,multiview_plus_quality,1_187_2021-12-01_10_R.png,0,0,0.44817464241564026
val,multiview_plus_quality,1_187_2021-12-01_11_R.png,0,0,0.16974842269724752
val,multiview_plus_quality,1_187_2021-12-01_1_L.png,0,0,0.8016146977038978
val,multiview_plus_quality,1_187_2021-12-01_1_L.png,0,0,0.8016146977038978
val,multiview_plus_quality,1_187_2021-12-01_15_L.png,0,0,0.5112144709055353
val,multiview_plus_quality,1_187_2021-12-01_1_L.png,0,0,0.8016146977038978
val,multiview_plus_quality,1_187_2021-12-01_9_R.png,0,0,0.5525094624778454
val,multiview_plus_quality,1_187_2021-12-01_2_L.png,0,0,0.6544389426838292
val,multiview_plus_quality,1_187_2021-12-01_3_L.png,0,0,0.04266419095641189
val,multiview_plus_quality,1_187_2021-12-01_7_L.png,0,0,0.45953611050570997
val,multiview_plus_quality,1_187_2021-12-01_14_R.png,0,0,0.6560552048628155
val,multiview_plus_quality,1_187_2021-12-01_5_L.png,0,0,0.7499676766975759
val,multiview_plus_quality,1_187_2021-12-01_4_L.png,0,0,0.039990146295270215
val,multiview_plus_quality,1_70_2021-12-02_1_L.png,0,0,0.025141257051909394
val,multiview_plus_quality,1_70_2021-12-02_3_L.png,0,0,0.2731762993680182
val,multiview_plus_quality,1_70_2021-12-02_4_L.png,0,0,0.3370466567070219
val,multiview_plus_quality,1_70_2021-12-02_1_L.png,0,0,0.025141257051909394
val,multiview_plus_quality,1_70_2021-12-02_5_L.png,0,0,0.1914138810693967
val,multiview_plus_quality,1_70_2021-12-02_7_R.png,0,0,0.5746055562100576
val,multiview_plus_quality,1_70_2021-12-02_1_L.png,0,0,0.025141257051909394
val,multiview_plus_quality,1_70_2021-12-02_2_L.png,0,0,0.007629548697156038
val,multiview_plus_quality,1_70_2021-12-02_9_R.png,0,0,0.24208149176560798
val,multiview_plus_quality,1_70_2021-12-02_6_L.png,0,0,0.008667681316337066
val,multiview_plus_quality,1_70_2021-12-02_8_R.png,0,0,0.6722276982392629
val,multiview_plus_quality,1_70_2021-12-02_1_L.png,0,0,0.025141257051909394
val,multiview_plus_quality,3_182_2022-02-23_4_R.png,1,0,0.46950788696276624
val,multiview_plus_quality,3_182_2022-02-23_3_R.png,1,1,0.6222259787978531
val,multiview_plus_quality,3_182_2022-02-23_1_R.png,1,0,0.5780684485634285
val,multiview_plus_quality,3_182_2022-02-23_1_R.png,1,0,0.5780684485634285
val,multiview_plus_quality,3_182_2022-02-23_8_L.png,1,0,0.751347096038471
val,multiview_plus_quality,3_182_2022-02-23_5_R.png,1,0,0.5068233754395132
val,multiview_plus_quality,3_182_2022-02-23_2_R.png,1,0,0.38436669229279397
val,multiview_plus_quality,3_182_2022-02-23_9_L.png,1,1,0.5490343575534753
val,multiview_plus_quality,3_182_2022-02-23_10_L.png,1,1,0.6932938040562742
val,multiview_plus_quality,3_182_2022-02-23_1_R.png,1,0,0.5780684485634285
val,multiview_plus_quality,3_182_2022-02-23_6_L.png,1,0,0.6794972868259915
val,multiview_plus_quality,3_182_2022-02-23_7_L.png,1,1,0.6931178608771041
val,multiview_plus_quality,1_175_2022-05-07_4_R.png,0,0,0.47767245687180426
val,multiview_plus_quality,1_175_2022-05-07_11_L.png,0,0,0.32863462989578024
val,multiview_plus_quality,1_175_2022-05-07_8_L.png,0,0,0.8398865199110137
val,multiview_plus_quality,1_175_2022-05-07_5_L.png,0,0,0.7997071506278852
val,multiview_plus_quality,1_175_2022-05-07_3_R.png,0,0,0.836862283778333
val,multiview_plus_quality,1_175_2022-05-07_1_R.png,0,0,0.7857493074665379
val,multiview_plus_quality,1_175_2022-05-07_2_R.png,0,0,0.5613225369367325
val,multiview_plus_quality,1_175_2022-05-07_1_R.png,0,0,0.7857493074665379
val,multiview_plus_quality,1_175_2022-05-07_1_R.png,0,0,0.7857493074665379
val,multiview_plus_quality,1_175_2022-05-07_6_L.png,0,0,0.7284497659619571
val,multiview_plus_quality,1_175_2022-05-07_9_L.png,0,0,0.7902164080403156
val,multiview_plus_quality,1_175_2022-05-07_7_L.png,0,0,0.4068430760208428
val,multiview_plus_quality,5_197_2022-07-10_2_R.png,1,1,0.7832212529838158
val,multiview_plus_quality,5_197_2022-07-10_7_R.png,1,0,0.4038284732911531
val,multiview_plus_quality,5_197_2022-07-10_6_R.png,1,0,0.21433987574738103
val,multiview_plus_quality,5_197_2022-07-10_8_R.png,1,0,0.3666769307025323
val,multiview_plus_quality,5_197_2022-07-10_14_R.png,1,0,0.411225579473455
val,multiview_plus_quality,5_197_2022-07-10_4_R.png,1,0,0.7496253850256979
val,multiview_plus_quality,5_197_2022-07-10_3_R.png,1,1,0.6903521810178426
val,multiview_plus_quality,5_197_2022-07-10_1_R.png,1,0,0.6068297030178278
val,multiview_plus_quality,5_197_2022-07-10_5_R.png,1,1,0.5713923587690365
val,multiview_plus_quality,5_197_2022-07-10_1_R.png,2,1,0.6068297030178278
val,multiview_plus_quality,5_197_2022-07-10_1_R.png,2,1,0.6068297030178278
val,multiview_plus_quality,3_75_2022-02-11_6_L.png,1,0,0.3154679092417271
val,multiview_plus_quality,3_75_2021-12-02_2_L.png,1,1,0.6005850502298364
val,multiview_plus_quality,3_75_2022-01-06_1_L.png,1,0,0.3904695474179482
val,multiview_plus_quality,3_75_2022-02-11_3_L.png,1,0,0.46346042156001027
val,multiview_plus_quality,3_75_2022-02-11_1_L.png,1,0,0.19758049616217846
val,multiview_plus_quality,3_75_2022-02-11_4_L.png,1,0,0.2751442295785327
val,multiview_plus_quality,3_75_2021-12-02_3_R.png,1,1,0.47404703767524836
val,multiview_plus_quality,3_75_2022-02-11_7_L.png,1,0,0.3319882604783822
val,multiview_plus_quality,3_75_2022-02-11_2_L.png,1,1,0.5614263797518316
val,multiview_plus_quality,3_75_2022-02-11_5_L.png,1,0,0.22954812964845134
val,multiview_plus_quality,5_123_2022-04-30_4_L.png,1,0,0.41531524818338156
val,multiview_plus_quality,5_123_2022-04-30_1_L.png,1,0,0.346873764239514
val,multiview_plus_quality,5_123_2022-04-30_3_L.png,1,0,0.3444152797398126
val,multiview_plus_quality,5_123_2022-04-30_5_L.png,1,1,0.8043348337543278
val,multiview_plus_quality,5_123_2022-04-30_2_L.png,1,0,0.04041450162766433
val,multiview_plus_quality,5_123_2022-04-30_8_R.png,2,0,0.14688125170292643
val,multiview_plus_quality,5_123_2022-04-30_1_L.png,2,1,0.346873764239514
val,multiview_plus_quality,5_123_2022-04-30_7_R.png,2,1,0.6104023098729984
val,multiview_plus_quality,5_123_2022-04-30_9_R.png,2,1,0.6309841189893813
val,multiview_plus_quality,5_123_2022-04-30_6_R.png,2,0,0.1948487037807976
val,multiview_plus_quality,5_513_2022-04-11_1_R.png,2,1,0.6535272909658054
val,multiview_plus_quality,5_513_2022-05-22_3.png,2,0,0.00815022480377465
val,multiview_plus_quality,5_513_2022-05-22_7.png,2,1,0.41714575090614187
val,multiview_plus_quality,5_513_2022-05-22_7.png,2,1,0.41714575090614187
val,multiview_plus_quality,5_513_2022-05-22_6.png,2,1,0.37480062082380533
val,multiview_plus_quality,5_513_2022-05-22_5.png,2,0,0.010082439962584308
val,multiview_plus_quality,5_513_2022-05-22_7.png,2,1,0.41714575090614187
val,multiview_plus_quality,5_513_2022-05-22_7.png,2,1,0.41714575090614187
val,multiview_plus_quality,5_513_2022-05-22_7.png,2,1,0.41714575090614187
val,multiview_plus_quality,4_18_2021-06-16_2_L.png,1,0,0.43208917934746516
val,multiview_plus_quality,4_18_2021-05-04_2_L.png,1,0,0.46963728892093565
val,multiview_plus_quality,4_18_2021-07-04_1_L.png,1,0,0.5766195118158558
val,multiview_plus_quality,4_18_2021-07-04_2_R.png,1,0,0.5670159511162035
val,multiview_plus_quality,4_18_2021-05-04_1_R.png,1,0,0.5012494458151827
val,multiview_plus_quality,4_18_2021-05-24_2_L.png,1,0,0.4611243194762155
val,multiview_plus_quality,4_18_2021-05-24_1_R.png,1,0,0.5331153064174278
val,multiview_plus_quality,4_18_2021-07-04_3_L.png,1,0,0.5903088412193797
val,multiview_plus_quality,4_18_2021-06-16_1_L.png,1,1,0.7067985248213068
val,multiview_plus_quality,1_8_2021-03-11_1_L.png,0,0,0.3715767354041976
val,multiview_plus_quality,1_8_2022-06-21_2_L.png,0,0,0.6306805094885579
val,multiview_plus_quality,1_8_2021-03-11_2_R.png,0,0,0.3164796295751781
val,multiview_plus_quality,1_8_2022-06-21_1_R.png,0,0,0.5642671767669579
val,multiview_plus_quality,1_8_2021-10-28_3_R.png,0,0,0.43045339583835324
val,multiview_plus_quality,1_8_2021-10-28_2_L.png,0,0,0.7754011826283044
val,multiview_plus_quality,1_8_2021-10-28_4_R.png,0,0,0.8359661188506364
val,multiview_plus_quality,1_8_2021-10-28_1_L.png,0,0,0.42258334848694545
val,multiview_plus_quality,1_75_2022-05-08_3_R.png,0,0,0.6134845485348218
val,multiview_plus_quality,1_75_2022-05-08_7_L.png,0,0,0.33412400014796767
val,multiview_plus_quality,1_75_2022-05-08_2_R.png,0,0,0.44031380398867015
val,multiview_plus_quality,1_75_2022-05-08_4_L.png,0,0,0.534506369160518
val,multiview_plus_quality,1_75_2022-05-08_8_R.png,0,0,0.5347179859929649
val,multiview_plus_quality,1_75_2022-05-08_6_L.png,0,0,0.8693927869137695
val,multiview_plus_quality,1_75_2022-05-08_5_L.png,0,0,0.5385708085017152
val,multiview_plus_quality,1_75_2022-05-08_1_R.png,0,0,0.34462243064608
val,multiview_plus_quality,2_167_2022-05-02_6_R.png,1,0,0.49792893994160126
val,multiview_plus_quality,2_167_2022-05-02_9_R.png,1,1,0.5353811490737429
val,multiview_plus_quality,2_167_2022-05-02_5_L.png,1,0,0.426659135020416
val,multiview_plus_quality,2_167_2022-05-02_4_L.png,1,1,0.5460237249818118
val,multiview_plus_quality,2_167_2022-05-02_7_R.png,1,0,0.3656545273567986
val,multiview_plus_quality,2_167_2022-05-02_1_L.png,1,0,0.34757453286067724
val,multiview_plus_quality,2_167_2022-05-02_3_L.png,1,0,0.41618133121738105
val,multiview_plus_quality,2_167_2022-05-02_10_R.png,1,0,0.5391473620084262
val,multiview_plus_quality,2_62_2022-02-19_3_L.png,1,1,0.8673589652165917
val,multiview_plus_quality,2_62_2020-10-09_1_L.png,1,0,0.6967429860442373
val,multiview_plus_quality,2_62_2021-01-25_1_L.png,1,0,0.4760584147590165
val,multiview_plus_quality,2_62_2021-01-25_3_R.png,1,0,0.01423053319622099
val,multiview_plus_quality,2_62_2022-02-19_2_L.png,1,0,0.7129593363663558
val,multiview_plus_quality,2_62_2020-11-13_1_L.png,1,0,0.41435960264423155
val,multiview_plus_quality,2_62_2022-02-19_1_L.png,1,0,0.3955243239183796
val,multiview_plus_quality,5_531_2021-09-01_3_R.png,1,0,0.60328612560206
val,multiview_plus_quality,5_531_2021-09-01_7_R.png,1,0,0.6513443301381965
val,multiview_plus_quality,5_531_2021-09-01_5_L.png,2,0,0.1818427904635938
val,multiview_plus_quality,5_531_2021-09-01_4_L.png,2,1,0.5942062379753907
val,multiview_plus_quality,5_531_2021-09-01_2_L.png,2,1,0.6425913961013234
val,multiview_plus_quality,5_531_2021-09-01_6_L.png,2,1,0.3440485384983869
val,multiview_plus_quality,5_531_2021-09-01_1_L.png,2,1,0.6756954559009145
val,multiview_plus_quality,1_41_2022-07-04_2_L.png,0,0,0.6514455094400806
val,multiview_plus_quality,1_41_2022-07-04_3_L.png,0,0,0.6640650318631767
val,multiview_plus_quality,1_41_2022-07-04_4_L.png,0,0,0.7909088643770208
val,multiview_plus_quality,1_41_2022-07-04_1_L.png,0,0,0.19023446539748076
val,multiview_plus_quality,1_41_2022-07-04_5_L.png,0,0,0.30169006091865613
val,multiview_plus_quality,1_41_2022-07-04_6_L.png,0,0,0.7272490539739225
val,multiview_plus_quality,1_41_2022-07-04_7_L.png,0,0,0.31971143740030544
val,multiview_plus_quality,1_197_2021-12-24_4_R.png,0,0,0.4488850583902877
val,multiview_plus_quality,1_197_2021-12-24_3_L.png,0,0,0.7925798166657755
val,multiview_plus_quality,1_197_2021-12-24_6_R.png,0,0,0.7356510157570784
val,multiview_plus_quality,1_197_2021-12-07_1_L.png,0,0,0.6787259847566227
val,multiview_plus_quality,1_197_2021-12-24_2_R.png,0,0,0.9428952696572157
val,multiview_plus_quality,1_197_2021-12-24_5_R.png,0,0,0.5294619325734246
val,multiview_plus_quality,1_197_2021-12-24_1_R.png,0,0,0.6763159235836522
val,multiview_plus_quality,4_85_2022-07-08_6_L.png,1,1,0.34713242322787924
val,multiview_plus_quality,4_85_2022-07-08_1_L.png,1,0,0.06449447792675363
val,multiview_plus_quality,4_85_2022-07-08_2_L.png,1,0,0.4366835461697886
val,multiview_plus_quality,4_85_2022-07-08_3_L.png,1,0,0.7385453140299827
val,multiview_plus_quality,4_85_2022-07-08_4_L.png,1,0,0.6189370315802469
val,multiview_plus_quality,4_85_2022-07-08_5_L.png,1,0,0.05773924857076822
val,multiview_plus_quality,5_195_2022-05-13_9_L.png,2,0,0.3420814777915619
val,multiview_plus_quality,5_195_2022-05-13_6_L.png,2,0,0.16624858860974595
val,multiview_plus_quality,5_195_2022-05-13_7_L.png,2,1,0.6367215877206998
val,multiview_plus_quality,5_195_2022-05-13_10_L.png,2,0,0.16325957632765983
val,multiview_plus_quality,5_195_2022-05-13_8_L.png,2,0,0.5611093892194997
val,multiview_plus_quality,5_195_2022-05-13_12_L.png,2,0,0.44258988189349086
val,multiview_plus_quality,5_609_2020-01-07_2_R.png,2,0,0.06633232037950314
val,multiview_plus_quality,5_609_2019-12-04_2_R.png,2,1,0.6343705802096596
val,multiview_plus_quality,5_609_2020-01-07_1_L.png,2,0,0.2939761570828551
val,multiview_plus_quality,5_609_2019-12-04_1_R.png,2,0,0.35963459353787597
val,multiview_plus_quality,5_609_2019-12-26_1_L.png,2,1,0.5133907022328152
val,multiview_plus_quality,5_609_2019-12-26_2_R.png,2,0,0.31750524919457984
val,multiview_plus_quality,2_8_2022-06-20_1_L.png,1,0,0.6468898847399217
val,multiview_plus_quality,2_8_2022-06-20_6_L.png,1,0,0.5671386620877512
val,multiview_plus_quality,2_8_2022-06-20_2_L.png,1,0,0.2244112550780452
val,multiview_plus_quality,2_8_2022-06-20_5_L.png,1,0,0.3286482124040162
val,multiview_plus_quality,2_8_2022-06-20_4_L.png,1,0,0.3193182765705538
val,multiview_plus_quality,2_8_2022-06-20_3_L.png,1,0,0.6598424413516351
val,multiview_plus_quality,2_21_2022-04-29_4_R.png,1,1,0.7991995303588436
val,multiview_plus_quality,2_21_2022-04-29_2_R.png,1,1,0.4760559928954569
val,multiview_plus_quality,2_21_2022-04-29_1_R.png,1,0,0.4013557638043059
val,multiview_plus_quality,2_21_2022-04-29_3_R.png,1,1,0.7022641601356082
val,multiview_plus_quality,2_21_2022-04-29_6_R.png,1,1,0.359242523864096
val,multiview_plus_quality,2_21_2022-04-29_5_R.png,1,0,0.3248186277317107
val,multiview_plus_quality,4_7_2022-06-20_4_R.png,1,0,0.6908073277330323
val,multiview_plus_quality,4_7_2022-06-20_5_R.png,1,0,0.509601406072502
val,multiview_plus_quality,4_7_2022-06-20_1_R.png,1,0,0.38962206105601654
val,multiview_plus_quality,4_7_2022-06-20_3_R.png,1,1,0.7098650419202005
val,multiview_plus_quality,4_7_2022-06-20_2_R.png,1,0,0.7908489294731594
val,multiview_plus_quality,4_7_2022-06-20_6_R.png,1,0,0.3904700718625215
val,multiview_plus_quality,5_336_2021-09-03_3_R.png,2,0,0.009405318663605944
val,multiview_plus_quality,5_336_2020-12-25_2_R.png,2,0,0.013059702182348304
val,multiview_plus_quality,5_336_2021-05-09_1_R.png,2,0,0.00935718323581887
val,multiview_plus_quality,5_336_2021-09-03_4_R.png,2,0,0.01049453837038882
val,multiview_plus_quality,5_336_2020-10-08_1_R.png,2,0,0.04383660763907861
val,multiview_plus_quality,5_336_2020-10-08_2_R.png,2,0,0.010695965702790055
val,multiview_plus_quality,1_82_2018-12-06_2_R.png,0,0,0.29478313871978207
val,multiview_plus_quality,1_82_2020-12-10_2_R.png,0,0,0.5188574674309866
val,multiview_plus_quality,1_82_2020-12-10_1_L.png,0,0,0.5264858216163567
val,multiview_plus_quality,1_82_2022-05-07_1_L.png,0,0,0.39220144312819333
val,multiview_plus_quality,1_82_2018-12-06_1_L.png,0,0,0.3264803796410231
val,multiview_plus_quality,1_82_2022-05-07_2_R.png,0,0,0.6049778204263591
val,multiview_plus_quality,5_627_2022-06-29_7_L.png,2,0,0.08594316390540555
val,multiview_plus_quality,5_627_2022-06-29_12_R.png,2,1,0.3188874612887694
val,multiview_plus_quality,5_627_2022-06-29_11_L.png,2,1,0.5634384146418939
val,multiview_plus_quality,5_627_2022-06-29_8_L.png,2,0,0.029785685244543728
val,multiview_plus_quality,5_627_2022-06-29_9_L.png,2,0,0.7708709575483975
val,multiview_plus_quality,5_627_2022-06-29_13_L.png,2,0,0.34002980395741156
val,multiview_plus_quality,4_24_2020-08-19_6_R.png,1,0,0.014244615060483596
val,multiview_plus_quality,4_24_2020-09-07_1_L.png,1,0,0.5852255254365849
val,multiview_plus_quality,4_24_2020-08-19_5_R.png,1,0,0.0038212877605568753
val,multiview_plus_quality,4_24_2020-09-07_2_R.png,1,0,0.3711813807918638
val,multiview_plus_quality,4_24_2020-08-19_4_L.png,1,0,0.18803743840031745
val,multiview_plus_quality,5_357_2022-05-04_8_L.png,2,0,0.011787136072630931
val,multiview_plus_quality,5_357_2022-05-04_9_L.png,2,0,0.006739535328850112
val,multiview_plus_quality,5_357_2022-05-04_7_L.png,2,0,0.01207593432055234
val,multiview_plus_quality,5_357_2022-05-04_11_L.png,2,0,0.1830347588268126
val,multiview_plus_quality,5_357_2022-05-04_10_L.png,2,0,0.03866052039593091
val,multiview_plus_quality,5_75_2022-03-13_4_R.png,2,0,0.890592606652179
val,multiview_plus_quality,5_75_2022-03-13_3_R.png,2,0,0.006911351061050411
val,multiview_plus_quality,5_75_2022-03-13_5_R.png,2,0,0.09660754875854287
val,multiview_plus_quality,5_75_2022-03-13_1_R.png,2,0,0.008075145841633222
val,multiview_plus_quality,5_75_2022-03-13_2_R.png,2,0,0.0349372188389618
val,multiview_plus_quality,1_96_2020-08-19_2_R.png,0,0,0.5860894159074272
val,multiview_plus_quality,1_96_2020-08-19_1_R.png,0,0,0.39096839142116674
val,multiview_plus_quality,1_96_2020-03-17_3_R.png,0,0,0.389781635494127
val,multiview_plus_quality,1_96_2020-03-17_2_R.png,0,0,0.44155476975184604
val,multiview_plus_quality,1_96_2020-03-17_1_R.png,0,0,0.6250829634821372
val,multiview_plus_quality,5_654_2022-04-26_1_R.png,1,0,0.36673429058956386
val,multiview_plus_quality,5_654_2022-04-26_2_R.png,1,1,0.5707850127376218
val,multiview_plus_quality,5_654_2022-04-26_11_R.png,1,0,0.12873155816497597
val,multiview_plus_quality,5_654_2022-04-26_3_R.png,1,1,0.9118139251609861
val,multiview_plus_quality,5_654_2022-04-26_5_R.png,1,1,0.6020028240835971
val,multiview_plus_quality,4_66_2022-02-27_4_R.png,1,0,0.009010355170750243
val,multiview_plus_quality,4_66_2022-02-27_2_R.png,1,0,0.25357642219527915
val,multiview_plus_quality,4_66_2022-02-27_3_R.png,1,0,0.2844571265021837
val,multiview_plus_quality,4_66_2022-02-27_5_R.png,1,0,0.007753467593884819
val,multiview_plus_quality,4_66_2022-02-27_1_R.png,1,0,0.032140189118650526
val,multiview_plus_quality,2_25_2021-07-07_2_L.png,1,0,0.597305489691756
val,multiview_plus_quality,2_25_2021-05-21_2_R.png,1,0,0.41013522775460526
val,multiview_plus_quality,2_25_2021-05-21_1_L.png,1,0,0.33972990976306766
val,multiview_plus_quality,2_25_2021-05-21_3_R.png,1,0,0.3869539090520119
val,multiview_plus_quality,2_25_2021-07-07_1_L.png,1,0,0.5591762589621315
val,multiview_plus_quality,5_425_2022-06-13_4_R.png,2,1,0.6886944742325666
val,multiview_plus_quality,5_425_2022-06-13_1_R.png,2,1,0.3673172054488694
val,multiview_plus_quality,5_425_2022-06-13_6_R.png,2,0,0.8083894804716475
val,multiview_plus_quality,5_425_2022-06-13_2_R.png,2,0,0.04854671256710168
val,multiview_plus_quality,5_425_2022-06-13_3_R.png,2,0,0.3146464337623051
val,multiview_plus_quality,5_226_2020-11-24_2_L.png,2,0,0.02480334510091544
val,multiview_plus_quality,5_226_2020-11-24_1_L.png,2,0,0.06778814822509337
val,multiview_plus_quality,5_226_2020-12-09_1_R.png,2,0,0.013395319504465663
val,multiview_plus_quality,5_226_2020-12-01_2_R.png,2,0,0.19352770972329006
val,multiview_plus_quality,5_226_2020-12-01_1_L.png,2,0,0.26080893786226744
val,multiview_plus_quality,1_170_2021-04-01_1_R.png,0,0,0.7738330410348336
val,multiview_plus_quality,1_170_2021-04-01_2_R.png,0,0,0.7565052829710271
val,multiview_plus_quality,1_170_2021-04-01_3_R.png,0,0,0.6951652398697519
val,multiview_plus_quality,1_170_2021-04-11_1_R.png,0,0,0.36245037812505376
val,multiview_plus_quality,1_170_2021-04-01_4_R.png,0,0,0.75363173890982
val,multiview_plus_quality,4_92_2021-03-16_1_R.png,1,0,0.44332136814863426
val,multiview_plus_quality,4_92_2020-03-04_1_R.png,1,1,0.6258526471148663
val,multiview_plus_quality,4_92_2021-03-16_2_L.png,1,0,0.3587936229285434
val,multiview_plus_quality,4_92_2020-03-04_2_L.png,1,1,0.7005225574384388
val,multiview_plus_quality,4_92_2021-07-26_1_L.png,1,0,0.43704716355582507
val,multiview_plus_quality,1_146_2021-11-03_1_L.png,0,0,0.548230484130642
val,multiview_plus_quality,1_146_2021-11-03_2_L.png,0,0,0.3080676769623811
val,multiview_plus_quality,1_146_2021-11-03_3_R.png,0,0,0.4261252959383547
val,multiview_plus_quality,1_146_2019-06-10_1_L.png,0,0,0.36799562240266515
val,multiview_plus_quality,1_146_2019-06-10_2_R.png,0,0,0.04569228812784112
val,multiview_plus_quality,5_693_2022-06-24_4_R.png,1,0,0.6555122776008412
val,multiview_plus_quality,5_693_2022-06-24_1_R.png,1,0,0.1446197890578192
val,multiview_plus_quality,5_693_2022-06-24_3_R.png,1,0,0.6380930963604966
val,multiview_plus_quality,5_693_2022-06-24_2_R.png,1,1,0.4783832967364711
val,multiview_plus_quality,5_693_2022-06-24_5_R.png,1,0,0.4167242244215427
val,multiview_plus_quality,1_190_2021-10-18_4_R.png,0,0,0.5812980169544931
val,multiview_plus_quality,1_190_2021-10-18_1_R.png,0,0,0.019859503670373084
val,multiview_plus_quality,1_190_2021-10-18_3_L.png,0,0,0.7319623510400313
val,multiview_plus_quality,1_190_2021-10-18_5_R.png,0,0,0.7476825391893017
val,multiview_plus_quality,1_190_2021-10-18_2_L.png,0,0,0.8779938590470856
val,multiview_plus_quality,5_463_2022-02-27_4_L.png,2,0,0.010408543330082719
val,multiview_plus_quality,5_463_2022-02-27_5_L.png,2,0,0.006153766483203012
val,multiview_plus_quality,5_463_2022-02-27_1_L.png,2,0,0.009526979548481486
val,multiview_plus_quality,5_463_2022-02-27_2_L.png,2,0,0.03840263211350285
val,multiview_plus_quality,5_463_2022-02-27_3_L.png,2,0,0.012404732858084548
val,multiview_plus_quality,5_550_2021-06-28_6_R.png,2,0,0.3190956420244126
val,multiview_plus_quality,5_550_2021-06-28_3_R.png,2,0,0.04079580330714177
val,multiview_plus_quality,5_550_2021-06-06_2_R.png,2,1,0.7611717117913824
val,multiview_plus_quality,5_550_2021-06-28_4_R.png,2,0,0.4863650257709186
val,multiview_plus_quality,5_550_2021-06-28_5_R.png,2,0,0.07271603540769436
val,multiview_plus_quality,2_58_2021-08-25_5_R.png,1,1,0.6281134212624989
val,multiview_plus_quality,2_58_2021-08-25_4_R.png,1,1,0.7291286604706536
val,multiview_plus_quality,2_58_2021-08-25_3_R.png,1,1,0.566303936329039
val,multiview_plus_quality,2_58_2021-08-25_1_L.png,1,0,0.47313773821761174
val,multiview_plus_quality,2_58_2021-08-25_2_L.png,1,0,0.3326864597478205
val,multiview_plus_quality,5_375_2022-01-08_6_L.png,1,0,0.5334589050823809
val,multiview_plus_quality,5_375_2022-01-08_8_L.png,1,1,0.7239487939026273
val,multiview_plus_quality,5_375_2022-01-08_7_R.png,2,0,0.0212699230817177
val,multiview_plus_quality,5_375_2022-01-08_4_R.png,2,0,0.025054188157399675
val,multiview_plus_quality,5_375_2022-01-08_2_R.png,2,0,0.009534867621171218
val,multiview_plus_quality,5_644_2022-02-11_2_L.png,2,0,0.8078809514970474
val,multiview_plus_quality,5_644_2022-02-11_1_L.png,2,1,0.4308903550441342
val,multiview_plus_quality,5_644_2022-02-11_1_L.png,2,1,0.4308903550441342
val,multiview_plus_quality,5_644_2022-02-11_3_L.png,2,1,0.6176087453771214
val,multiview_plus_quality,3_148_2022-03-30_1_R.png,1,0,0.4384251324725205
val,multiview_plus_quality,3_148_2021-12-09_9_R.png,1,0,0.5684731235750909
val,multiview_plus_quality,3_148_2022-03-30_2_L.png,1,0,0.34513166314362537
val,multiview_plus_quality,3_148_2021-12-09_10_R.png,1,1,0.5071592499926183
val,multiview_plus_quality,1_165_2021-07-18_2_R.png,0,0,0.2937526278481873
val,multiview_plus_quality,1_165_2021-07-18_1_L.png,0,0,0.5356386162958626
val,multiview_plus_quality,1_165_2020-07-25_1_L.png,0,0,0.6077165688415008
val,multiview_plus_quality,1_165_2020-07-25_2_R.png,0,0,0.5211568017413466
val,multiview_plus_quality,5_730_2021-04-26_1_L.png,2,1,0.31302569384738865
val,multiview_plus_quality,5_730_2021-08-16_3_R.png,2,0,0.0318035247346481
val,multiview_plus_quality,5_730_2021-07-31_2_R.png,2,1,0.47758452036826576
val,multiview_plus_quality,5_730_2021-04-26_2_R.png,1,0,0.2800754393497641
val,multiview_plus_quality,3_153_2021-07-14_2_R.png,1,1,0.4451046273320953
val,multiview_plus_quality,3_153_2021-07-14_1_R.png,1,0,0.2966131052162708
val,multiview_plus_quality,3_153_2021-07-14_4_L.png,1,0,0.08243811996324404
val,multiview_plus_quality,3_153_2021-07-14_3_L.png,1,0,0.22231330584272121
val,multiview_plus_quality,1_105_2020-04-14_2_R.png,0,0,0.19107589589561802
val,multiview_plus_quality,1_105_2019-09-15_1_L.png,0,0,0.411602915192509
val,multiview_plus_quality,1_105_2019-09-15_2_R.png,0,0,0.5594034198194205
val,multiview_plus_quality,1_105_2020-04-14_1_L.png,0,0,0.4698990853156366
val,multiview_plus_quality,1_45_2022-03-06_2_L.png,0,0,0.7826823773744412
val,multiview_plus_quality,1_45_2019-03-25_2_R.png,0,0,0.8395608274038159
val,multiview_plus_quality,1_45_2019-03-25_1_L.png,0,0,0.7283219191282141
val,multiview_plus_quality,1_45_2022-03-06_1_R.png,0,0,0.8383420569993946
val,multiview_plus_quality,5_321_2021-09-15_1_R.png,2,1,0.24325483357458721
val,multiview_plus_quality,5_321_2021-09-09_2_R.png,2,1,0.26806200595587526
val,multiview_plus_quality,5_321_2021-09-09_1_R.png,2,1,0.1942466415665747
val,multiview_plus_quality,5_321_2021-09-15_2_R.png,2,1,0.22163456387786137
val,multiview_plus_quality,5_18_2021-08-13_1_R.png,2,0,0.0781932577123828
val,multiview_plus_quality,5_18_2021-08-13_2_R.png,2,0,0.026077671963158914
val,multiview_plus_quality,5_18_2021-08-21_1_R.png,2,0,0.03274367220354708
val,multiview_plus_quality,5_18_2021-08-21_2_R.png,2,0,0.10465441518656354
test,multiview_plus_quality,1_200_2021-05-13_4_R.png,0,0,0.7038186470339804
test,multiview_plus_quality,1_200_2021-05-13_3_R.png,0,0,0.24901328756487012
test,multiview_plus_quality,1_200_2021-05-13_2_L.png,0,0,0.4183695759369622
test,multiview_plus_quality,1_200_2021-05-13_1_R.png,0,0,0.31816899134213766
test,multiview_plus_quality,1_26_2020-11-20_3_R.png,0,0,0.679824746805786
test,multiview_plus_quality,1_26_2020-11-20_2_R.png,0,0,0.7354074936753464
test,multiview_plus_quality,1_26_2020-11-20_4_L.png,0,0,0.6167795582287534
test,multiview_plus_quality,1_26_2020-11-20_1_R.png,0,0,0.5339967542649188
test,multiview_plus_quality,3_27_2019-04-25_1_L.png,1,1,0.6476860653093863
test,multiview_plus_quality,3_27_2019-03-06_1_R.png,1,0,0.6428068725847369
test,multiview_plus_quality,3_27_2019-04-25_2_R.png,1,1,0.7851453833056711
test,multiview_plus_quality,3_27_2019-03-06_2_L.png,1,0,0.5384200951548942
test,multiview_plus_quality,5_238_2021-03-09_2_L.png,1,0,0.3242564025884399
test,multiview_plus_quality,5_238_2021-03-16_1_L.png,1,0,0.33135690878055435
test,multiview_plus_quality,5_238_2021-03-16_3_R.png,2,0,0.14379764206537707
test,multiview_plus_quality,5_238_2021-03-09_1_R.png,2,0,0.007613376632293528
test,multiview_plus_quality,5_192_2021-06-04_1_L.png,2,0,0.004963025951361316
test,multiview_plus_quality,5_192_2022-03-08_2_L.png,2,0,0.016644657077819064
test,multiview_plus_quality,5_192_2022-03-08_1_L.png,2,0,0.009304223281734381
test,multiview_plus_quality,5_192_2021-06-04_2_L.png,2,0,0.017385090810708746
test,multiview_plus_quality,5_567_2019-05-17_1_R.png,2,0,0.22682444928303946
test,multiview_plus_quality,5_567_2019-05-24_1_R.png,2,0,0.18755496941281793
test,multiview_plus_quality,5_567_2019-06-14_2_R.png,2,0,0.006819441447075747
test,multiview_plus_quality,5_567_2019-05-17_2_L.png,2,1,0.3425495761095154
test,multiview_plus_quality,3_14_2021-01-27_3_R.png,1,1,0.7980157187388088
test,multiview_plus_quality,3_14_2021-01-27_1_L.png,1,0,0.3168419734225212
test,multiview_plus_quality,3_14_2021-01-27_2_L.png,1,0,0.018274948653809207
test,multiview_plus_quality,3_14_2021-01-27_4_R.png,1,1,0.6159175666075559
test,multiview_plus_quality,5_39_2021-11-14_2_L.png,2,0,0.08069324082981821
test,multiview_plus_quality,5_39_2021-11-14_5_L.png,2,0,0.07050436583372667
test,multiview_plus_quality,5_39_2021-11-14_3_L.png,2,0,0.05478645422768979
test,multiview_plus_quality,5_39_2021-11-14_4_L.png,2,0,0.063240424469396
test,multiview_plus_quality,5_35_2021-07-27_1_R.png,1,0,0.4282342349201921
test,multiview_plus_quality,5_35_2021-07-27_2_R.png,1,0,0.25721857626243844
test,multiview_plus_quality,5_35_2021-07-27_4_R.png,2,0,0.38367679105899094
test,multiview_plus_quality,5_35_2021-08-23_1_R.png,2,0,0.5390155412289296
test,multiview_plus_quality,1_181_2019-03-01_2_R.png,0,0,0.33951379902840423
test,multiview_plus_quality,1_181_2022-07-08_1_R.png,0,0,0.45358707014823946
test,multiview_plus_quality,1_181_2019-03-01_1_L.png,0,0,0.5273205882696074
test,multiview_plus_quality,1_181_2022-07-08_2_L.png,0,0,0.6011398313703824
test,multiview_plus_quality,5_118_2022-04-21_2_L.png,2,0,0.010304668714286426
test,multiview_plus_quality,5_118_2022-04-21_3_R.png,2,0,0.014657817968653442
test,multiview_plus_quality,5_118_2022-04-21_1_L.png,2,0,0.008710101855608847
test,multiview_plus_quality,5_118_2022-04-21_4_R.png,2,0,0.01806915281745151
test,multiview_plus_quality,1_143_2019-09-11_1_L.png,0,0,0.5546219711851813
test,multiview_plus_quality,1_143_2019-09-11_2_R.png,0,0,0.45358564427734904
test,multiview_plus_quality,1_143_2019-03-04_2_R.png,0,0,0.3736118346149935
test,multiview_plus_quality,1_143_2019-03-04_1_L.png,0,0,0.6718552316989819
test,multiview_plus_quality,2_100_2022-05-31_9_L.png,1,0,0.44492629783214277
test,multiview_plus_quality,2_100_2022-05-31_2_L.png,1,1,0.6107862899236427
test,multiview_plus_quality,2_100_2022-05-31_13_R.png,1,0,0.16786274982712152
test,multiview_plus_quality,2_100_2022-05-31_1_R.png,1,1,0.8237370466082818
test,multiview_plus_quality,2_4_2021-10-21_3_L.png,1,0,0.3705705771615172
test,multiview_plus_quality,2_4_2021-10-21_2_R.png,1,1,0.7386076166448027
test,multiview_plus_quality,2_4_2021-10-21_1_R.png,1,0,0.5097112591298655
test,multiview_plus_quality,2_4_2021-10-21_4_R.png,1,1,0.5870361632549149
test,multiview_plus_quality,5_179_2020-09-27_1_R.png,2,0,0.023795462248926404
test,multiview_plus_quality,5_179_2020-09-27_2_R.png,2,0,0.0185289101481987
test,multiview_plus_quality,5_179_2020-09-27_4_L.png,1,0,0.2624956020362254
test,multiview_plus_quality,5_179_2020-09-27_3_L.png,1,0,0.2599417984627874
test,multiview_plus_quality,1_19_2021-10-10_2_L.png,0,0,0.5779295377917314
test,multiview_plus_quality,1_19_2020-10-25_1_L.png,0,0,0.616084522136943
test,multiview_plus_quality,1_19_2021-10-10_1_R.png,0,0,0.4857128334373361
test,multiview_plus_quality,1_19_2020-10-25_2_R.png,0,0,0.7981152371046492
test,multiview_plus_quality,1_46_2021-07-29_1_R.png,0,0,0.6587926611409821
test,multiview_plus_quality,1_46_2021-02-28_1_R.png,0,0,0.2618929539721299
test,multiview_plus_quality,1_46_2021-07-18_1_R.png,0,0,0.38779974558145575
test,multiview_plus_quality,1_46_2021-02-28_2_R.png,0,0,0.8162390192276182
test,multiview_plus_quality,1_87_2021-05-05_4_L.png,0,0,0.5650686371619624
test,multiview_plus_quality,1_87_2021-05-05_3_L.png,0,0,0.6914594853941846
test,multiview_plus_quality,1_87_2021-05-05_1_R.png,0,0,0.4062531909748721
test,multiview_plus_quality,1_87_2021-05-05_2_L.png,0,0,0.5824950810457273
test,multiview_plus_quality,1_40_2019-03-21_1_R.png,0,0,0.4693802085340677
test,multiview_plus_quality,1_40_2020-12-11_1_R.png,0,0,0.7125625551876589
test,multiview_plus_quality,1_40_2019-03-21_2_L.png,0,0,0.45526448152575993
test,multiview_plus_quality,1_40_2020-12-11_2_L.png,0,0,0.49321573194426305
test,multiview_plus_quality,5_588_2019-04-30_1_L.png,2,0,0.094850578865313
test,multiview_plus_quality,5_588_2019-04-30_3_L.png,2,0,0.094850578865313
test,multiview_plus_quality,5_588_2019-04-30_4_L.png,2,0,0.01138074877751838
test,multiview_plus_quality,5_588_2019-04-30_2_L.png,2,0,0.01138074877751838
test,multiview_plus_quality,1_195_2021-07-22_1_R.png,0,0,0.780009530166224
test,multiview_plus_quality,1_195_2021-07-22_2_L.png,0,0,0.46316264236810933
test,multiview_plus_quality,1_195_2020-07-31_1_R.png,0,0,0.7489166880188821
test,multiview_plus_quality,1_195_2020-07-31_2_L.png,0,0,0.7400209775730693
test,multiview_plus_quality,5_84_2021-07-06_3_R.png,2,0,0.030471562905710424
test,multiview_plus_quality,5_84_2021-09-19_1_L.png,2,1,0.35263117076582035
test,multiview_plus_quality,5_84_2021-07-06_1_L.png,2,1,0.2806053448754628
test,multiview_plus_quality,5_84_2021-09-19_2_L.png,2,1,0.7339603895781354
test,multiview_plus_quality,5_27_2021-10-11_1_L.png,2,1,0.6559703409621123
test,multiview_plus_quality,5_27_2021-11-28_2_L.png,2,0,0.3432430829289219
test,multiview_plus_quality,5_27_2021-10-11_3_R.png,2,0,0.018399705854849107
test,multiview_plus_quality,5_27_2021-10-11_2_L.png,2,1,0.6296833840511661
test,multiview_plus_quality,5_313_2020-09-29_2_L.png,2,0,0.46757024005458225
test,multiview_plus_quality,5_313_2020-09-29_1_R.png,2,0,0.03697838270181787
test,multiview_plus_quality,5_313_2020-10-21_1_L.png,2,0,0.26161004544181327
test,multiview_plus_quality,5_313_2020-10-21_2_R.png,2,0,0.035339551347140175
test,multiview_plus_quality,5_280_2022-05-24_2_L.png,2,0,0.010811844076216767
test,multiview_plus_quality,5_280_2022-05-24_1_L.png,2,0,0.02167921240925107
test,multiview_plus_quality,5_280_2022-05-24_4_R.png,2,0,0.01390854416270374
test,multiview_plus_quality,5_280_2022-05-24_3_R.png,2,0,0.008106694933790255
test,multiview_plus_quality,3_81_2021-01-22_2_L.png,1,0,0.49689526284338487
test,multiview_plus_quality,3_81_2021-01-22_1_L.png,1,0,0.0782875170520796
test,multiview_plus_quality,3_81_2021-01-22_3_R.png,1,0,0.38847183179287564
test,multiview_plus_quality,3_81_2021-06-02_3_R.png,1,0,0.32278699599645577
test,multiview_plus_quality,1_202_2021-09-12_1_R.png,0,0,0.6989102256479631
test,multiview_plus_quality,1_202_2021-09-12_2_R.png,0,0,0.6803490263376553
test,multiview_plus_quality,1_202_2021-09-12_3_L.png,0,0,0.07857900384503518
test,multiview_plus_quality,1_202_2021-09-12_4_L.png,0,0,0.0363718314157315
test,multiview_plus_quality,3_115_2022-04-16_1_R.png,1,0,0.8241158018531143
test,multiview_plus_quality,3_115_2022-02-21_2_R.png,1,0,0.6732810784537135
test,multiview_plus_quality,3_115_2022-04-16_2_L.png,1,1,0.6164255245828602
test,multiview_plus_quality,3_115_2022-02-21_1_L.png,1,0,0.5677082150801238
test,multiview_plus_quality,5_496_2019-11-04_1_R.png,2,0,0.011488789111194261
test,multiview_plus_quality,5_496_2019-05-07_1_R.png,2,0,0.7794138144716288
test,multiview_plus_quality,5_496_2019-05-19_2_R.png,2,0,0.32613074176909457
test,multiview_plus_quality,5_496_2019-06-13_1_R.png,2,0,0.021050072753889145
test,multiview_plus_quality,5_234_2020-12-02_1_L.png,2,1,0.5278583726458855
test,multiview_plus_quality,5_234_2020-12-02_2_L.png,2,1,0.5157404228300189
test,multiview_plus_quality,5_234_2020-10-28_1_L.png,2,1,0.3499180418569062
test,multiview_plus_quality,5_234_2020-11-16_1_L.png,2,1,0.5039086005451622
test,multiview_plus_quality,5_291_2019-05-05_1_L.png,2,0,0.4080024943247755
test,multiview_plus_quality,5_291_2019-05-06_2_L.png,2,0,0.09574682093188036
test,multiview_plus_quality,5_291_2019-05-06_1_R.png,2,1,0.47170553788665864
test,multiview_plus_quality,5_291_2019-05-05_2_R.png,2,1,0.49347193024803543
test,multiview_plus_quality,1_59_2019-01-30_1_R.png,0,0,0.030357053445817208
test,multiview_plus_quality,1_59_2019-01-30_2_R.png,0,0,0.2296177370927971
test,multiview_plus_quality,1_59_2019-01-30_4_L.png,0,0,0.2640731834792395
test,multiview_plus_quality,1_59_2019-01-30_3_L.png,0,0,0.1632343474478133
test,multiview_plus_quality,3_19_2021-08-06_1_L.png,1,0,0.39025770939534504
test,multiview_plus_quality,3_19_2021-08-06_3_R.png,1,0,0.5366199698075521
test,multiview_plus_quality,3_19_2021-12-09_2_L.png,1,0,0.4609631098136345
test,multiview_plus_quality,3_19_2021-08-06_2_L.png,1,1,0.6965171085983548
test,multiview_plus_quality,5_93_2019-09-09_3_R.png,2,1,0.5158081607572655
test,multiview_plus_quality,5_93_2019-09-09_1_L.png,2,1,0.5709819013294735
test,multiview_plus_quality,5_93_2019-09-09_2_L.png,2,0,0.04367647903507297
test,multiview_plus_quality,5_93_2019-08-14_1_R.png,2,1,0.6733706432606612
test,multiview_plus_quality,1_4_2019-10-10_2_L.png,0,0,0.6070023503226619
test,multiview_plus_quality,1_4_2019-02-26_2_R.png,0,0,0.3874920324080694
test,multiview_plus_quality,1_4_2019-02-26_1_L.png,0,0,0.26099394097728496
test,multiview_plus_quality,1_4_2019-10-10_1_R.png,0,0,0.5467199733808651
test,multiview_plus_quality,1_193_2019-08-22_1_R.png,0,0,0.3167511482826914
test,multiview_plus_quality,1_193_2019-08-22_3_R.png,0,0,0.43637268552718983
test,multiview_plus_quality,1_193_2019-08-22_4_L.png,0,0,0.36576351086864134
test,multiview_plus_quality,1_193_2019-08-22_2_R.png,0,0,0.43283884612424534
test,multiview_plus_quality,4_82_2019-08-22_3_L.png,1,0,0.2784941808017881
test,multiview_plus_quality,4_82_2019-08-22_1_R.png,1,1,0.7097510768825803
test,multiview_plus_quality,4_82_2019-08-22_4_L.png,1,0,0.41587206745658134
test,multiview_plus_quality,4_82_2019-08-22_2_R.png,1,1,0.7226051968097357
test,multiview_plus_quality,2_207_2019-09-03_2_R.png,1,0,0.8164411225457827
test,multiview_plus_quality,2_207_2019-07-31_2_R.png,1,1,0.6068383490881495
test,multiview_plus_quality,2_207_2019-09-03_1_L.png,1,0,0.3290680188306782
test,multiview_plus_quality,5_732_2020-07-29_1_R.png,2,0,0.012039030846077643
test,multiview_plus_quality,5_732_2020-07-29_2_L.png,2,0,0.19035476735620593
test,multiview_plus_quality,5_732_2020-08-26_1_L.png,2,0,0.020347705949534077
test,multiview_plus_quality,3_102_2020-08-05_1_L.png,1,0,0.32265605217420473
test,multiview_plus_quality,3_102_2020-08-05_2_L.png,1,0,0.31044803224744366
test,multiview_plus_quality,3_102_2020-08-05_3_R.png,1,0,0.3734372761291179
test,multiview_plus_quality,5_642_2021-07-02_2_L.png,2,0,0.01277836657806239
test,multiview_plus_quality,5_642_2021-06-23_2_L.png,2,0,0.010150191087688935
test,multiview_plus_quality,5_642_2021-06-23_1_L.png,2,0,0.003631209296699804
test,multiview_plus_quality,1_2_2021-11-30_1_L.png,0,0,0.40793633385289074
test,multiview_plus_quality,1_2_2021-11-30_3_R.png,0,0,0.4613610621798072
test,multiview_plus_quality,1_2_2021-11-30_2_L.png,0,0,0.5285173770350671
test,multiview_plus_quality,2_19_2021-03-29_1_L.png,1,0,0.7454671111649687
test,multiview_plus_quality,2_19_2021-03-29_4_R.png,1,1,0.7269363207550006
test,multiview_plus_quality,2_19_2021-03-29_3_L.png,1,0,0.7730843872362666
test,multiview_plus_quality,3_155_2021-03-12_1_R.png,1,0,0.3779579132344336
test,multiview_plus_quality,3_155_2020-12-25_1_R.png,1,0,0.1866415288754118
test,multiview_plus_quality,3_155_2020-10-11_1_R.png,1,0,0.19389712438648715
test,multiview_plus_quality,1_188_2022-01-08_1_R.png,0,0,0.48681765283914386
test,multiview_plus_quality,1_188_2022-01-08_2_L.png,0,0,0.3474676882546295
test,multiview_plus_quality,1_188_2022-01-08_3_L.png,0,0,0.613496828881832
test,multiview_plus_quality,5_439_2022-05-17_2_R.png,1,0,0.5160665128918445
test,multiview_plus_quality,5_439_2022-06-06_7_L.png,2,0,0.025523155306516155
test,multiview_plus_quality,5_439_2022-05-17_1_L.png,2,0,0.008114842084916505
test,multiview_plus_quality,5_155_2022-02-13_3_L.png,1,0,0.4875090172445635
test,multiview_plus_quality,5_155_2022-02-13_1__L.png,2,0,0.00886723310874765
test,multiview_plus_quality,5_155_2022-02-13_2_R.png,2,0,0.01126813484493548
test,multiview_plus_quality,4_34_2021-06-07_2_R.png,1,0,0.47908501405579773
test,multiview_plus_quality,4_34_2021-05-22_1_R.png,1,0,0.39777353006463817
test,multiview_plus_quality,4_34_2021-06-07_1_L.png,1,0,0.45979142919783056
test,multiview_plus_quality,3_161_2021-05-18_2_L.png,1,0,0.21115893564330693
test,multiview_plus_quality,3_161_2021-05-18_1_L.png,1,0,0.23825208714514787
test,multiview_plus_quality,3_161_2021-05-18_3_R.png,1,0,0.2529644218689302
test,multiview_plus_quality,5_467_2021-10-16_3_R.png,1,0,0.714666926005665
test,multiview_plus_quality,5_467_2021-10-16_1_R.png,1,0,0.7183705205791919
test,multiview_plus_quality,5_467_2021-10-16_2_L.png,2,0,0.015903630726008706
test,multiview_plus_quality,2_149_2021-02-06_1_L.png,1,0,0.5310917604407159
test,multiview_plus_quality,2_149_2021-02-06_3_L.png,1,0,0.49641357644138284
test,multiview_plus_quality,2_149_2021-02-06_2_R.png,1,1,0.6975750642810581
test,multiview_plus_quality,5_139_2021-11-23_1_R.png,2,0,0.014527928328324235
test,multiview_plus_quality,5_139_2021-11-18_1_R.png,2,0,0.01844403169611468
test,multiview_plus_quality,5_139_2021-11-18_2_R.png,2,0,0.012260402744799942
test,multiview_plus_quality,5_490_2022-03-31_2_L.png,2,0,0.005739561112884857
test,multiview_plus_quality,5_490_2022-03-31_3_L.png,2,0,0.005726312848276506
test,multiview_plus_quality,5_490_2022-03-31_1_R.png,2,1,0.46541024433233424
test,multiview_plus_quality,5_158_2022-03-06_2_R.png,2,0,0.007020565098720786
test,multiview_plus_quality,5_158_2022-03-06_3_L.png,2,0,0.009583856866296498
test,multiview_plus_quality,5_158_2022-03-06_1_R.png,2,0,0.00708138866530805
test,multiview_plus_quality,5_573_2021-06-09_2_R.png,1,0,0.6356020753202452
test,multiview_plus_quality,5_573_2021-06-09_3_R.png,1,0,0.5019014173611269
test,multiview_plus_quality,5_573_2021-06-09_1_L.png,1,1,0.763300229993664
test,multiview_plus_quality,5_74_2018-11-29_3_L.png,2,0,0.46969236102148604
test,multiview_plus_quality,5_74_2018-12-04_1_L.png,2,0,0.32042758399155113
test,multiview_plus_quality,5_74_2018-11-29_2_L.png,2,0,0.19965583664131567
test,multiview_plus_quality,5_701_2021-07-25_2_R.png,2,0,0.38921975936387787
test,multiview_plus_quality,5_701_2021-07-25_3_L.png,2,0,0.3560561550239632
test,multiview_plus_quality,5_701_2021-07-25_1_R.png,2,0,0.3092309631451094
test,multiview_plus_quality,5_261_2021-05-29_1_R.png,1,0,0.4359377644579261
test,multiview_plus_quality,5_261_2021-05-29_2_L.png,1,0,0.35584530516765583
test,multiview_plus_quality,5_261_2021-06-11_1_R.png,1,0,0.2996153621469452
test,multiview_plus_quality,2_126_2019-07-03_3_R.png,1,1,0.7244194390611154
test,multiview_plus_quality,2_126_2019-07-03_1_L.png,1,0,0.5415533541799908
test,multiview_plus_quality,2_126_2019-07-03_2_R.png,1,1,0.913985141842433
test,multiview_plus_quality,5_442_2021-01-13_2_R.png,2,1,0.5900726906007854
test,multiview_plus_quality,5_442_2020-12-30_2_R.png,2,0,0.014459438480246507
test,multiview_plus_quality,5_442_2020-12-30_3_R.png,2,0,0.01775707605077774
test,multiview_plus_quality,5_67_2020-07-30_1_R.png,2,0,0.02939524383048343
test,multiview_plus_quality,5_67_2020-07-30_2_L.png,2,0,0.01288143073219722
test,multiview_plus_quality,5_67_2020-10-14_1_L.png,2,0,0.00930417377339134
test,multiview_plus_quality,4_95_2022-01-11_2_L.png,1,1,0.6450584070769382
test,multiview_plus_quality,4_95_2022-01-11_3_L.png,1,1,0.6152629845061011
test,multiview_plus_quality,4_95_2022-01-11_1_L.png,1,1,0.5374158469237881
test,multiview_plus_quality,1_111_2020-10-21_3_L.png,0,0,0.2988777213311274
test,multiview_plus_quality,1_111_2020-10-21_2_L.png,0,0,0.6709110774081394
test,multiview_plus_quality,1_111_2020-10-21_1_R.png,0,0,0.3781690720208514
test,multiview_plus_quality,4_94_2020-10-11_1_R.png,1,0,0.19389712438648715
test,multiview_plus_quality,4_94_2020-12-25_1_R.png,1,0,0.1866415288754118
test,multiview_plus_quality,4_94_2021-03-12_1_R.png,1,0,0.3779579132344336
test,multiview_plus_quality,1_68_2018-11-22_1_L.png,0,0,0.5759021540987311
test,multiview_plus_quality,1_68_2018-11-22_3_R.png,0,0,0.5516687008410227
test,multiview_plus_quality,1_68_2018-11-22_2_R.png,0,0,0.46477325950279585
test,multiview_plus_quality,3_54_2021-06-08_2_R.png,1,0,0.5723661686964876
test,multiview_plus_quality,3_54_2021-06-08_1_R.png,1,0,0.42467287433442713
test,multiview_plus_quality,3_54_2021-06-02_1_R.png,1,0,0.25960977340826263
test,multiview_plus_quality,5_597_2022-06-08_2_R.png,1,0,0.4303920210452188
test,multiview_plus_quality,5_597_2022-06-08_1_L.png,2,0,0.006524608961483035
test,multiview_plus_quality,5_597_2022-06-13_1_R.png,2,0,0.012096723036320856
test,multiview_plus_quality,5_366_2021-11-04_1_R.png,2,1,0.23980478302234806
test,multiview_plus_quality,5_366_2021-10-24_2_R.png,2,1,0.30389764045804957
test,multiview_plus_quality,5_366_2022-06-05_1_R.png,2,1,0.48095890351483134
test,multiview_plus_quality,3_73_2021-12-08_5_L.png,1,0,0.1888769116948551
test,multiview_plus_quality,3_73_2021-12-08_3_L.png,1,0,0.8482297381887831
test,multiview_plus_quality,3_73_2021-12-08_6_L.png,1,0,0.3135502057020418
test,multiview_plus_quality,5_329_2021-04-21_3_R.png,2,0,0.008255844238171509
test,multiview_plus_quality,5_329_2021-04-21_1_R.png,2,0,0.05490566324102177
test,multiview_plus_quality,5_329_2021-04-21_2_L.png,1,0,0.4830340680763769
test,multiview_plus_quality,1_55_2020-07-20_3_L.png,0,0,0.56705783645154
test,multiview_plus_quality,1_55_2020-07-20_1_R.png,0,0,0.7358388037106048
test,multiview_plus_quality,1_55_2020-07-20_2_L.png,0,0,0.17516631289591658
test,multiview_plus_quality,5_262_2021-10-21_1_L.png,1,1,0.5697103619669255
test,multiview_plus_quality,5_262_2021-10-21_5_L.png,2,0,0.008139476901013302
test,multiview_plus_quality,5_262_2021-10-21_3_L.png,2,1,0.7818003887869324
test,multiview_plus_quality,1_20_2022-04-10_2_R.png,0,0,0.34790453683134454
test,multiview_plus_quality,1_20_2022-04-10_3_L.png,0,0,0.46982799334047115
test,multiview_plus_quality,1_20_2022-04-10_1_L.png,0,0,0.4904822257051831
test,multiview_plus_quality,1_201_2020-07-19_1_R.png,0,0,0.5660819654291969
test,multiview_plus_quality,1_201_2020-07-19_2_L.png,0,0,0.5257974085196221
test,multiview_plus_quality,1_201_2020-07-19_3_L.png,0,0,0.6223412507450035
test,multiview_plus_quality,1_160_2021-01-14_2_L.png,0,0,0.4316186427553303
test,multiview_plus_quality,1_160_2021-01-14_1_R.png,0,0,0.7039055626118443
test,multiview_plus_quality,1_160_2021-01-14_3_L.png,0,0,0.6358517717700988
test,multiview_plus_quality,1_139_2021-11-26_3_R.png,0,0,0.3361038370368148
test,multiview_plus_quality,1_139_2021-11-26_1_L.png,0,0,0.4921134701178121
test,multiview_plus_quality,1_139_2021-11-26_2_L.png,0,0,0.9174905861682919
test,multiview_plus_quality,1_155_2020-09-30_1_R.png,0,0,0.6034704530430478
test,multiview_plus_quality,1_155_2020-09-30_2_R.png,0,0,0.4753670941937516
test,multiview_plus_quality,1_155_2020-09-30_3_R.png,0,0,0.5846712074877514
test,multiview_plus_quality,1_74_2020-05-07_1_R.png,0,0,0.0967904484745348
test,multiview_plus_quality,1_74_2020-01-08_1_R.png,0,0,0.4262089033651879
test,multiview_plus_quality,1_74_2020-05-07_2_R.png,0,0,0.6653685894383493
test,multiview_plus_quality,3_147_2020-10-20_4_R.png,1,0,0.5731787535058326
test,multiview_plus_quality,3_147_2020-10-20_2_L.png,1,0,0.3526229955119127
test,multiview_plus_quality,3_147_2020-10-20_3_L.png,1,0,0.36844632053706305
test,multiview_plus_quality,1_28_2020-11-11_1_R.png,0,0,0.344988866123119
test,multiview_plus_quality,1_28_2021-03-24_1_R.png,0,0,0.6362030311222733
test,multiview_plus_quality,1_28_2020-12-15_1_R.png,0,0,0.6945104272761174
test,multiview_plus_quality,1_18_2019-05-27_1_R.png,0,0,0.6701388936017776
test,multiview_plus_quality,1_18_2019-09-23_1_R.png,0,0,0.5813097349200665
test,multiview_plus_quality,1_18_2019-04-15_1_R.png,0,0,0.4372957075228639
test,multiview_plus_quality,5_373_2019-01-10_3_L.png,2,0,0.30825300871814837
test,multiview_plus_quality,5_373_2019-01-10_2_R.png,2,1,0.481853210277438
test,multiview_plus_quality,5_373_2019-01-10_1_R.png,2,1,0.26983968160268246
test,multiview_plus_quality,5_512_2020-10-27_4_L.png,1,0,0.4733430216503859
test,multiview_plus_quality,5_512_2020-10-27_2_L.png,1,0,0.4156099462925063
test,multiview_plus_quality,5_512_2019-12-04_1_L.png,1,0,0.560724347573089
test,multiview_plus_quality,3_77_2021-01-14_2_L.png,1,0,0.4346558197234539
test,multiview_plus_quality,3_77_2021-01-14_3_R.png,1,0,0.3238692994745447
test,multiview_plus_quality,3_77_2021-01-14_1_L.png,1,0,0.39108863611514905
test,multiview_plus_quality,4_38_2021-12-13_2_L.png,1,0,0.6116907118503698
test,multiview_plus_quality,4_38_2021-12-13_4_L.png,1,0,0.06303709033002416
test,multiview_plus_quality,4_38_2021-12-13_16_L.png,1,0,0.3932831515498219
test,multiview_plus_quality,5_727_2022-04-28_2_R.png,2,0,0.008826378000567257
test,multiview_plus_quality,5_727_2022-05-06_1_R.png,2,0,0.028303787926797407
test,multiview_plus_quality,5_727_2022-04-28_1_L.png,2,1,0.5107531124593926
test,multiview_plus_quality,5_429_2021-03-18_3_R.png,1,0,0.20404699720551975
test,multiview_plus_quality,5_429_2021-04-01_1_L.png,2,0,0.0060762074572712444
test,multiview_plus_quality,5_429_2021-04-01_3_L.png,2,0,0.004246782549939181
test,multiview_plus_quality,1_25_2019-02-09_2_L.png,0,0,0.8101757883644101
test,multiview_plus_quality,1_25_2019-02-09_3_L.png,0,0,0.9409551461092454
test,multiview_plus_quality,1_25_2019-02-09_1_R.png,0,0,0.1460413582463587
test,multiview_plus_quality,5_659_2019-04-30_4_R.png,2,0,0.22860259914208964
test,multiview_plus_quality,5_659_2019-04-30_2_R.png,2,0,0.22860259914208964
test,multiview_plus_quality,5_659_2019-05-30_1_R.png,2,1,0.6352125505152366
test,multiview_plus_quality,5_629_2020-12-01_1_R.png,2,1,0.32606793380472016
test,multiview_plus_quality,5_629_2020-11-25_2_R.png,2,0,0.2989469323929031
test,multiview_plus_quality,5_629_2020-11-25_1_R.png,2,1,0.27690683739670996
test,multiview_plus_quality,5_633_2021-10-18_3_R.png,1,0,0.23995986807493502
test,multiview_plus_quality,5_633_2021-10-18_2_R.png,1,0,0.15535187935367306
test,multiview_plus_quality,5_633_2021-10-13_1_R.png,1,0,0.32786159385783276
test,multiview_plus_quality,2_6_2021-12-23_1_L.png,1,0,0.49009428503219904
test,multiview_plus_quality,2_6_2021-12-23_3_R.png,1,1,0.6679075421170035
test,multiview_plus_quality,2_6_2021-12-23_2_R.png,1,1,0.6682310307800656
test,multiview_plus_quality,4_37_2019-07-12_2_L.png,1,0,0.5306169043952845
test,multiview_plus_quality,4_37_2019-07-12_3_R.png,1,0,0.40014579047283944
test,multiview_plus_quality,4_37_2019-07-12_1_L.png,1,0,0.30195122286680254
test,multiview_plus_quality,1_172_2020-11-23_1_L.png,0,0,0.385909586079177
test,multiview_plus_quality,1_172_2020-11-26_1_R.png,0,0,0.40133938678796305
test,multiview_plus_quality,1_172_2020-11-23_2_R.png,0,0,0.3869866855628212
test,multiview_plus_quality,1_50_2021-06-08_1_L.png,0,0,0.5634612257392057
test,multiview_plus_quality,1_50_2021-04-09_1_L.png,0,0,0.6073068087657962
test,multiview_plus_quality,1_50_2021-04-09_2_R.png,0,0,0.5290669060426857
test,multiview_plus_quality,5_59_2021-07-12_1_R.png,2,1,0.6179930992756304
test,multiview_plus_quality,5_59_2021-07-12_3_R.png,2,0,0.010003327911229936
test,multiview_plus_quality,5_59_2021-07-12_2_L.png,2,1,0.4587641484847985
test,multiview_plus_quality,4_13_2021-12-04_1_R.png,1,1,0.9828487721155109
test,multiview_plus_quality,4_13_2021-12-04_2_L.png,1,0,0.3439659039097747
test,multiview_plus_quality,4_13_2021-12-04_3_R.png,1,0,0.7641400322148267
test,multiview_plus_quality,1_149_2021-03-21_3_L.png,0,0,0.45714831524627914
test,multiview_plus_quality,1_149_2021-03-21_1_R.png,0,0,0.6018462333572578
test,multiview_plus_quality,1_149_2021-03-21_2_L.png,0,0,0.5435968886525282
test,multiview_plus_quality,3_6_2019-06-11_2_R.png,1,0,0.5401076790722588
test,multiview_plus_quality,3_6_2019-12-06_2_R.png,1,0,0.35157702376219097
test,multiview_plus_quality,3_6_2019-12-06_1_L.png,1,0,0.6788332339924557
test,multiview_plus_quality,1_64_2020-11-11_2_R.png,0,0,0.5726546880746898
test,multiview_plus_quality,1_64_2020-11-11_1_L.png,0,0,0.7189765107063774
test,multiview_plus_quality,4_90_2019-08-29_2_L.png,1,0,0.06365510906542757
test,multiview_plus_quality,4_90_2019-08-29_1_R.png,1,0,0.3621578793274707
test,multiview_plus_quality,2_121_2021-02-09_1_L.png,1,0,0.4894506901020519
test,multiview_plus_quality,2_121_2021-02-09_2_R.png,1,0,0.5891415922550763
test,multiview_plus_quality,2_134_2020-12-28_2_R.png,1,0,0.4661225616124825
test,multiview_plus_quality,2_134_2020-12-28_1_L.png,1,0,0.3775306860677033
test,multiview_plus_quality,5_180_2020-09-17_2_L.png,2,0,0.011992711854090224
test,multiview_plus_quality,5_180_2020-09-17_3_L.png,2,0,0.023869343776632385
test,multiview_plus_quality,1_91_2020-11-26_2_L.png,0,0,0.7369376151148087
test,multiview_plus_quality,1_91_2020-11-26_1_R.png,0,0,0.5210492470159374
test,multiview_plus_quality,5_345_2019-01-07_1_R.png,2,0,0.0399901574927389
test,multiview_plus_quality,5_345_2018-12-07_1_R.png,2,1,0.4237870997508134
test,multiview_plus_quality,1_156_2019-12-14_1_L.png,0,0,0.6735665930482752
test,multiview_plus_quality,1_156_2019-12-14_2_R.png,0,0,0.3659501228073485
test,multiview_plus_quality,1_89_2021-11-25_1_L.png,0,0,0.5514551917646977
test,multiview_plus_quality,1_89_2021-11-25_2_R.png,0,0,0.43770678691960385
test,multiview_plus_quality,3_154_2019-04-18_1_L.png,1,0,0.4016404565106393
test,multiview_plus_quality,3_154_2019-04-18_2_R.png,1,0,0.5024985446339246
test,multiview_plus_quality,1_159_2021-02-12_1_R.png,0,0,0.3567321247490422
test,multiview_plus_quality,1_159_2021-02-27_1_R.png,0,0,0.6063572355618907
test,multiview_plus_quality,1_198_2021-08-17_2_R.png,0,0,0.7363100826632251
test,multiview_plus_quality,1_198_2021-08-17_1_L.png,0,0,0.33709751233963897
test,multiview_plus_quality,4_4_2021-09-04_1_L.png,1,0,0.3287361863526656
test,multiview_plus_quality,4_4_2021-10-15_1_L.png,1,1,0.6285496907325103
test,multiview_plus_quality,3_37_2022-01-07_2_R.png,1,0,0.3846611828313815
test,multiview_plus_quality,3_37_2022-01-07_1_L.png,1,0,0.4288261279629017
test,multiview_plus_quality,1_128_2019-01-15_2_R.png,0,0,0.8296091520013812
test,multiview_plus_quality,1_128_2019-01-15_1_L.png,0,0,0.4096076357541207
test,multiview_plus_quality,1_144_2018-11-30_1_L.png,0,0,0.5379793583507916
test,multiview_plus_quality,1_144_2018-11-30_2_R.png,0,0,0.47936497355739066
test,multiview_plus_quality,1_97_2019-07-17_1_L.png,0,0,0.7709014199913078
test,multiview_plus_quality,1_97_2019-07-17_2_R.png,0,0,0.33511183953012175
test,multiview_plus_quality,4_84_2019-11-20_2_R.png,1,0,0.6806556737277677
test,multiview_plus_quality,4_84_2020-01-08_2_R.png,1,0,0.4118555284325517
test,multiview_plus_quality,1_127_2020-08-18_1_L.png,0,0,0.5656192162669944
test,multiview_plus_quality,1_127_2020-08-18_2_R.png,0,0,0.38285822630505983
test,multiview_plus_quality,2_28_2021-07-08_2_L.png,1,1,0.7819697552146462
test,multiview_plus_quality,2_28_2021-07-08_1_L.png,1,1,0.7084614770288493
test,multiview_plus_quality,2_186_2021-09-25_2_R.png,1,0,0.6290660757508398
test,multiview_plus_quality,2_186_2021-09-25_1_L.png,1,0,0.30801669237728
test,multiview_plus_quality,5_176_2021-11-11_1_R.png,2,0,0.013690140278669112
test,multiview_plus_quality,5_176_2021-11-11_2_R.png,2,0,0.02167693353264436
test,multiview_plus_quality,1_39_2019-11-11_1_R.png,0,0,0.6829606558040924
test,multiview_plus_quality,1_39_2019-11-11_2_L.png,0,0,0.6938023855968233
test,multiview_plus_quality,1_83_2020-12-05_1_L.png,0,0,0.485784266072509
test,multiview_plus_quality,1_83_2020-12-05_2_R.png,0,0,0.7818503093653307
test,multiview_plus_quality,1_54_2020-08-12_2_R.png,0,0,0.6341933971972371
test,multiview_plus_quality,1_54_2020-08-12_1_L.png,0,0,0.27894380168693994
test,multiview_plus_quality,4_35_2019-08-28_2_R.png,1,1,0.5259400654895239
test,multiview_plus_quality,4_35_2019-09-01_1_R.png,1,0,0.4823563132080893
test,multiview_plus_quality,4_42_2020-05-21_2_L.png,1,0,0.3912336402464395
test,multiview_plus_quality,4_42_2020-05-21_1_R.png,1,0,0.39421917008113744
test,multiview_plus_quality,5_385_2022-05-11_1_L.png,2,0,0.004381784352388192
test,multiview_plus_quality,5_385_2022-05-11_3_L.png,2,0,0.0061308750958515065
